{
    "0": {
        "question": "In humans, a hereditary disorder called xeroderma pigmentosum (XP) can result in the inability to repair ultraviolet damage to DNA. Which of the following molecular lesions is most likely to accrue in individuals with XP?\nChoose the best answer from the following options:\n0. Thymine dimers\n1. Deamination of cytosine\n2. Depurination\n3. Single strand DNA breaks\nAnswer: 0\n\nWhich of the following is true of organisms belonging to the kingdom Protista?\nChoose the best answer from the following options:\n0. They are eukaryotic.\n1. They include the cyanobacteria.\n2. They are heterotrophic.\n3. They possess cell walls composed of peptidoglycan.\nAnswer: ",
        "answer": 0
    },
    "1": {
        "question": "In the growth of a population, the point at which natality and mortality rates are equal to one another is referred to as\nChoose the best answer from the following options:\n0. a population crash\n1. a population explosion\n2. zero population growth\n3. exponential growth\nAnswer: 2\n\nWhich of the following facts was established prior to 1859, the year in which Charles Darwin published On the Origin of Species?\nChoose the best answer from the following options:\n0. DNA provides the macromolecular basis of heredity.\n1. Mendelian principles explain why some traits are dominant and others are recessive.\n2. Prokaryotes include two major domains, the Bacteria and the Archaea.\n3. There exist fossilized remains of species that have become extinct.\nAnswer: ",
        "answer": 3
    },
    "2": {
        "question": "Hybrids between some related species of plants are sterile because the parent plants had different chromosome numbers. Occasionally the chromosome number of such a hybrid plant doubles spontaneously. Which of the following best describes the descendants of those plants with the double chromosome number?\nChoose the best answer from the following options:\n0. The plant with the double chromosome number would be genetically defective and have no descendants.\n1. The descendants would be at a selective advantage because of the increased ability to introgress.\n2. The descendants would be reproductively successful because they could backcross with the parental species.\n3. The descendants would regain the ability to reproduce sexually because chromosomes could pair normally.\nAnswer: 3\n\nAn organism belonging to the nekton is which one of the following?\nChoose the best answer from the following options:\n0. Whale\n1. Barnacle\n2. Cyanobacterium\n3. Protist\nAnswer: ",
        "answer": 0
    },
    "3": {
        "question": "From an evolutionary perspective, the optimality theory as applied to a given trait is best represented by the idea that\nChoose the best answer from the following options:\n0. if the benefits gained from the trait exceed the cost of the trait to the animal performing them, that trait will persist in the genome\n1. if the trait reaps the best return for the cost relative to alternative forms of the trait, that trait will win out over the alternative forms\n2. beneficial traits are always worth the cost to the organism in energy and physiology, so those traits will persist in the genome\n3. the relative fitness of an organism must be improved due to a specific trait in order for the trait to remain in a population's gene pool\nAnswer: 1\n\nA female fruit fly bearing linked genes that produce the phenotype gray body and normal wings mates with a male fruit fly of phenotype black body and vestigial wings. The presence of gray-bodied, vestigialwinged flies among the progeny is best explained by\nChoose the best answer from the following options:\n0. crossing over\n1. independent assortment\n2. segregation of alleles\n3. penetrance\nAnswer: ",
        "answer": 0
    },
    "4": {
        "question": "Cellular uptake of cholesterol occurs through internalization of low density lipoproteincholesterol complexes. Cholesterol uptake involves all of the following EXCEPT\nChoose the best answer from the following options:\n0. cell-surface receptors\n1. adhesion plaques\n2. endosome formation\n3. receptor-mediated endocytosis\nAnswer: 1\n\nWhich of the following is a biological attribute that would most likely allow a species to become cosmopolitan in distribution?\nChoose the best answer from the following options:\n0. Extreme habitat specialization\n1. K-selected reproductive rate\n2. Limited dispersal abilities\n3. Capacity for long-distance dispersal\nAnswer: ",
        "answer": 3
    },
    "5": {
        "question": "The cell type comprising the pith tissue centered within a dicot stem is the\nChoose the best answer from the following options:\n0. parenchyma\n1. sclerenchyma\n2. vascular cambium\n3. vascular bundle\nAnswer: 0\n\nThe soils of which of the following biomes has the highest rate of leaching and cycling of nutrients?\nChoose the best answer from the following options:\n0. Tropical rain forest\n1. Tundra\n2. Taiga\n3. Desert\nAnswer: ",
        "answer": 0
    },
    "6": {
        "question": "In one taxonomic classification, Archaea, Eukarya, and Bacteria represent the three major domains of life. Eukarya utilize the general transcription factors TBP (TATA-binding protein) and TFIIB in transcription, whereas Bacteria do not. At least one member of Archaea has a protein similar to TBP and a protein similar to TFIIB. Based on this observation, which of the following scenarios is most likely?\nChoose the best answer from the following options:\n0. Archaea and Eukarya diverged after their common ancestor diverged from Bacteria.\n1. Archaea and Bacteria diverged after their common ancestor diverged from Eukarya.\n2. Bacteria and Eukarya diverged after their common ancestor diverged from Archaea.\n3. Archaea, Eukarya, and Bacteria diverged simultaneously from a common ancestor.\nAnswer: 0\n\nA rise in intracellular free calcium in the sea urchin oocyte causes the release of proteolytic enzymes which act to prevent polyspermy. The events just described entail the\nChoose the best answer from the following options:\n0. zona reaction\n1. acrosomal reaction\n2. cortical reaction\n3. fertilization reaction\nAnswer: ",
        "answer": 2
    },
    "7": {
        "question": "The Barr body found within female mammalian cells' nuclei is an example of\nChoose the best answer from the following options:\n0. euchromatin\n1. heterochromatin\n2. a cistron\n3. pseudogenes\nAnswer: 1\n\nWhich of the following statements concerning a sarcomere of a striated muscle (such as skeletal muscle) is correct?\nChoose the best answer from the following options:\n0. During contraction H zones become elongated.\n1. In the relaxed position tropomyosin impedes myosin's access to the binding site of actin.\n2. Each myosin helical tail contains an actinbinding site and an ATP-hydrolyzing site.\n3. The proteins troponin and tropomyosin constitute the thick and thin filaments, respectively.\nAnswer: ",
        "answer": 1
    },
    "8": {
        "question": "In order for the Hardy-Weinberg law to operate with respect to a population of organisms, each of the following conditions must be met EXCEPT:\nChoose the best answer from the following options:\n0. Genes are exchanged with other populations.\n1. Population size is large.\n2. Natural selection does not take place.\n3. Matings are random.\nAnswer: 0\n\nWhich of the following sources makes the greatest contribution to the dry mass of organic matter that comprises an oak tree?\nChoose the best answer from the following options:\n0. Organic molecules from decaying matter in the soil that are taken up by the roots\n1. Mineral nutrients dissolved in groundwater that are taken up by the roots\n2. Water that is taken up by the roots and carbon dioxide from the air\n3. Endosperm located in the cotyledons of the acorn\nAnswer: ",
        "answer": 2
    },
    "9": {
        "question": "Which of the following most accurately describes a retrotransposon?\nChoose the best answer from the following options:\n0. A DNA sequence that can move from one site in the genome to another without replicating\n1. A DNA sequence that can be deleted from the genome without consequence\n2. A DNA sequence that replicates via an RNA intermediate\n3. A DNA sequence that replicates via a protein intermediate\nAnswer: 2\n\nIn one taxonomic classification, Archaea, Eukarya, and Bacteria represent the three major domains of life. Eukarya utilize the general transcription factors TBP (TATA-binding protein) and TFIIB in transcription, whereas Bacteria do not. At least one member of Archaea has a protein similar to TBP and a protein similar to TFIIB. Based on this observation, which of the following scenarios is most likely?\nChoose the best answer from the following options:\n0. Archaea and Eukarya diverged after their common ancestor diverged from Bacteria.\n1. Archaea and Bacteria diverged after their common ancestor diverged from Eukarya.\n2. Bacteria and Eukarya diverged after their common ancestor diverged from Archaea.\n3. Archaea, Eukarya, and Bacteria diverged simultaneously from a common ancestor.\nAnswer: ",
        "answer": 0
    },
    "10": {
        "question": "Cellular uptake of cholesterol occurs through internalization of low density lipoproteincholesterol complexes. Cholesterol uptake involves all of the following EXCEPT\nChoose the best answer from the following options:\n0. cell-surface receptors\n1. adhesion plaques\n2. endosome formation\n3. receptor-mediated endocytosis\nAnswer: 1\n\nWhich of the following depicts the correct sequence of membranes of the chloroplast, beginning with the innermost membrane and ending with the outermost membrane?\nChoose the best answer from the following options:\n0. Thylakoid membrane, inner membrane, outer membrane\n1. Inner membrane, outer membrane, thylakoid membrane\n2. Outer membrane, inner membrane, thylakoid membrane\n3. Strama, outer membrane, inner membrane\nAnswer: ",
        "answer": 0
    },
    "11": {
        "question": "Hybrids between some related species of plants are sterile because the parent plants had different chromosome numbers. Occasionally the chromosome number of such a hybrid plant doubles spontaneously. Which of the following best describes the descendants of those plants with the double chromosome number?\nChoose the best answer from the following options:\n0. The plant with the double chromosome number would be genetically defective and have no descendants.\n1. The descendants would be at a selective advantage because of the increased ability to introgress.\n2. The descendants would be reproductively successful because they could backcross with the parental species.\n3. The descendants would regain the ability to reproduce sexually because chromosomes could pair normally.\nAnswer: 3\n\nThe ability of the brain to detect differences in stimulus intensity is best explained by the fact that which of the following varies with the stimulus intensity?\nChoose the best answer from the following options:\n0. The amplitude of the action potential\n1. The threshold potential\n2. The number of action potentials per second\n3. The number of synapses crossed\nAnswer: ",
        "answer": 2
    },
    "12": {
        "question": "A species of small rodent eats seeds from only one species of pine. In normal years, a pair of these rodents will have a litter of two or three. It is unusual for small rodents to have such small litter sizes. The rodents are most likely to exhibit which other characteristic?\nChoose the best answer from the following options:\n0. Moderate sexual size dimorphism\n1. High parental investment\n2. Precocial young\n3. Frequent extrapair matings\nAnswer: 1\n\nWhich of the following statements concerning the Golgi apparatus of a eukaryote is correct?\nChoose the best answer from the following options:\n0. It is oriented in the cytoplasm so that its cis face is closest to the endoplasmic reticulum.\n1. It is typically associated with small secretory vesicles located near its cis face.\n2. Its composite flattened cisternae are continuous with one another.\n3. Glycosylation of certain secretory proteins occurs prior to the protein's entry into its lumen.\nAnswer: ",
        "answer": 0
    },
    "13": {
        "question": "Which of the following is true of organisms belonging to the kingdom Protista?\nChoose the best answer from the following options:\n0. They are eukaryotic.\n1. They include the cyanobacteria.\n2. They are heterotrophic.\n3. They possess cell walls composed of peptidoglycan.\nAnswer: 0\n\nWhich of the following best explains how mutations in DNA can result in the expression of a new phenotype?\nChoose the best answer from the following options:\n0. A different polypeptide is produced.\n1. The polarity of tRNA becomes the opposite of that of DNA.\n2. Nucleic acids are methylated.\n3. The gene is now read in the 3\u2032 to 5\u2032 direction.\nAnswer: ",
        "answer": 0
    },
    "14": {
        "question": "Which of the following adaptations would limit pollination by bees and promote hummingbird pollination?\nChoose the best answer from the following options:\n0. Patterns of ultraviolet color on the petals\n1. Modified petals to provide a landing space\n2. Pendant (hanging) red-colored flowers\n3. Nectar with high sugar concentration produced in limited amounts\nAnswer: 2\n\nHybrids between some related species of plants are sterile because the parent plants had different chromosome numbers. Occasionally the chromosome number of such a hybrid plant doubles spontaneously. Which of the following best describes the descendants of those plants with the double chromosome number?\nChoose the best answer from the following options:\n0. The plant with the double chromosome number would be genetically defective and have no descendants.\n1. The descendants would be at a selective advantage because of the increased ability to introgress.\n2. The descendants would be reproductively successful because they could backcross with the parental species.\n3. The descendants would regain the ability to reproduce sexually because chromosomes could pair normally.\nAnswer: ",
        "answer": 3
    },
    "15": {
        "question": "Root pressure created by a plant's roots causes water to enter the roots by\nChoose the best answer from the following options:\n0. translocation\n1. adhesion\n2. osmosis\n3. capillary action\nAnswer: 2\n\nFungi participate in each of the following EXCEPT\nChoose the best answer from the following options:\n0. photosynthesis to produce glucose\n1. fermentation to produce alcohol\n2. association with humans to produce ringworm\n3. association with the roots of plants to form mycorrhizae\nAnswer: ",
        "answer": 0
    },
    "16": {
        "question": "An organism belonging to the nekton is which one of the following?\nChoose the best answer from the following options:\n0. Whale\n1. Barnacle\n2. Cyanobacterium\n3. Protist\nAnswer: 0\n\nA prokaryote that is thermophilic and methanogenic and has isoprenylglycerol ethers in its membrane instead of phospholipids is most likely\nChoose the best answer from the following options:\n0. a proteobacterium\n1. a spirochete\n2. a member of the genus Chlamydia\n3. an archaeon\nAnswer: ",
        "answer": 3
    },
    "17": {
        "question": "The cell type comprising the pith tissue centered within a dicot stem is the\nChoose the best answer from the following options:\n0. parenchyma\n1. sclerenchyma\n2. vascular cambium\n3. vascular bundle\nAnswer: 0\n\nIn an experiment, the first cleavage plane of an amphibian zygote was manipulated so that the gray crescent was contained in only one of the two blastomeres that result from the first cleavage. The two blastomeres were then separated. What is the expected fate of the blastomeres?\nChoose the best answer from the following options:\n0. The blastomere with the gray crescent will grow in size more quickly than the one without the gray crescent.\n1. The blastomere with the gray crescent will form a complete, but small, embryo.\n2. The blastomere without the gray crescent will form a complete, but small, embryo.\n3. The blastomere with the gray crescent will stop dividing and die before the second cleavage.\nAnswer: ",
        "answer": 1
    },
    "18": {
        "question": "Mimicry is a strategy that has evolved through natural selection to increase the fitness of organisms to their environment. Which of the following represents a form of Batesian mimicry?\nChoose the best answer from the following options:\n0. A type of millipede that is toxic to a toad is permanently avoided by the toad following the toad's initial attempt to consume it.\n1. A moth exhibits false eyes at its tail end in order to disorient predators.\n2. A moth exhibits nearly identical coloration to that of a stinging bee.\n3. A ground-nesting gull chick displays a coloration pattern that is nearly indistinguishable from its surroundings.\nAnswer: 2\n\nWhich of the following best explains how mutations in DNA can result in the expression of a new phenotype?\nChoose the best answer from the following options:\n0. A different polypeptide is produced.\n1. The polarity of tRNA becomes the opposite of that of DNA.\n2. Nucleic acids are methylated.\n3. The gene is now read in the 3\u2032 to 5\u2032 direction.\nAnswer: ",
        "answer": 0
    },
    "19": {
        "question": "In the presence of alcohol dehydrogenase, the rate of reduction of acetaldehyde to ethanol increases as the concentration of acetaldehyde is increased. Eventually, the rate of the reaction reaches a maximum, after which point further increases in the concentration of acetaldehyde have no effect. Which of the following is true at the maximal rate of reaction?\nChoose the best answer from the following options:\n0. Nearly all of the enzyme molecules are interacting with acetaldehyde molecules.\n1. The activation energy of the reaction decreases.\n2. The change in free energy of the reaction decreases.\n3. The enzyme is no longer specific for acetaldehyde.\nAnswer: 0\n\nMobile regions of DNA capable of inserting themselves into an existing genome are\nChoose the best answer from the following options:\n0. prions\n1. cistrons\n2. introns\n3. transposons\nAnswer: ",
        "answer": 3
    },
    "20": {
        "question": "Gene flow between populations results in\nChoose the best answer from the following options:\n0. an increase in genetic homogeneity in the metapopulation\n1. an increase in the rate of deleterious mutations in the metapopulation\n2. an increased likelihood of speciation\n3. disruption of Hardy-Weinberg equilibrium in the metapopulation\nAnswer: 0\n\nWhich of the following is a biological attribute that would most likely allow a species to become cosmopolitan in distribution?\nChoose the best answer from the following options:\n0. Extreme habitat specialization\n1. K-selected reproductive rate\n2. Limited dispersal abilities\n3. Capacity for long-distance dispersal\nAnswer: ",
        "answer": 3
    },
    "21": {
        "question": "Which of the following is a reason that geneticists use mitochondrial DNA (mtDNA) to study the relatedness of animal populations?\nChoose the best answer from the following options:\n0. mtDNA mutates at a slower rate than nuclear DNA.\n1. mtDNA is passed from mother to child and is free from recombination that occurs between pairs of chromosomes.\n2. There are few single nucleotide polymorphisms in the hypervariable, noncoding regions.\n3. All mitochondrial proteins are coded for by mitochondrial genes.\nAnswer: 1\n\nA fluorescent molecule of 1,000 daltons injected into one cell is observed to enter an adjacent cell by passing through a\nChoose the best answer from the following options:\n0. spot desmosome\n1. belt desmosome\n2. gap junction\n3. tight junction\nAnswer: ",
        "answer": 2
    },
    "22": {
        "question": "Annelids and arthropods are similar to each other in that members of both phyla\nChoose the best answer from the following options:\n0. have segmented bodies\n1. have a closed circulatory system\n2. conduct gas exchange by diffusion through a moist membrane\n3. have well-developed sense organs\nAnswer: 0\n\nThe Barr body found within female mammalian cells' nuclei is an example of\nChoose the best answer from the following options:\n0. euchromatin\n1. heterochromatin\n2. a cistron\n3. pseudogenes\nAnswer: ",
        "answer": 1
    },
    "23": {
        "question": "In one taxonomic classification, Archaea, Eukarya, and Bacteria represent the three major domains of life. Eukarya utilize the general transcription factors TBP (TATA-binding protein) and TFIIB in transcription, whereas Bacteria do not. At least one member of Archaea has a protein similar to TBP and a protein similar to TFIIB. Based on this observation, which of the following scenarios is most likely?\nChoose the best answer from the following options:\n0. Archaea and Eukarya diverged after their common ancestor diverged from Bacteria.\n1. Archaea and Bacteria diverged after their common ancestor diverged from Eukarya.\n2. Bacteria and Eukarya diverged after their common ancestor diverged from Archaea.\n3. Archaea, Eukarya, and Bacteria diverged simultaneously from a common ancestor.\nAnswer: 0\n\nImmunoglobulins having epsilon heavy chains and located on the plasma membranes of mast cells and basophilic leukocytes belong to the class of antibodies called\nChoose the best answer from the following options:\n0. IgE\n1. IgA\n2. IgD\n3. IgM\nAnswer: ",
        "answer": 0
    },
    "24": {
        "question": "Which of the following active pools of carbon is the largest on Earth and contributes the most to carbon cycling?\nChoose the best answer from the following options:\n0. The atmosphere\n1. Rain-forest vegetation\n2. Recoverable fossil fuels\n3. The oceans\nAnswer: 3\n\nIn order for the Hardy-Weinberg law to operate with respect to a population of organisms, each of the following conditions must be met EXCEPT:\nChoose the best answer from the following options:\n0. Genes are exchanged with other populations.\n1. Population size is large.\n2. Natural selection does not take place.\n3. Matings are random.\nAnswer: ",
        "answer": 0
    },
    "25": {
        "question": "How do cyanobacteria differ from green unicellular algae?\nChoose the best answer from the following options:\n0. Cyanobacteria reduce sulfur compounds.\n1. Cyanobacteria lack cell walls.\n2. Cyanobacteria have no nuclei.\n3. Green algae produce cell membranes.\nAnswer: 2\n\nThe polytene chromosomes seen in Drosophila silvarentis with the aid of a light microscope are\nChoose the best answer from the following options:\n0. not actively carrying out transcription\n1. produced only during mitosis\n2. produced by repeated rounds of DNA replication followed by nuclear division\n3. multiple copies of a single chromosome\nAnswer: ",
        "answer": 3
    },
    "26": {
        "question": "Which of the following best explains how mutations in DNA can result in the expression of a new phenotype?\nChoose the best answer from the following options:\n0. A different polypeptide is produced.\n1. The polarity of tRNA becomes the opposite of that of DNA.\n2. Nucleic acids are methylated.\n3. The gene is now read in the 3\u2032 to 5\u2032 direction.\nAnswer: 0\n\nWhich of the following is encoded by the src oncogene and catalyzes the specific addition of phosphate groups to cellular proteins?\nChoose the best answer from the following options:\n0. Protein phosphatase\n1. Adenylate cyclase\n2. G protein-linked receptor\n3. Tyrosine kinase\nAnswer: ",
        "answer": 3
    },
    "27": {
        "question": "The crouching of very young birds in response to a predator\u2019s shape overhead is an example of\nChoose the best answer from the following options:\n0. a conditioned response\n1. a fixed action pattern\n2. an imprinted behavior\n3. learned behavior\nAnswer: 1\n\nThe process in which pioneer species colonize a bare substrate such as rock, sand, or glacial till is known as\nChoose the best answer from the following options:\n0. weathering\n1. stabilizing succession\n2. secondary succession\n3. primary succession\nAnswer: ",
        "answer": 3
    },
    "28": {
        "question": "Which of the following is a correct statement about the cohesion-tension theory for the ascent of water in the xylem?\nChoose the best answer from the following options:\n0. The evaporation of water from leaf mesophyll cells generates tension in the water column.\n1. Water moves from a source region with high hydrostatic pressure to a sink region with low hydrostatic pressure.\n2. The cohesion of water molecules is responsible for the formation of embolisms (air bubbles) in the water column.\n3. Living cells of the xylem provide the main conduit for an ascent of water.\nAnswer: 0\n\nAll of the following environmental conditions increase the rate of transpiration from plants EXCEPT\nChoose the best answer from the following options:\n0. high temperature\n1. high relative humidity\n2. low relative humidity\n3. wind\nAnswer: ",
        "answer": 1
    },
    "29": {
        "question": "Cellular uptake of cholesterol occurs through internalization of low density lipoproteincholesterol complexes. Cholesterol uptake involves all of the following EXCEPT\nChoose the best answer from the following options:\n0. cell-surface receptors\n1. adhesion plaques\n2. endosome formation\n3. receptor-mediated endocytosis\nAnswer: 1\n\nAll of the following environmental conditions increase the rate of transpiration from plants EXCEPT\nChoose the best answer from the following options:\n0. high temperature\n1. high relative humidity\n2. low relative humidity\n3. wind\nAnswer: ",
        "answer": 1
    },
    "30": {
        "question": "A behavioral response called a fixed action pattern shown by animals\nChoose the best answer from the following options:\n0. occurs the second time an animal is exposed to the correct stimulus at the appropriate time in its life\n1. occurs in the absence of sensory feedback\n2. is a motor response which once released may be terminated spontaneously\n3. is triggered by a number of sensory signals in the animal's environment\nAnswer: 1\n\nMonoclonal antisera are distinguished from polyclonal antisera in which of the following ways?\nChoose the best answer from the following options:\n0. Each type of antibody in a monoclonal antiserum reacts against a single region of a single antigen; each type of antibody in a polyclonal antiserum reacts against multiple regions of different antigens.\n1. A monoclonal antibody reacts against multiple regions of a single antigen; a polyclonal antibody reacts against a single region of related antigens.\n2. A monoclonal antiserum contains antibodies secreted from the descendants of a single B lymphocyte; a polyclonal antiserum contains antibodies secreted from the descendants of different B lymphocytes.\n3. A monoclonal antiserum contains antibodies secreted from the descendants of a single B lymphocyte; a polyclonal antiserum contains antibodies secreted from the descendants of both B and T lymphocytes.\nAnswer: ",
        "answer": 2
    },
    "31": {
        "question": "Stabilization of the unique coiled structure of an alpha helix in a protein is primarily attributed to (A) hydrogen bonding between the peptide backbone atoms\nChoose the best answer from the following options:\n0. hydrogen bonding between the peptide backbone atoms\n1. disulfide bridges between cysteine side chains\n2. carbohydrate moieties attached to polar amino acids\n3. peptide linkages that covalently bond amino acids\nAnswer: 0\n\nWhich of the following characteristics is predicted for an early-successional plant community?\nChoose the best answer from the following options:\n0. High niche divergence among co-occurring species\n1. High ratios of primary production to standing-crop biomass\n2. High frequency of K-selected species\n3. High detrital biomass\nAnswer: ",
        "answer": 1
    },
    "32": {
        "question": "A prokaryote that is thermophilic and methanogenic and has isoprenylglycerol ethers in its membrane instead of phospholipids is most likely\nChoose the best answer from the following options:\n0. a proteobacterium\n1. a spirochete\n2. a member of the genus Chlamydia\n3. an archaeon\nAnswer: 3\n\nWhich of the following depicts the correct sequence of membranes of the chloroplast, beginning with the innermost membrane and ending with the outermost membrane?\nChoose the best answer from the following options:\n0. Thylakoid membrane, inner membrane, outer membrane\n1. Inner membrane, outer membrane, thylakoid membrane\n2. Outer membrane, inner membrane, thylakoid membrane\n3. Strama, outer membrane, inner membrane\nAnswer: ",
        "answer": 0
    },
    "33": {
        "question": "From an evolutionary perspective, the optimality theory as applied to a given trait is best represented by the idea that\nChoose the best answer from the following options:\n0. if the benefits gained from the trait exceed the cost of the trait to the animal performing them, that trait will persist in the genome\n1. if the trait reaps the best return for the cost relative to alternative forms of the trait, that trait will win out over the alternative forms\n2. beneficial traits are always worth the cost to the organism in energy and physiology, so those traits will persist in the genome\n3. the relative fitness of an organism must be improved due to a specific trait in order for the trait to remain in a population's gene pool\nAnswer: 1\n\nWhich of the following statements about embryonic cleavage is NOT true?\nChoose the best answer from the following options:\n0. The presence of yolk inhibits cleavage.\n1. Telolecithal eggs undergo meroblastic cleavage.\n2. The vegetal pole undergoes cleavage more readily than does the animal pole\n3. The rapid mitotic divisions of cleavage directly give rise to blastomeres.\nAnswer: ",
        "answer": 2
    },
    "34": {
        "question": "The polytene chromosomes seen in Drosophila silvarentis with the aid of a light microscope are\nChoose the best answer from the following options:\n0. not actively carrying out transcription\n1. produced only during mitosis\n2. produced by repeated rounds of DNA replication followed by nuclear division\n3. multiple copies of a single chromosome\nAnswer: 3\n\nA prokaryote that is thermophilic and methanogenic and has isoprenylglycerol ethers in its membrane instead of phospholipids is most likely\nChoose the best answer from the following options:\n0. a proteobacterium\n1. a spirochete\n2. a member of the genus Chlamydia\n3. an archaeon\nAnswer: ",
        "answer": 3
    },
    "35": {
        "question": "The ability of the brain to detect differences in stimulus intensity is best explained by the fact that which of the following varies with the stimulus intensity?\nChoose the best answer from the following options:\n0. The amplitude of the action potential\n1. The threshold potential\n2. The number of action potentials per second\n3. The number of synapses crossed\nAnswer: 2\n\nTwo xylem plant cell types that provide support and conduct water and minerals are the\nChoose the best answer from the following options:\n0. collenchyma and sclerenchyma\n1. sieve tube members and companion cells\n2. tracheids and vessel elements\n3. vessel elements and companion cells\nAnswer: ",
        "answer": 2
    },
    "36": {
        "question": "Mammals are homeostatic for all of the following EXCEPT\nChoose the best answer from the following options:\n0. body temperature\n1. blood glucose concentration\n2. blood pH\n3. metabolic rate\nAnswer: 3\n\nWhen an influenza virus enters a cell, it immediately starts to do which of the following?\nChoose the best answer from the following options:\n0. Incorporate viral DNA into the host cell\u2019s chromosome\n1. Destroy the host cell\u2019s transcriptional machinery\n2. Replicate its genetic material and synthesize viral proteins\n3. Use a viral copy of reverse transcriptase to manufacture viral DNA\nAnswer: ",
        "answer": 2
    },
    "37": {
        "question": "Phalloidin is a toxin made by the death cap mushroom. The toxin binds to actin subunits and disrupts actin function. Which of the following structures would be most directly affected by phalloidin?\nChoose the best answer from the following options:\n0. Intermediate filaments\n1. Collagen fibers\n2. Microfilaments\n3. Microtubules\nAnswer: 2\n\nA behavioral response called a fixed action pattern shown by animals\nChoose the best answer from the following options:\n0. occurs the second time an animal is exposed to the correct stimulus at the appropriate time in its life\n1. occurs in the absence of sensory feedback\n2. is a motor response which once released may be terminated spontaneously\n3. is triggered by a number of sensory signals in the animal's environment\nAnswer: ",
        "answer": 1
    },
    "38": {
        "question": "If the activity of an enzyme is constant over a broad range of pH values, it is likely that\nChoose the best answer from the following options:\n0. only ionizing groups on the enzyme participate in the reaction\n1. only ionizing groups on the substrate participate in the reaction\n2. ionizing groups on both the enzyme and substrate participate in the reaction\n3. no ionizing groups on the enzyme or substrate participate in the reaction\nAnswer: 3\n\nAggressive ants live in the swollen thorns of a small tropical tree and feed on oil-rich bodies that the tree produces at the tips of its leaflets. Which of the following experiments best tests the hypothesis that ants defend the plant by either killing or chasing away leaf-feeding insects?\nChoose the best answer from the following options:\n0. Remove ants and measure subsequent leaf damage.\n1. Remove oil-rich bodies and measure subsequent ant density.\n2. Remove the thorns and measure subsequent density of ants.\n3. Remove leaf-feeding insects and measure subsequent ant density.\nAnswer: ",
        "answer": 0
    },
    "39": {
        "question": "Cellular uptake of cholesterol occurs through internalization of low density lipoproteincholesterol complexes. Cholesterol uptake involves all of the following EXCEPT\nChoose the best answer from the following options:\n0. cell-surface receptors\n1. adhesion plaques\n2. endosome formation\n3. receptor-mediated endocytosis\nAnswer: 1\n\nThe first point of entry of water at the roots of a monocot plant is through the cytoplasm of cells of the\nChoose the best answer from the following options:\n0. root cap\n1. Casparian strip\n2. pericycle\n3. endoderm\nAnswer: ",
        "answer": 3
    },
    "40": {
        "question": "A stem-boring beetle has laid its eggs in the center of a 5-year-old wood twig, and the eggs have matured into larvae. In proper order (inside to outside), what tissues and tissue regions would the larvae encounter as they eat their way toward the outside of the twig? (For simplicity, assume that the epidermis has already fallen off completely.)\nChoose the best answer from the following options:\n0. Pith; primary xylem; secondary xylem; vascular cambium; primary phloem; secondary phloem; cortex\n1. Pith; secondary xylem; primary xylem; vascular cambium; secondary phloem; primary phloem; cortex\n2. Pith; secondary xylem; primary xylem; vascular cambium; primary phloem; secondary phloem; cortex\n3. Pith; primary xylem; secondary xylem; vascular cambium; secondary phloem; primary phloem; cortex\nAnswer: 3\n\nWhich of the following best explains why enzymes are effective in facilitating chemical reactions?\nChoose the best answer from the following options:\n0. They raise the temperature of the reaction mixture, thereby speeding up the conversion of reactants to products.\n1. They alter the equilibrium constant of a reaction (K_eq) so that more reactant can be converted to product.\n2. They increase the maximal rate of the chemical reaction (V_max).\n3. They lower the activation energy, thereby speeding up the conversion of reactants to products.\nAnswer: ",
        "answer": 3
    },
    "41": {
        "question": "A plant that grows along a trellis exhibits\nChoose the best answer from the following options:\n0. thigmotropism\n1. phototropism\n2. gravidotropism\n3. negative gravidotropism\nAnswer: 0\n\nIn humans, a hereditary disorder called xeroderma pigmentosum (XP) can result in the inability to repair ultraviolet damage to DNA. Which of the following molecular lesions is most likely to accrue in individuals with XP?\nChoose the best answer from the following options:\n0. Thymine dimers\n1. Deamination of cytosine\n2. Depurination\n3. Single strand DNA breaks\nAnswer: ",
        "answer": 0
    },
    "42": {
        "question": "Which of the following is encoded by the src oncogene and catalyzes the specific addition of phosphate groups to cellular proteins?\nChoose the best answer from the following options:\n0. Protein phosphatase\n1. Adenylate cyclase\n2. G protein-linked receptor\n3. Tyrosine kinase\nAnswer: 3\n\nProteins were shown to move about in a plane of the plasma membrane when mouse cellsurface proteins and human cell-surface proteins were observed to integrate along a fused mouse-human cell plasma membrane. Which of the following cell culture techniques was most likely employed in order to yield these results?\nChoose the best answer from the following options:\n0. Producing a heterokaryon\n1. Producing a hybrid cell\n2. Isolating an immortal variant cell from culture and using it to create a cell line\n3. Inserting a tumor-inducing virus into a normal cell to initiate transformation\nAnswer: ",
        "answer": 0
    },
    "43": {
        "question": "Root pressure created by a plant's roots causes water to enter the roots by\nChoose the best answer from the following options:\n0. translocation\n1. adhesion\n2. osmosis\n3. capillary action\nAnswer: 2\n\nIn order for the Hardy-Weinberg law to operate with respect to a population of organisms, each of the following conditions must be met EXCEPT:\nChoose the best answer from the following options:\n0. Genes are exchanged with other populations.\n1. Population size is large.\n2. Natural selection does not take place.\n3. Matings are random.\nAnswer: ",
        "answer": 0
    },
    "44": {
        "question": "In an experiment, the first cleavage plane of an amphibian zygote was manipulated so that the gray crescent was contained in only one of the two blastomeres that result from the first cleavage. The two blastomeres were then separated. What is the expected fate of the blastomeres?\nChoose the best answer from the following options:\n0. The blastomere with the gray crescent will grow in size more quickly than the one without the gray crescent.\n1. The blastomere with the gray crescent will form a complete, but small, embryo.\n2. The blastomere without the gray crescent will form a complete, but small, embryo.\n3. The blastomere with the gray crescent will stop dividing and die before the second cleavage.\nAnswer: 1\n\nWhich of the following agents will induce polyploidy in a dividing eukaryote?\nChoose the best answer from the following options:\n0. Penicillin\n1. Colchicine\n2. Tetracycline\n3. Puromycin\nAnswer: ",
        "answer": 1
    },
    "45": {
        "question": "Charles Darwin's proposed conditions for natural selection encompass all of the following with regard to a given population EXCEPT\nChoose the best answer from the following options:\n0. inheritance of both \"fit\" and \"unfit\" genes\n1. differential survival and reproductive success\n2. competition for limited resources\n3. overproduction of offspring\nAnswer: 0\n\nThe members of a bird species capable of nesting in treetops or on the ledges of nearby cliffs make their homes only in the treetops due to the established presence of a more aggressive bird species on the cliff ledges. With respect to habitat, the treetop-nesting birds are utilizing\nChoose the best answer from the following options:\n0. their fundamental niche only\n1. their realistic niche only\n2. their ecological niche only\n3. neither their fundamental niche nor their realistic niche\nAnswer: ",
        "answer": 1
    },
    "46": {
        "question": "All of the following might be found in connective tissue EXCEPT\nChoose the best answer from the following options:\n0. thrombin\n1. glycosaminoglycans\n2. collagens\n3. fibroblasts\nAnswer: 0\n\nWhich of the following must be true in order for evolution to have occurred?\nChoose the best answer from the following options:\n0. The frequencies of some alleles in a population's gene pool has changed over successive generations.\n1. The frequencies of some alleles in a population's gene pool has changed during the organisms' lifetimes.\n2. The frequencies of each allele in a population's gene pool has remained constant over successive generations.\n3. The frequencies of each allele in an organism's genotype has remained constant within the organism's lifetime.\nAnswer: ",
        "answer": 0
    },
    "47": {
        "question": "In plants, proton pumps are involved in the process of loading sugars into the phloem for transport. Which of the following is true about this process?\nChoose the best answer from the following options:\n0. It is passive.\n1. It depends on DNA.\n2. It requires ATP.\n3. It translocates starch.\nAnswer: 2\n\nIn the presence of alcohol dehydrogenase, the rate of reduction of acetaldehyde to ethanol increases as the concentration of acetaldehyde is increased. Eventually, the rate of the reaction reaches a maximum, after which point further increases in the concentration of acetaldehyde have no effect. Which of the following is true at the maximal rate of reaction?\nChoose the best answer from the following options:\n0. Nearly all of the enzyme molecules are interacting with acetaldehyde molecules.\n1. The activation energy of the reaction decreases.\n2. The change in free energy of the reaction decreases.\n3. The enzyme is no longer specific for acetaldehyde.\nAnswer: ",
        "answer": 0
    },
    "48": {
        "question": "Which of the following characteristics is predicted for an early-successional plant community?\nChoose the best answer from the following options:\n0. High niche divergence among co-occurring species\n1. High ratios of primary production to standing-crop biomass\n2. High frequency of K-selected species\n3. High detrital biomass\nAnswer: 1\n\nThe sight organs of crustaceans and insects contain ommatidia, which make up the individual visual units of the\nChoose the best answer from the following options:\n0. eyespot\n1. simple eye\n2. compound eye\n3. binocular eye\nAnswer: ",
        "answer": 2
    },
    "49": {
        "question": "Mammals are homeostatic for all of the following EXCEPT\nChoose the best answer from the following options:\n0. body temperature\n1. blood glucose concentration\n2. blood pH\n3. metabolic rate\nAnswer: 3\n\nThe ability of the brain to detect differences in stimulus intensity is best explained by the fact that which of the following varies with the stimulus intensity?\nChoose the best answer from the following options:\n0. The amplitude of the action potential\n1. The threshold potential\n2. The number of action potentials per second\n3. The number of synapses crossed\nAnswer: ",
        "answer": 2
    }
}