{
    "0": {
        "question": "Which of the following statements explains how a point mutation can have no negative impact in the protein formed from a sequence in DNA?\nChoose the best answer from the following options:\n0. The first codon of a gene is always AUG, a leader sequence; a mutation in that sequence will have no effect on the protein produced.\n1. Several codons code for the same amino acid.\n2. DNA polymerase and DNA ligase carry out excision repair before transcription.\n3. RNA processing will repair point mutations before mRNA leaves the nucleus.\nAnswer: 1\n\nWhich of the following best explains why enzymes are effective in facilitating chemical reactions?\nChoose the best answer from the following options:\n0. They raise the temperature of the reaction mixture, thereby speeding up the conversion of reactants to products.\n1. They alter the equilibrium constant of a reaction (K_eq) so that more reactant can be converted to product.\n2. They increase the maximal rate of the chemical reaction (V_max).\n3. They lower the activation energy, thereby speeding up the conversion of reactants to products.\nAnswer: 3\n\nThe acrosome and cortical reactions that occur immediately after fertilization ensure which of the following?\nChoose the best answer from the following options:\n0. The sperm will fertilize the ovum.\n1. The zygote will begin to divide normally.\n2. One and only one sperm will fertilize the egg.\n3. The zygote will not divide into two embryos, producing twins.\nAnswer: 2\n\nWhich of the following is the correct anatomical order of structures in the mammalian female reproductive tract?\nChoose the best answer from the following options:\n0. Oviduct, uterus, rete, vagina\n1. Oviduct, epididymis, uterus, vagina\n2. Ovary, oviduct, uterus, vagina\n3. Ovary, uterus, vagina, rete\nAnswer: ",
        "answer": 2
    },
    "1": {
        "question": "You are told that in a population of guinea pigs, 4 percent are black (recessive) and 96 percent are brown. Which of the following is the frequency of the heterozygous condition?\nChoose the best answer from the following options:\n0. 16 percent\n1. 32 percent\n2. 40 percent\n3. 48 percent\nAnswer: 1\n\nExperiments on song development in birds have shown that when a young male reared in isolation hears only the song of a different bird species, he will develop an adult song repertoire that lacks certain characteristics typical of his own species. This result shows that the song of his species is most likely\nChoose the best answer from the following options:\n0. entirely learned during development\n1. entirely instinctive\n2. both instinctive and learned\n3. dependent upon hormones for proper development\nAnswer: 2\n\nWhich of the following is a property that is shared by Zika fever\u201a West Nile fever\u201a and malaria?\nChoose the best answer from the following options:\n0. The diseases are caused by viruses.\n1. The diseases occur only in individuals who visit or live in tropical countries.\n2. The pathogens that cause the diseases have developed resistance to antibiotics.\n3. The pathogens that cause the diseases are primarily transmitted by the bite of an infected mosquito.\nAnswer: 3\n\nIn an experiment, the first cleavage plane of an amphibian zygote was manipulated so that the gray crescent was contained in only one of the two blastomeres that result from the first cleavage. The two blastomeres were then separated. What is the expected fate of the blastomeres?\nChoose the best answer from the following options:\n0. The blastomere with the gray crescent will grow in size more quickly than the one without the gray crescent.\n1. The blastomere with the gray crescent will form a complete, but small, embryo.\n2. The blastomere without the gray crescent will form a complete, but small, embryo.\n3. The blastomere with the gray crescent will stop dividing and die before the second cleavage.\nAnswer: ",
        "answer": 1
    },
    "2": {
        "question": "Which of the following best explains how mutations in DNA can result in the expression of a new phenotype?\nChoose the best answer from the following options:\n0. A different polypeptide is produced.\n1. The polarity of tRNA becomes the opposite of that of DNA.\n2. Nucleic acids are methylated.\n3. The gene is now read in the 3\u2032 to 5\u2032 direction.\nAnswer: 0\n\nWhich of the following best explains why a population is described as the evolutionary unit?\nChoose the best answer from the following options:\n0. Genetic changes can only occur at the population level.\n1. The gene pool in a population remains fixed over time.\n2. Natural selection affects individuals, not populations.\n3. Individuals cannot evolve, but populations can.\nAnswer: 3\n\nWhich of the following principles is NOT part of Darwin's theory of evolution by natural selection?\nChoose the best answer from the following options:\n0. Evolution is a gradual process that occurs over a long period of time.\n1. Every population has tremendous variation.\n2. Mutations are the main source of all variation in a population.\n3. Organisms will overpopulate area, giving rise to competition.\nAnswer: 2\n\nMouse sperm contain receptor proteins that bind to a glycoprotein (ZP3) in the zona pellucida of mouse eggs. Binding of ZP3 receptors to ZP3 initiates the sperm\u2019s acrosomal reaction. All of the following experimental observations would be expected EXCEPT:\nChoose the best answer from the following options:\n0. Injecting eggs with antibodies that bind to ZP3 blocks in vitro fertilization.\n1. Incubating sperm with purified ZP3 prior to mixing sperm and eggs blocks in vitro fertilization.\n2. Incubating eggs with antibodies that bind to ZP3 blocks in vitro fertilization.\n3. Coating synthetic beads with a different glycoprotein, ZP2, fails to lead to sperm aggregation on the beads.\nAnswer: ",
        "answer": 0
    },
    "3": {
        "question": "A fluorescent molecule of 1,000 daltons injected into one cell is observed to enter an adjacent cell by passing through a\nChoose the best answer from the following options:\n0. spot desmosome\n1. belt desmosome\n2. gap junction\n3. tight junction\nAnswer: 2\n\nThis biome contains trees that drop their leaves during the winter months.\nChoose the best answer from the following options:\n0. Desert\n1. Tundra\n2. Taiga\n3. Deciduous forests\nAnswer: 3\n\nIn a certain pond, there are long-finned fish and short-finned fish. A horrific summer thunderstorm leads to the death of a disproportionate number of long-finned fish to the point where the relative frequency of the two forms has drastically shifted. This is an example of\nChoose the best answer from the following options:\n0. gene flow.\n1. natural selection.\n2. genetic drift.\n3. stabilizing selection.\nAnswer: 2\n\nThe ability of the brain to detect differences in stimulus intensity is best explained by the fact that which of the following varies with the stimulus intensity?\nChoose the best answer from the following options:\n0. The amplitude of the action potential\n1. The threshold potential\n2. The number of action potentials per second\n3. The number of synapses crossed\nAnswer: ",
        "answer": 2
    },
    "4": {
        "question": "A rooster with gray feathers and a hen with the same phenotype produce 17 gray, 7 black, and 8 white chicks. What is the simplest explanation for the inheritance of these colors in chickens?\nChoose the best answer from the following options:\n0. The trait for gray is epistatic over the trait for black.\n1. The trait for gray is epistatic over the trait for white.\n2. The traits for black and white color demonstrate incomplete dominance.\n3. The traits for black and white color demonstrate codominance.\nAnswer: 2\n\nA certain autosomal recessive trait is expressed in 1% of a population. Assuming that the population is in Hardy-Weinberg equilibrium, what percent of the population are carriers but do not express the trait?\nChoose the best answer from the following options:\n0. 10%\n1. 18%\n2. 27%\n3. 50%\nAnswer: 1\n\nThe target of digestion of a nucleosome dimer to nucleosome monomers by DNase is\nChoose the best answer from the following options:\n0. the H1 histone\n1. histones H2A, H2B, H3, and H4\n2. the nucleosome core\n3. linker DNA\nAnswer: 3\n\nIn the presence of alcohol dehydrogenase, the rate of reduction of acetaldehyde to ethanol increases as the concentration of acetaldehyde is increased. Eventually, the rate of the reaction reaches a maximum, after which point further increases in the concentration of acetaldehyde have no effect. Which of the following is true at the maximal rate of reaction?\nChoose the best answer from the following options:\n0. Nearly all of the enzyme molecules are interacting with acetaldehyde molecules.\n1. The activation energy of the reaction decreases.\n2. The change in free energy of the reaction decreases.\n3. The enzyme is no longer specific for acetaldehyde.\nAnswer: ",
        "answer": 0
    },
    "5": {
        "question": "Transcription-affecting DNA region that may be located thousands of basepairs away from the promoter.\nChoose the best answer from the following options:\n0. Enhancer\n1. Repressor\n2. Operator\n3. Promoter\nAnswer: 0\n\nWhich of the following plant cells undergoes programmed cell death to become functional?\nChoose the best answer from the following options:\n0. Phloem sieve tube member\n1. Xylem vessel member\n2. Stomatal guard cell\n3. Root cap cell\nAnswer: 1\n\nWarning coloration adopted by animals that possess a chemical defense mechanism.\nChoose the best answer from the following options:\n0. Aposomatic coloration\n1. Batesian mimicry\n2. Deceptive markings\n3. Cryptic coloration\nAnswer: 0\n\nCancer cells grown in culture are similar to normal cells grown in culture in that they\nChoose the best answer from the following options:\n0. divide an indefinite number of times\n1. do not display contact inhibition\n2. require a surface for attachment in order to grow\n3. proliferate to the same cell density\nAnswer: ",
        "answer": 2
    },
    "6": {
        "question": "Two trees of the same species growing close together will use the same resources, such as light, water, and nutrients. If any of these resources becomes limiting, then each tree will receive less of it than if the trees were growing farther apart. This scenario is an example of which of the following?\nChoose the best answer from the following options:\n0. Parasitism\n1. Commensalism\n2. Natural selection\n3. Intraspecific competition\nAnswer: 3\n\nWhich aspects of cell structure best reveals the unity of all life?\nChoose the best answer from the following options:\n0. All cells are surrounded by a plasma membrane.\n1. All cells have at least one nucleus.\n2. All cells carry out cellular respiration in mitochondria.\n3. The surface-to-volume ratio of all cells is the same.\nAnswer: 0\n\nAmong primates, a high degree of sexual dimorphism in a species usually indicates intense competition between\nChoose the best answer from the following options:\n0. males in order to obtain individual food resources\n1. males in order to obtain mates\n2. females in order to obtain individual food resources\n3. females in order to obtain mates\nAnswer: 1\n\nHybrids between some related species of plants are sterile because the parent plants had different chromosome numbers. Occasionally the chromosome number of such a hybrid plant doubles spontaneously. Which of the following best describes the descendants of those plants with the double chromosome number?\nChoose the best answer from the following options:\n0. The plant with the double chromosome number would be genetically defective and have no descendants.\n1. The descendants would be at a selective advantage because of the increased ability to introgress.\n2. The descendants would be reproductively successful because they could backcross with the parental species.\n3. The descendants would regain the ability to reproduce sexually because chromosomes could pair normally.\nAnswer: ",
        "answer": 3
    },
    "7": {
        "question": "When we say that an individual organism has a greater fitness than another individual, we specifically mean that the organism\nChoose the best answer from the following options:\n0. lives longer than others of its species.\n1. competes for resources more successfully than others of its species.\n2. mates more frequently than others of its species.\n3. leaves more viable offspring than others of its species.\nAnswer: 3\n\nThe crouching of very young birds in response to a predator\u2019s shape overhead is an example of\nChoose the best answer from the following options:\n0. a conditioned response\n1. a fixed action pattern\n2. an imprinted behavior\n3. learned behavior\nAnswer: 1\n\nThe major difference between cartilage and bone is that cartilage\nChoose the best answer from the following options:\n0. is a part of the skeletal system\n1. is composed of collagen and salts\n2. lacks blood vessels and nerves\n3. secretes a matrix\nAnswer: 2\n\nFungi participate in each of the following EXCEPT\nChoose the best answer from the following options:\n0. photosynthesis to produce glucose\n1. fermentation to produce alcohol\n2. association with humans to produce ringworm\n3. association with the roots of plants to form mycorrhizae\nAnswer: ",
        "answer": 0
    },
    "8": {
        "question": "When an influenza virus enters a cell, it immediately starts to do which of the following?\nChoose the best answer from the following options:\n0. Incorporate viral DNA into the host cell\u2019s chromosome\n1. Destroy the host cell\u2019s transcriptional machinery\n2. Replicate its genetic material and synthesize viral proteins\n3. Use a viral copy of reverse transcriptase to manufacture viral DNA\nAnswer: 2\n\nWhen oxygen becomes unavailable, this process regenerates NAD+, allowing respiration to continue.\nChoose the best answer from the following options:\n0. Glycolysis\n1. Chemiosmosis\n2. Fermentation\n3. Calvin cycle\nAnswer: 2\n\nWhich of the following is the source of oxygen produced during photosynthesis?\nChoose the best answer from the following options:\n0. H2O\n1. H2O2\n2. CO2\n3. CO\nAnswer: 0\n\nA marine ecosystem region characterized by penetrance of solar radiation and upwelling of nutrients is the\nChoose the best answer from the following options:\n0. bathyl zone\n1. neritic zone\n2. pelagic zone\n3. benthyl zone\nAnswer: ",
        "answer": 1
    },
    "9": {
        "question": "In cells, which of the following can catalyze reactions involving hydrogen peroxide, provide cellular energy, and make proteins, in that order?\nChoose the best answer from the following options:\n0. Peroxisomes, mitochondria, and ribosomes\n1. Peroxisomes, mitochondria, and lysosomes\n2. Peroxisomes, mitochondria, and Golgi apparatus\n3. Lysosomes, chloroplasts, and ribosomes\nAnswer: 0\n\nIn the growth of a population, the point at which natality and mortality rates are equal to one another is referred to as\nChoose the best answer from the following options:\n0. a population crash\n1. a population explosion\n2. zero population growth\n3. exponential growth\nAnswer: 2\n\nIt has been observed that organisms on islands are different from, but closely related to, similar forms found on the nearest continent. This is taken as evidence that\nChoose the best answer from the following options:\n0. 0\n1. common environments are inhabited by the same organisms.\n2. the islands were originally part of the continent.\n3. the island forms and mainland forms are converging.\nAnswer: 0\n\nMany marine birds drink seawater yet maintain their internal osmolarity at a constant level that is hypoosmotic to seawater. Which of the following physiological strategies best explains how the birds maintain their tissue osmolarity?\nChoose the best answer from the following options:\n0. Marine birds absorb water from the environment through specialized salt-exchange glands and produce large volumes of dilute urine in the kidneys.\n1. Marine birds absorb salts from the environment through specialized salt-exchange glands and produce large volumes of concentrated urine in the kidneys.\n2. Marine birds excrete salts through specialized salt-exchange glands and excrete small volumes of urine.\n3. Marine birds excrete salts and nitrogenous wastes through specialized nasal glands.\nAnswer: ",
        "answer": 2
    },
    "10": {
        "question": "A rise in intracellular free calcium in the sea urchin oocyte causes the release of proteolytic enzymes which act to prevent polyspermy. The events just described entail the\nChoose the best answer from the following options:\n0. zona reaction\n1. acrosomal reaction\n2. cortical reaction\n3. fertilization reaction\nAnswer: 2\n\nWhich of the following statements about trypsin is NOT true?\nChoose the best answer from the following options:\n0. It is an organic compound made of proteins.\n1. It is a catalyst that alters the rate of a reaction.\n2. It is operative over a wide pH range.\n3. The rate of catalysis is affected by the concentration of substrate.\nAnswer: 2\n\nOnce a plasmid has incorporated specific genes, such as the gene coding for the antibiotic ampicillin, into its genome, the plasmid may be cloned by\nChoose the best answer from the following options:\n0. inserting it into a virus to generate multiple copies\n1. treating it with a restriction enzyme in order to cut the molecule into small pieces\n2. inserting it into a suitable bacterium in order to produce multiple copies\n3. running it on a gel electrophoresis in order to determine the size of the gene of interest\nAnswer: 2\n\nThe Barr body found within female mammalian cells' nuclei is an example of\nChoose the best answer from the following options:\n0. euchromatin\n1. heterochromatin\n2. a cistron\n3. pseudogenes\nAnswer: ",
        "answer": 1
    },
    "11": {
        "question": "Hybrids between some related species of plants are sterile because the parent plants had different chromosome numbers. Occasionally the chromosome number of such a hybrid plant doubles spontaneously. Which of the following best describes the descendants of those plants with the double chromosome number?\nChoose the best answer from the following options:\n0. The plant with the double chromosome number would be genetically defective and have no descendants.\n1. The descendants would be at a selective advantage because of the increased ability to introgress.\n2. The descendants would be reproductively successful because they could backcross with the parental species.\n3. The descendants would regain the ability to reproduce sexually because chromosomes could pair normally.\nAnswer: 3\n\nWhich of the following statements is correct?\nChoose the best answer from the following options:\n0. Water flows from hypertonic to hypotonic.\n1. Germinating seeds use less oxygen than do nongerminating seeds.\n2. The rate of transpiration decreases with an increase in air movement.\n3. Smaller DNA fragments migrate more rapidly than do larger DNA fragments on gel electrophoresis.\nAnswer: 3\n\nWhich describes brightly colored peacocks mating more frequently than drab peacocks?\nChoose the best answer from the following options:\n0. artificial selection\n1. directional selection\n2. stabilizing selection\n3. sexual selection\nAnswer: 3\n\nWhich of the following statements is true of air as compared to water?\nChoose the best answer from the following options:\n0. Air provides more physical support.\n1. Air has a higher O2 concentration.\n2. Air offers more resistance to motion.\n3. Air has more thermal inertia.\nAnswer: ",
        "answer": 1
    },
    "12": {
        "question": "If neutral variation is truly \"neutral,\" then it should have no effect on\nChoose the best answer from the following options:\n0. nucleotide diversity.\n1. average heterozygosity.\n2. our ability to measure the rate of evolution.\n3. relative fitness.\nAnswer: 3\n\nThis process couples the production of ATP with the movement of electrons down the electron transport chain by harnessing the driving force created by a proton gradient.\nChoose the best answer from the following options:\n0. Glycolysis\n1. Chemiosmosis\n2. Fermentation\n3. Calvin cycle\nAnswer: 1\n\nAll of the following environmental conditions increase the rate of transpiration from plants EXCEPT\nChoose the best answer from the following options:\n0. high temperature\n1. high relative humidity\n2. low relative humidity\n3. wind\nAnswer: 1\n\nWhich of the following characteristics distinguishes angiosperms from gymnosperms?\nChoose the best answer from the following options:\n0. Perennial growth\n1. True roots\n2. Apical growth\n3. Seeds enclosed in ovaries\nAnswer: ",
        "answer": 3
    },
    "13": {
        "question": "The following pairs were placed in solution together. Which two could be separated by performing low-speed centrifugation?\nChoose the best answer from the following options:\n0. DNA and mRNA\n1. Nuclei and secretory vesicles\n2. Golgi apparatus and endoplasmic reticulum\n3. Lysosomes and endosomes\nAnswer: 1\n\nAll of the following are stimulated by the sympathetic nervous system EXCEPT\nChoose the best answer from the following options:\n0. dilation of the pupil of the eye\n1. constriction of blood vessels\n2. increased secretion of the sweat glands\n3. increased peristalsis in the gastrointestinal tract\nAnswer: 3\n\nNatural selection changes allele frequencies in populations because some ____ survive and reproduce more successfully than others.\nChoose the best answer from the following options:\n0. alleles\n1. loci\n2. gene pools\n3. individuals\nAnswer: 3\n\nFungi participate in each of the following EXCEPT\nChoose the best answer from the following options:\n0. photosynthesis to produce glucose\n1. fermentation to produce alcohol\n2. association with humans to produce ringworm\n3. association with the roots of plants to form mycorrhizae\nAnswer: ",
        "answer": 0
    },
    "14": {
        "question": "When an influenza virus enters a cell, it immediately starts to do which of the following?\nChoose the best answer from the following options:\n0. Incorporate viral DNA into the host cell\u2019s chromosome\n1. Destroy the host cell\u2019s transcriptional machinery\n2. Replicate its genetic material and synthesize viral proteins\n3. Use a viral copy of reverse transcriptase to manufacture viral DNA\nAnswer: 2\n\nIn a hypothetical population's gene pool, an autosomal gene, which had previously been fixed, undergoes a mutation that introduces a new allele, one inherited according to incomplete dominance. Natural selection then causes stabilizing selection at this locus. Consequently, what should happen over the course of many generations?\nChoose the best answer from the following options:\n0. The proportions of both types of homozygote should decrease.\n1. The proportion of the population that is heterozygous at this locus should remain constant.\n2. The population's average heterozygosity should increase.\n3. Both A and C\nAnswer: 3\n\nIn a hypothetical environment, fishes called pike-cichlids are visual predators of algae-eating fish (i.e., they locate their prey by sight). If a population of algae-eaters experiences predation pressure from pike-cichlids, which of the following should least likely be observed in the algae-eater population over the course of many generations?\nChoose the best answer from the following options:\n0. Selection for drab coloration of the algae-eaters\n1. Selection for nocturnal algae-eaters (active only at night)\n2. Selection for larger female algae-eaters, bearing broods composed of more, and larger, young\n3. Selection for algae-eaters that become sexually mature at smaller overall body sizes\nAnswer: 2\n\nA plant that grows along a trellis exhibits\nChoose the best answer from the following options:\n0. thigmotropism\n1. phototropism\n2. gravidotropism\n3. negative gravidotropism\nAnswer: ",
        "answer": 0
    },
    "15": {
        "question": "Cellular uptake of cholesterol occurs through internalization of low density lipoproteincholesterol complexes. Cholesterol uptake involves all of the following EXCEPT\nChoose the best answer from the following options:\n0. cell-surface receptors\n1. adhesion plaques\n2. endosome formation\n3. receptor-mediated endocytosis\nAnswer: 1\n\nIn a population of giraffes, an environmental change occurs that favors individuals that are tallest. As a result, more of the taller individuals are able to obtain nutrients and survive to pass along their genetic information. This is an example of\nChoose the best answer from the following options:\n0. directional selection.\n1. stabilizing selection.\n2. sexual selection.\n3. disruptive selection.\nAnswer: 0\n\nA researcher grows a population of ferns in her laboratory. She notices, after a few generations, a new variant that has a distinct phenotype. When she tries to breed the original phenotype with the new one, no offspring are produced. When she breeds the new variants, however, offspring that look like the new variant result. Which of the following could possibly characterize the new variant?\nChoose the best answer from the following options:\n0. Adaptive radiation\n1. Divergent selection\n2. Equilibrium\n3. Polyploidy\nAnswer: 3\n\nThe wings of a bat and the wings of a butterfly are\nChoose the best answer from the following options:\n0. homologous structures\n1. analogous structures\n2. vestigial structures\n3. dissimilar in form and function\nAnswer: ",
        "answer": 1
    },
    "16": {
        "question": "Photosynthesis requires\nChoose the best answer from the following options:\n0. glucose, light, CO2\n1. light, CO2, water\n2. water, soil, O2\n3. O2, water, light\nAnswer: 1\n\nGene flow between populations results in\nChoose the best answer from the following options:\n0. an increase in genetic homogeneity in the metapopulation\n1. an increase in the rate of deleterious mutations in the metapopulation\n2. an increased likelihood of speciation\n3. disruption of Hardy-Weinberg equilibrium in the metapopulation\nAnswer: 0\n\nEnergy is harvested during cellular respiration in stages. Which of the following correctly states which phase of cellular respiration harvests the most energy and the correct explanation why?\nChoose the best answer from the following options:\n0. The most energy is released during the Krebs cycle because it is here that pyruvate is completely broken down into CO2.\n1. The most energy is released during the Krebs cycle because in addition to the production of ATP, both FADH2 and NADH are produced. Each of those molecules will release 2 ATPs and 3 ATPs, respectively.\n2. The most energy is released during oxidative phosphorylation because in addition to the phosphorylation of ADP into ATP, all the potential energy held in NADH and FADH is transferred to ATP.\n3. The most energy is released during oxidative phosphorylation because H2O is completely broken down into H+ and O2.\nAnswer: 2\n\nWhen an influenza virus enters a cell, it immediately starts to do which of the following?\nChoose the best answer from the following options:\n0. Incorporate viral DNA into the host cell\u2019s chromosome\n1. Destroy the host cell\u2019s transcriptional machinery\n2. Replicate its genetic material and synthesize viral proteins\n3. Use a viral copy of reverse transcriptase to manufacture viral DNA\nAnswer: ",
        "answer": 2
    },
    "17": {
        "question": "The target of digestion of a nucleosome dimer to nucleosome monomers by DNase is\nChoose the best answer from the following options:\n0. the H1 histone\n1. histones H2A, H2B, H3, and H4\n2. the nucleosome core\n3. linker DNA\nAnswer: 3\n\nTay-Sachs is a disease caused by a recessive allele. Individuals with the genetic disorder usually do not survive more than a few years, and thus are not able to reproduce and pass on the gene. What would explain how this allele and its associated disease is preserved in the population?\nChoose the best answer from the following options:\n0. Heterozygous individuals will show no symptoms.\n1. Spontaneous mutation converts the dominant allele to the recessive form.\n2. Occasionally the gene will instead increase the fitness of the individual.\n3. Tay-Sachs is asymptomatic in people who are homozygous recessive.\nAnswer: 0\n\nA healthy man and woman are worried about having children because they are both carriers of sickle-cell disease. If the couple have a biological child, what is the chance that the child will inherit sickle-cell disease?\nChoose the best answer from the following options:\n0. 100%\n1. 75%\n2. 50%\n3. 25%\nAnswer: 3\n\nA healthy person sitting at rest consciously begins to breathe too fast. Which of the following describes the change in the person\u2019s blood caused by this hyperventilation?\nChoose the best answer from the following options:\n0. A decrease in partial pressure of carbon dioxide and an increase in concentration of hydrogen ions\n1. A decrease in partial pressure of carbon dioxide and a decrease in concentration of hydrogen ions\n2. An increase in partial pressure of carbon dioxide and an increase in concentration of hydrogen ions\n3. An increase in partial pressure of carbon dioxide and a decrease in concentration of hydrogen ions\nAnswer: ",
        "answer": 1
    },
    "18": {
        "question": "A population undergoes a shift in which those who are really tall and those who are really short decrease in relative frequency compared to those of medium size, due to a change in the availability of resources. This is an example of\nChoose the best answer from the following options:\n0. directional selection.\n1. stabilizing selection.\n2. disruptive selection.\n3. sympatric speciation.\nAnswer: 1\n\nA competitive inhibitor of an enzyme exerts its effect by\nChoose the best answer from the following options:\n0. irreversibly forming covalent links with the enzyme, effectively preventing the enzyme's dissociation from it\n1. irreversibly modifying some of the amino acid residues that help to comprise the enzyme's active site\n2. competing with the substrate molecule for the same enzyme but a different binding site than the substrate binding site\n3. reversibly decreasing the number of enzyme molecules that are available to bind substrates\nAnswer: 3\n\nWhich of the following statements about the light-dependent reactions of photosynthesis is correct?\nChoose the best answer from the following options:\n0. They provide the carbon that becomes incorporated into sugar.\n1. They produce PGA, which is converted to glucose by carbon fixation in the light-independent reactions.\n2. Water is split apart, providing hydrogen ions and electrons to NADP for temporary storage.\n3. They occur in the stroma of chloroplasts.\nAnswer: 2\n\nWhich of the following statements is true of air as compared to water?\nChoose the best answer from the following options:\n0. Air provides more physical support.\n1. Air has a higher O2 concentration.\n2. Air offers more resistance to motion.\n3. Air has more thermal inertia.\nAnswer: ",
        "answer": 1
    },
    "19": {
        "question": "Which of these evolutionary agents is most consistent at causing populations to become better suited to their environments over the course of generations?\nChoose the best answer from the following options:\n0. Mutation\n1. Non-random mating\n2. Gene flow\n3. Natural selection\nAnswer: 3\n\nWhich of the following pairs of scientists pioneered the ecological discipline known as island biogeography?\nChoose the best answer from the following options:\n0. Robert MacArthur and E. O. Wilson\n1. James Watson and Francis Crick\n2. Matthias Schleiden and Theodor Schwann\n3. Alfred Hershey and Martha Chase\nAnswer: 0\n\nWhich of the following is true of organisms belonging to the kingdom Protista?\nChoose the best answer from the following options:\n0. They are eukaryotic.\n1. They include the cyanobacteria.\n2. They are heterotrophic.\n3. They possess cell walls composed of peptidoglycan.\nAnswer: 0\n\nHardy-Weinberg equilibrium generally assumes all of the following EXCEPT\nChoose the best answer from the following options:\n0. a large population\n1. genetic drift\n2. random mating\n3. absence of selection\nAnswer: ",
        "answer": 1
    },
    "20": {
        "question": "Which of the following is (are) required when performing a polymerase chain reaction (P C R) on a DNA sample?\nChoose the best answer from the following options:\n0. Reverse transcriptase\n1. A vacuum chamber\n2. Primers complementary to certain portions of the DNA\n3. DNA ligase\nAnswer: 2\n\nAggressive ants live in the swollen thorns of a small tropical tree and feed on oil-rich bodies that the tree produces at the tips of its leaflets. Which of the following experiments best tests the hypothesis that ants defend the plant by either killing or chasing away leaf-feeding insects?\nChoose the best answer from the following options:\n0. Remove ants and measure subsequent leaf damage.\n1. Remove oil-rich bodies and measure subsequent ant density.\n2. Remove the thorns and measure subsequent density of ants.\n3. Remove leaf-feeding insects and measure subsequent ant density.\nAnswer: 0\n\nA scientist carries out a cross between two guinea pigs, both of which have black coats. Black hair coat is dominant over white hair coat. Three quarters of the offspring have black coats, and one quarter have white coats. The genotypes of the parents were most likely\nChoose the best answer from the following options:\n0. bb \u00d7 bb\n1. Bb \u00d7 Bb\n2. Bb \u00d7 bb\n3. BB \u00d7 Bb\nAnswer: 1\n\nAn embryologist studying the development of a vertebrate organism from the zygote stage to fetus would be justified in drawing which of the following conclusions?\nChoose the best answer from the following options:\n0. Ontogeny recapitulates phylogeny.\n1. Early embryos display identical features of their class, order, and species.\n2. An early human embryo has features in common with early fish and avian embryos.\n3. A human embryo displays features of adult fish and birds in the course of its development.\nAnswer: ",
        "answer": 0
    },
    "21": {
        "question": "Members of two different species possess a similar-looking structure that they use in a similar fashion to perform the same function. Which information would best help distinguish between an explanation based on homology versus one based on convergent evolution?\nChoose the best answer from the following options:\n0. The two species live at great distance from each other.\n1. The two species share many proteins in common, and the nucleotide sequences that code for these proteins are almost identical.\n2. The sizes of the structures in adult members of both species are similar in size.\n3. Both species are well adapted to their particular environments.\nAnswer: 1\n\nMonoclonal antisera are distinguished from polyclonal antisera in which of the following ways?\nChoose the best answer from the following options:\n0. Each type of antibody in a monoclonal antiserum reacts against a single region of a single antigen; each type of antibody in a polyclonal antiserum reacts against multiple regions of different antigens.\n1. A monoclonal antibody reacts against multiple regions of a single antigen; a polyclonal antibody reacts against a single region of related antigens.\n2. A monoclonal antiserum contains antibodies secreted from the descendants of a single B lymphocyte; a polyclonal antiserum contains antibodies secreted from the descendants of different B lymphocytes.\n3. A monoclonal antiserum contains antibodies secreted from the descendants of a single B lymphocyte; a polyclonal antiserum contains antibodies secreted from the descendants of both B and T lymphocytes.\nAnswer: 2\n\nStomata allow gases, such as H2O and CO2, to exchange between the inside of a plant leaf and the surrounding environment. Which of the following occurs under normal daytime environmental conditions?\nChoose the best answer from the following options:\n0. H2O diffuses out of the leaf faster than CO2 enters.\n1. H2O diffuses out of the leaf slower than CO2 enters.\n2. CO2 diffuses out of the leaf faster than H2O enters.\n3. H2O exchanges with CO2 at equal rates.\nAnswer: 0\n\nStabilization of the unique coiled structure of an alpha helix in a protein is primarily attributed to (A) hydrogen bonding between the peptide backbone atoms\nChoose the best answer from the following options:\n0. hydrogen bonding between the peptide backbone atoms\n1. disulfide bridges between cysteine side chains\n2. carbohydrate moieties attached to polar amino acids\n3. peptide linkages that covalently bond amino acids\nAnswer: ",
        "answer": 0
    },
    "22": {
        "question": "Which of the following statements about fungi is NOT true?\nChoose the best answer from the following options:\n0. They all are eukaryotic.\n1. They all have rigid cell walls.\n2. Most are filamentous.\n3. Some are photosynthetic.\nAnswer: 3\n\nThe normal pH of the cytosol is about 7.2. Most enzymes in the lysosome, however, are only active at a pH of 5. This suggests that\nChoose the best answer from the following options:\n0. only acidic substances can undergo enzymatic processing in lysosomes\n1. most enzymes in the lysosome are incapable of catalyzing substrates inside the lysosome\n2. enzymes in the lysosome are released to the cytosol\n3. protons are actively pumped into the lysosome\nAnswer: 3\n\nChemiosmosis occurs in I.Mitochondria II. Nuclei III. Chloroplasts\nChoose the best answer from the following options:\n0. I only\n1. II only\n2. III only\n3. I and III\nAnswer: 3\n\nA quote from a natural resources text states: \"Whenever the original ecosystem becomes restructured by man, it tends to become simplified, with a resultant disruption of the stabilizing influences of density-dependent regulatory factors.\" This implies that in a disturbed ecosystem\nChoose the best answer from the following options:\n0. there exist large populations of a low number of species\n1. population levels of a species are kept at equilibrium through natural regulatory mechanisms\n2. a given prey organism is subject to higher predation rates by more diverse predators\n3. a given prey organism is less likely to undergo a population surge\nAnswer: ",
        "answer": 0
    },
    "23": {
        "question": "An embryologist studying the development of a vertebrate organism from the zygote stage to fetus would be justified in drawing which of the following conclusions?\nChoose the best answer from the following options:\n0. Ontogeny recapitulates phylogeny.\n1. Early embryos display identical features of their class, order, and species.\n2. An early human embryo has features in common with early fish and avian embryos.\n3. A human embryo displays features of adult fish and birds in the course of its development.\nAnswer: 0\n\nAll of the following support the endosymbiotic theory that ancestors of mitochondria and chloroplasts were once independent, free-living prokaryotes EXCEPT:\nChoose the best answer from the following options:\n0. Mitochondria and chloroplasts divide independently of the eukaryotic host cell by a process similar to binary fission.\n1. Mitochondria and chloroplasts have ribosomes that more closely resemble those of bacteria than of eukaryotic cells.\n2. Mitochondria and chloroplasts function independently from the eukaryotic host cell.\n3. Mitochondria, chloroplasts, and bacteria have a single, circular chromosome without histones or proteins.\nAnswer: 2\n\nThe light reactions of photosynthesis supply the Calvin cycle with which of the following?\nChoose the best answer from the following options:\n0. The light reactions provide oxygen for the light-independent reactions.\n1. ATP and NADPH provide the power and raw materials for the Calvin cycle.\n2. Water entering the plant through the roots provides hydrogen directly to the Calvin cycle.\n3. CO2 released by the light-dependent reactions provides the raw material for the Calvin cycle.\nAnswer: 1\n\nWhich of the following best explains why enzymes are effective in facilitating chemical reactions?\nChoose the best answer from the following options:\n0. They raise the temperature of the reaction mixture, thereby speeding up the conversion of reactants to products.\n1. They alter the equilibrium constant of a reaction (K_eq) so that more reactant can be converted to product.\n2. They increase the maximal rate of the chemical reaction (V_max).\n3. They lower the activation energy, thereby speeding up the conversion of reactants to products.\nAnswer: ",
        "answer": 3
    },
    "24": {
        "question": "Members of which of the following groups are most likely to be surrounded by a protein coat?\nChoose the best answer from the following options:\n0. Viruses\n1. Bacteria\n2. Eukaryotes\n3. Archaea\nAnswer: 0\n\nThe geneticist Mary Lyon hypothesized the existence of structures visible just under the nuclear membrane in mammals, which were later named Barr bodies. Which of the following statement is NOT correct about Barr bodies?\nChoose the best answer from the following options:\n0. In the early female embryo, one copy of the X chromosome becomes inactivated in every body cell.\n1. The same chromosome in every cell of a normal female is inactivated.\n2. A male with the XXY genotype will have one Barr body.\n3. Barr bodies consist of highly methylated DNA.\nAnswer: 1\n\nWhich of the following is a benefit that mycorrhizal fungi confer to many plants?\nChoose the best answer from the following options:\n0. They protect plant roots from desiccation in extremely dry habitats.\n1. They fix nitrogen, which is particularly important for plants in nitrogen-limited habitats.\n2. They provide access to phosphorus, an essential element that is limited in many kinds of soils.\n3. They provide carbon to plants in exchange for fixed nitrogen.\nAnswer: 2\n\nCellular uptake of cholesterol occurs through internalization of low density lipoproteincholesterol complexes. Cholesterol uptake involves all of the following EXCEPT\nChoose the best answer from the following options:\n0. cell-surface receptors\n1. adhesion plaques\n2. endosome formation\n3. receptor-mediated endocytosis\nAnswer: ",
        "answer": 1
    },
    "25": {
        "question": "The structures that act as sites of gas exchange in a woody stem are the\nChoose the best answer from the following options:\n0. lenticels\n1. terminal buds\n2. nodes\n3. internodes\nAnswer: 0\n\nWhich of the following properties is responsible for holding together the water molecules in a vertical column of water in xylem vessels of a plant?\nChoose the best answer from the following options:\n0. the strong adhesion property of water\n1. the strong cohesion of property of water\n2. the high heat capacity of water\n3. the strong cohesion property of cellulose in the xylem cell wall\nAnswer: 1\n\nWhich of the following statements about post-transcriptional modification are incorrect?\nChoose the best answer from the following options:\n0. A poly-A tail is added to the 3\u2032 end of the mRNA.\n1. A guanine cap is added to the 5\u2032 end of the mRNA.\n2. Introns are removed from the mRNA.\n3. Posttranscriptional modification occurs in the cytoplasm.\nAnswer: 3\n\nMimicry is a strategy that has evolved through natural selection to increase the fitness of organisms to their environment. Which of the following represents a form of Batesian mimicry?\nChoose the best answer from the following options:\n0. A type of millipede that is toxic to a toad is permanently avoided by the toad following the toad's initial attempt to consume it.\n1. A moth exhibits false eyes at its tail end in order to disorient predators.\n2. A moth exhibits nearly identical coloration to that of a stinging bee.\n3. A ground-nesting gull chick displays a coloration pattern that is nearly indistinguishable from its surroundings.\nAnswer: ",
        "answer": 2
    },
    "26": {
        "question": "Which of the following is the most likely benefit of periodic natural wildfires in some forest ecosystems?\nChoose the best answer from the following options:\n0. The fires remove dead and decaying plant matter, reducing the risk of more intense and destructive fires.\n1. The fires leach nutrients from the soil\u201a preventing the germination of plants that might compete with native species.\n2. The fires drive off herbivores whose plant-based diets reduce the amount of vegetation.\n3. The fires dry out the soil and decrease the chance of flooding after heavy rains.\nAnswer: 0\n\nViruses are considered an exception to the cell theory because they\nChoose the best answer from the following options:\n0. are not independent organisms\n1. have only a few genes\n2. move about via their tails\n3. have evolved from ancestral protists\nAnswer: 0\n\nA prokaryote that is thermophilic and methanogenic and has isoprenylglycerol ethers in its membrane instead of phospholipids is most likely\nChoose the best answer from the following options:\n0. a proteobacterium\n1. a spirochete\n2. a member of the genus Chlamydia\n3. an archaeon\nAnswer: 3\n\nFerns undergo alternation of generations in which a\nChoose the best answer from the following options:\n0. dominant sporophyte alternates with an independent gametophyte\n1. dominant gametophyte alternates with a dependent sporophyte\n2. sporophyte and a gametophyte have equal life spans\n3. gametophyte produces gametes by meiosis\nAnswer: ",
        "answer": 0
    },
    "27": {
        "question": "The light reactions of photosynthesis supply the Calvin cycle with which of the following?\nChoose the best answer from the following options:\n0. The light reactions provide oxygen for the light-independent reactions.\n1. ATP and NADPH provide the power and raw materials for the Calvin cycle.\n2. Water entering the plant through the roots provides hydrogen directly to the Calvin cycle.\n3. CO2 released by the light-dependent reactions provides the raw material for the Calvin cycle.\nAnswer: 1\n\nA man contracts the same flu strain for the second time in a single winter season. The second time he experiences fewer symptoms and recovers more quickly. Which cells are responsible for this rapid recovery?\nChoose the best answer from the following options:\n0. Helper T cells\n1. Cytotoxic T cells\n2. Memory cells\n3. Plasma cells\nAnswer: 2\n\nAll of the following might be found in connective tissue EXCEPT\nChoose the best answer from the following options:\n0. thrombin\n1. glycosaminoglycans\n2. collagens\n3. fibroblasts\nAnswer: 0\n\nChemosynthetic bacteria can produce their own food despite their lack of photonabsorbing pigments because the chemosynthetic bacteria derive energy by\nChoose the best answer from the following options:\n0. oxidizing inorganic substances such as ammonia, sulfur, or hydrogen\n1. reducing inorganic substances such as ammonia, sulfur, or hydrogen\n2. oxidizing organic compounds\n3. transducing light energy into chemical energy\nAnswer: ",
        "answer": 0
    },
    "28": {
        "question": "Which of the following most accurately describes a retrotransposon?\nChoose the best answer from the following options:\n0. A DNA sequence that can move from one site in the genome to another without replicating\n1. A DNA sequence that can be deleted from the genome without consequence\n2. A DNA sequence that replicates via an RNA intermediate\n3. A DNA sequence that replicates via a protein intermediate\nAnswer: 2\n\nWhich of the following describes a symbiotic relationship?\nChoose the best answer from the following options:\n0. A tapeworm feeds off of its host's nutrients causing the host to lose large amounts of weight.\n1. Certain plants grow on trees in order to gain access to sunlight, not affecting the tree.\n2. Remora fish eat parasites off of sharks; the sharks stay free of parasites, and the remora fish are protected from predators.\n3. Meerkats sound alarm calls to warn other meerkats of predators.\nAnswer: 2\n\nOnce a plasmid has incorporated specific genes, such as the gene coding for the antibiotic ampicillin, into its genome, the plasmid may be cloned by\nChoose the best answer from the following options:\n0. inserting it into a virus to generate multiple copies\n1. treating it with a restriction enzyme in order to cut the molecule into small pieces\n2. inserting it into a suitable bacterium in order to produce multiple copies\n3. running it on a gel electrophoresis in order to determine the size of the gene of interest\nAnswer: 2\n\nTwo xylem plant cell types that provide support and conduct water and minerals are the\nChoose the best answer from the following options:\n0. collenchyma and sclerenchyma\n1. sieve tube members and companion cells\n2. tracheids and vessel elements\n3. vessel elements and companion cells\nAnswer: ",
        "answer": 2
    },
    "29": {
        "question": "All of the following are examples of connective tissue EXCEPT\nChoose the best answer from the following options:\n0. ligaments\n1. muscle\n2. blood\n3. cartilage\nAnswer: 1\n\nNymphaea odorata, a water lily, is an aquatic plant whose leaves and flowers float on the surface of the water. Which of the following characteristics would be expected for leaves of this plant?\nChoose the best answer from the following options:\n0. stomata on the top surface and relatively few water-conducting (xylem) cells\n1. stomata on the top surface and relatively many water-conducting (xylem) cells\n2. stomata on the bottom surface and relatively few water-conducting (xylem) cells\n3. stomata on the bottom surface and relatively many water-conducting (xylem) cells\nAnswer: 0\n\nDuring the mammalian cardiac cycle, a volume of blood equivalent to ventricular stroke volume is transferred from the more compliant venous side to the less compliant arterial side of the circulation. In terms of pressures within the venous and arterial compartments, this transfer results in\nChoose the best answer from the following options:\n0. no change in pressure in either compartment\n1. no effect on venous pressure and a small increase in arterial pressure\n2. an increase in venous pressure and an equal but opposite decrease in arterial pressure\n3. little effect on venous pressure and a large increase in arterial pressure\nAnswer: 3\n\nCancer cells grown in culture are similar to normal cells grown in culture in that they\nChoose the best answer from the following options:\n0. divide an indefinite number of times\n1. do not display contact inhibition\n2. require a surface for attachment in order to grow\n3. proliferate to the same cell density\nAnswer: ",
        "answer": 2
    },
    "30": {
        "question": "African lungfish often live in small, stagnant, freshwater pools. With reduced gills, they differ from other fish in that they breathe air. They also differ in that they release the nitrogen waste urea instead of ammonia. Which of the following statements correctly explains how this is an advantage for lungfish?\nChoose the best answer from the following options:\n0. Urea is insoluble in water and sinks to the bottom of the small pools. Thus the poisonous substance is isolated from the fish.\n1. Ammonia, which is highly toxic, would endanger lungfish that inhabit the small pools.\n2. Other fish in the small pools can use urea as an energy source.\n3. The highly toxic urea makes the pool uninhabitable to competitors.\nAnswer: 1\n\nRoot pressure created by a plant's roots causes water to enter the roots by\nChoose the best answer from the following options:\n0. translocation\n1. adhesion\n2. osmosis\n3. capillary action\nAnswer: 2\n\nWhich of the following is correct about organisms that are the first to colonize a habitat undergoing ecological succession?\nChoose the best answer from the following options:\n0. They are the fiercest competitors in the area.\n1. They maintain the habitat as it is for their own kind.\n2. They change the habitat in a way that makes it more habitable for other organisms.\n3. They are small invertebrates.\nAnswer: 2\n\nThe members of a bird species capable of nesting in treetops or on the ledges of nearby cliffs make their homes only in the treetops due to the established presence of a more aggressive bird species on the cliff ledges. With respect to habitat, the treetop-nesting birds are utilizing\nChoose the best answer from the following options:\n0. their fundamental niche only\n1. their realistic niche only\n2. their ecological niche only\n3. neither their fundamental niche nor their realistic niche\nAnswer: ",
        "answer": 1
    },
    "31": {
        "question": "A chemical agent is found to denature all enzymes in the synaptic cleft. What effect will this agent have on acetylcholine?\nChoose the best answer from the following options:\n0. Acetylcholine will not be released from the presynaptic membrane.\n1. Acetylcholine will not bind to receptor proteins on the postsynaptic membrane.\n2. Acetylcholine will not diffuse across the cleft to the postsynaptic membrane.\n3. Acetylcholine will not be degraded in the synaptic cleft.\nAnswer: 3\n\nA prokaryote that is thermophilic and methanogenic and has isoprenylglycerol ethers in its membrane instead of phospholipids is most likely\nChoose the best answer from the following options:\n0. a proteobacterium\n1. a spirochete\n2. a member of the genus Chlamydia\n3. an archaeon\nAnswer: 3\n\nAll of the following organs in the digestive system secrete digestive enzymes EXCEPT the\nChoose the best answer from the following options:\n0. mouth\n1. stomach\n2. gall bladder\n3. small intestine\nAnswer: 2\n\nIn garden peas, the allele for tall plants (D) is completely dominant to the allele for dwarf plants (d) and the allele for violet flower color (W) is completely dominant to the allele for white flower color (w). In a cross between a tall violet plant, with the genotype DDWw, and a dwarf white plant, what phenotypic ratio of the progeny would be expected from this cross?\nChoose the best answer from the following options:\n0. All tall violet\n1. 1 tall violet: 1 dwarf violet\n2. 1 tall violet: 1 tall white: 1 dwarf violet: 1 dwarf white\n3. 1 tall violet: 1 tall white\nAnswer: ",
        "answer": 3
    },
    "32": {
        "question": "Which of the following pairs of scientists pioneered the ecological discipline known as island biogeography?\nChoose the best answer from the following options:\n0. Robert MacArthur and E. O. Wilson\n1. James Watson and Francis Crick\n2. Matthias Schleiden and Theodor Schwann\n3. Alfred Hershey and Martha Chase\nAnswer: 0\n\nWhich of the following is the direct energy source that allows ATP synthase to produce ATP in mitochondria?\nChoose the best answer from the following options:\n0. NADH diffusing from the mitochondrial intermembrane space to the matrix\n1. The reduction of NAD+ during the conversion of pyruvate to acetyl-CoA\n2. H+ ions flowing down a gradient across the mitochondrial inner membrane\n3. The energy of electrons passing along the electron transport chain\nAnswer: 2\n\nWhich of the following is NOT a characteristic of introns?\nChoose the best answer from the following options:\n0. They occur only in eukaryotes.\n1. They represent noncoding regions.\n2. They are found interspersed with exons on a region of DNA that codes for a polypeptide chain.\n3. They are excised from the primary transcript before it gains a 5' cap and a 3' poly(A)tail.\nAnswer: 3\n\nFungi participate in each of the following EXCEPT\nChoose the best answer from the following options:\n0. photosynthesis to produce glucose\n1. fermentation to produce alcohol\n2. association with humans to produce ringworm\n3. association with the roots of plants to form mycorrhizae\nAnswer: ",
        "answer": 0
    },
    "33": {
        "question": "Which of the following describes a symbiotic relationship?\nChoose the best answer from the following options:\n0. A tapeworm feeds off of its host's nutrients causing the host to lose large amounts of weight.\n1. Certain plants grow on trees in order to gain access to sunlight, not affecting the tree.\n2. Remora fish eat parasites off of sharks; the sharks stay free of parasites, and the remora fish are protected from predators.\n3. Meerkats sound alarm calls to warn other meerkats of predators.\nAnswer: 2\n\nWhich describes an African butterfly species that exists in two strikingly different color patterns?\nChoose the best answer from the following options:\n0. artificial selection\n1. directional selection\n2. stabilizing selection\n3. disruptive selection\nAnswer: 3\n\nStabilization of the unique coiled structure of an alpha helix in a protein is primarily attributed to (A) hydrogen bonding between the peptide backbone atoms\nChoose the best answer from the following options:\n0. hydrogen bonding between the peptide backbone atoms\n1. disulfide bridges between cysteine side chains\n2. carbohydrate moieties attached to polar amino acids\n3. peptide linkages that covalently bond amino acids\nAnswer: 0\n\nThe concept of punctuated equilibrium refers to\nChoose the best answer from the following options:\n0. oscillating ecological successional stages\n1. ecological succession arrested by sudden environmental changes, e.g., fire\n2. persistent predator-prey relationships in relatively stable environments\n3. bursts of speciation followed by relatively unchanging lineages\nAnswer: ",
        "answer": 3
    },
    "34": {
        "question": "Females with Turner's syndrome have a high incidence of hemophilia, a recessive, X-linked trait. Based on this information, it can be inferred that females with this condition\nChoose the best answer from the following options:\n0. have an extra X chromosome\n1. have an extra Y chromosome\n2. lack an X chromosome\n3. have red blood cells that clump\nAnswer: 2\n\nIn fungi, cell walls are reinforced by which of the following?\nChoose the best answer from the following options:\n0. Chitin\n1. Silica\n2. Lignin\n3. Collagen fibers\nAnswer: 0\n\nWhich of these is the smallest unit that natural selection can change?\nChoose the best answer from the following options:\n0. a species' gene frequency\n1. a population's gene frequency\n2. an individual's genome\n3. an individual's genotype\nAnswer: 1\n\nThe following pairs were placed in solution together. Which two could be separated by performing low-speed centrifugation?\nChoose the best answer from the following options:\n0. DNA and mRNA\n1. Nuclei and secretory vesicles\n2. Golgi apparatus and endoplasmic reticulum\n3. Lysosomes and endosomes\nAnswer: ",
        "answer": 1
    },
    "35": {
        "question": "Which of the following observations helped Darwin shape his concept of descent with modification?\nChoose the best answer from the following options:\n0. Species diversity declines farther from the equator.\n1. Fewer species live on islands than on the nearest continents.\n2. Birds can be found on islands located farther from the mainland than the birds' maximum nonstop flight distance.\n3. South American temperate plants are more similar to the tropical plants of South America than to the temperate plants of Europe.\nAnswer: 3\n\nThe higher the proportion of loci that are \"fixed\" in a population, the lower is that population's\nChoose the best answer from the following options:\n0. nucleotide variability.\n1. genetic polyploidy.\n2. average heterozygosity.\n3. A and C only\nAnswer: 3\n\nMobile regions of DNA capable of inserting themselves into an existing genome are\nChoose the best answer from the following options:\n0. prions\n1. cistrons\n2. introns\n3. transposons\nAnswer: 3\n\nA species of goose nests on both cliffs and beaches near the ocean. Soon after hatching, all chicks must make their way to the ocean. Chicks from cliff nests must tumble down the cliff to get to the ocean, and many are killed by the fall. Which of the following is most consistent with the hypothesis that cliff nesting is adaptive in this goose species?\nChoose the best answer from the following options:\n0. Many more geese nest on the beaches than on the cliffs.\n1. Cliff-side nesting confers a higher fitness than does beach nesting.\n2. Chicks from cliff nests instinctively step off the cliffs at the appropriate time.\n3. More chicks survive the fall from the cliffs than are killed.\nAnswer: ",
        "answer": 1
    },
    "36": {
        "question": "Cell motility, as viewed in a cultured fibroblast, encompasses all of the following EXCEPT\nChoose the best answer from the following options:\n0. adhesion plaques\n1. vinculin\n2. clathrin\n3. lamellipodia\nAnswer: 2\n\nStomata allow gases, such as H2O and CO2, to exchange between the inside of a plant leaf and the surrounding environment. Which of the following occurs under normal daytime environmental conditions?\nChoose the best answer from the following options:\n0. H2O diffuses out of the leaf faster than CO2 enters.\n1. H2O diffuses out of the leaf slower than CO2 enters.\n2. CO2 diffuses out of the leaf faster than H2O enters.\n3. H2O exchanges with CO2 at equal rates.\nAnswer: 0\n\nA researcher is experimenting with nerve transmission using neurons from a giant squid. At the beginning of the experiment, the axon is at rest and has a threshold measured at \u201370 mV at 37oC. The axon receives one stimulus that triggers one action potential in the axon. Subsequent stimuli are much stronger. Which of the following statements explains what happens when several strong stimuli are experienced by the axon?\nChoose the best answer from the following options:\n0. The axon becomes hyperpolarized to \u201390 mV.\n1. The axon becomes hyperpolarized to \u201350 mV.\n2. The strength of the action potential becomes greater.\n3. The frequency of the action potential increases.\nAnswer: 3\n\nWhich of the following is NOT a source of atmospheric carbon?\nChoose the best answer from the following options:\n0. Respiration\n1. Photosynthesis\n2. Bacterial decomposition\n3. Combustion of fossil fuels\nAnswer: ",
        "answer": 1
    },
    "37": {
        "question": "To prevent desiccation and injury, the embryos of terrestrial vertebrates are encased within a fluid secreted by the\nChoose the best answer from the following options:\n0. amnion\n1. chorion\n2. allantois\n3. yolk sac\nAnswer: 0\n\nThe average birth weight for human babies is about 3 kg. Which of the following terms best describes this?\nChoose the best answer from the following options:\n0. artificial selection\n1. directional selection\n2. stabilizing selection\n3. disruptive selection\nAnswer: 2\n\nThe tandem back-and-forth evolution of closely related species, which is exemplified by predator-prey relationships.\nChoose the best answer from the following options:\n0. Divergent evolution\n1. Convergent evolution\n2. Parallel evolution\n3. Coevolution\nAnswer: 3\n\nMammals are homeostatic for all of the following EXCEPT\nChoose the best answer from the following options:\n0. body temperature\n1. blood glucose concentration\n2. blood pH\n3. metabolic rate\nAnswer: ",
        "answer": 3
    },
    "38": {
        "question": "Yeast cells carry out both aerobic and anaerobic respiration. A yeast cell that is fed on glucose is moved from an aerobic to an anaerobic environment. Which of the following statements is correct and gives the correct reason for it?\nChoose the best answer from the following options:\n0. The cell dies because it cannot make ATP.\n1. The cell would need to consume glucose at a much greater rate because aerobic respiration is much more efficient as compared with anaerobic respiration.\n2. The cell would need to consume another food source other than glucose because it will not be able to make adequate ATP with only glucose.\n3. The cell will begin to divide rapidly because larger cells require more oxygen and glucose than smaller ones.\nAnswer: 1\n\nA marine ecosystem region characterized by penetrance of solar radiation and upwelling of nutrients is the\nChoose the best answer from the following options:\n0. bathyl zone\n1. neritic zone\n2. pelagic zone\n3. benthyl zone\nAnswer: 1\n\nWithin a few weeks of treatment with the drug 3TC, a patient's HIV population consists entirely of 3TC-resistant viruses. How can this result best be explained?\nChoose the best answer from the following options:\n0. HIV can change its surface proteins and resist vaccines.\n1. The patient must have become reinfected with 3TC-resistant viruses.\n2. HIV began making drug-resistant versions of reverse transcriptase in response to the drug.\n3. A few drug-resistant viruses were present at the start of treatment, and natural selection increased their frequency.\nAnswer: 3\n\nMonoclonal antisera are distinguished from polyclonal antisera in which of the following ways?\nChoose the best answer from the following options:\n0. Each type of antibody in a monoclonal antiserum reacts against a single region of a single antigen; each type of antibody in a polyclonal antiserum reacts against multiple regions of different antigens.\n1. A monoclonal antibody reacts against multiple regions of a single antigen; a polyclonal antibody reacts against a single region of related antigens.\n2. A monoclonal antiserum contains antibodies secreted from the descendants of a single B lymphocyte; a polyclonal antiserum contains antibodies secreted from the descendants of different B lymphocytes.\n3. A monoclonal antiserum contains antibodies secreted from the descendants of a single B lymphocyte; a polyclonal antiserum contains antibodies secreted from the descendants of both B and T lymphocytes.\nAnswer: ",
        "answer": 2
    },
    "39": {
        "question": "Stabilization of the unique coiled structure of an alpha helix in a protein is primarily attributed to (A) hydrogen bonding between the peptide backbone atoms\nChoose the best answer from the following options:\n0. hydrogen bonding between the peptide backbone atoms\n1. disulfide bridges between cysteine side chains\n2. carbohydrate moieties attached to polar amino acids\n3. peptide linkages that covalently bond amino acids\nAnswer: 0\n\nApoptosis, which is programmed cell death, is a necessary process in living organisms. Which of the following is NOT correct about apoptosis?\nChoose the best answer from the following options:\n0. It occurs randomly.\n1. A particular cell dies when it is no longer needed by the organism.\n2. A cell carries out apoptosis when too many mutations have accumulated.\n3. Plant cells carry out apoptosis as a defense measure in cells that have been infected by parasites.\nAnswer: 0\n\nA change in a neuron membrane potential from +50 millivolts to -70 millivolts is considered\nChoose the best answer from the following options:\n0. depolarization\n1. repolarization\n2. hyperpolarization\n3. an action potential\nAnswer: 1\n\nIn one taxonomic classification, Archaea, Eukarya, and Bacteria represent the three major domains of life. Eukarya utilize the general transcription factors TBP (TATA-binding protein) and TFIIB in transcription, whereas Bacteria do not. At least one member of Archaea has a protein similar to TBP and a protein similar to TFIIB. Based on this observation, which of the following scenarios is most likely?\nChoose the best answer from the following options:\n0. Archaea and Eukarya diverged after their common ancestor diverged from Bacteria.\n1. Archaea and Bacteria diverged after their common ancestor diverged from Eukarya.\n2. Bacteria and Eukarya diverged after their common ancestor diverged from Archaea.\n3. Archaea, Eukarya, and Bacteria diverged simultaneously from a common ancestor.\nAnswer: ",
        "answer": 0
    },
    "40": {
        "question": "Brood parasites such as the cuckoo successfully trick other species of birds into rearing their young by exploiting the host birds' instinctive response to the loud begging cues of a fledgling in their nest. The genes that allow the host bird species to be duped into rearing the cuckoo fledglings to the detriment of their own offspring most likely remain in the gene pool of the population because\nChoose the best answer from the following options:\n0. on average, the host birds' response allows them to rear their own young efficiently by feeding only those who indicate they are hungry\n1. the maximum fitness of the duped bird is not compromised when the bird rears an interloper of another species\n2. on average, little energy is spent on rearing a fledgling bird, whether it is an interloper or one's own\n3. the maximum fitness of the cuckoo would then be reduced\nAnswer: 0\n\nIt has been observed that organisms on islands are different from, but closely related to, similar forms found on the nearest continent. This is taken as evidence that\nChoose the best answer from the following options:\n0. 0\n1. common environments are inhabited by the same organisms.\n2. the islands were originally part of the continent.\n3. the island forms and mainland forms are converging.\nAnswer: 0\n\nRegarding meiosis and mitosis, one difference between the two forms of cellular reproduction is that in meiosis\nChoose the best answer from the following options:\n0. there is one round of cell division, whereas in mitosis there are two rounds of cell division\n1. separation of sister chromatids occurs during the second division, whereas in mitosis separation of sister chromatids occurs during the first division\n2. chromosomes are replicated during interphase, whereas in mitosis chromosomes are replicated during prophase\n3. spindle fibers form during prophase, whereas in mitosis the spindle fibers form during metaphase\nAnswer: 1\n\nRoot pressure created by a plant's roots causes water to enter the roots by\nChoose the best answer from the following options:\n0. translocation\n1. adhesion\n2. osmosis\n3. capillary action\nAnswer: ",
        "answer": 2
    },
    "41": {
        "question": "The following pairs were placed in solution together. Which two could be separated by performing low-speed centrifugation?\nChoose the best answer from the following options:\n0. DNA and mRNA\n1. Nuclei and secretory vesicles\n2. Golgi apparatus and endoplasmic reticulum\n3. Lysosomes and endosomes\nAnswer: 1\n\nWhen the first tiny prokaryotic cell took up residence inside a larger prokaryotic cell, it heralded the advent of the eukaryotic cell and led to an explosion of new life on Earth. Since then, most cells on Earth have internal organelles. Which of the following best summarizes an advantage of having internal membranes and organelles?\nChoose the best answer from the following options:\n0. DNA can reproduce more efficiently.\n1. Even though prokaryotes do not have mitochondria, they contain structures that carry out the same function.\n2. Organelles separate specific reactions in the cell and increase metabolic efficiency.\n3. Compartmentalization enables prokaryotes to reproduce more quickly.\nAnswer: 2\n\nAn organism exposed to wild temperature fluctuations shows very little, if any, change in its metabolic rate. This organism is most probably a\nChoose the best answer from the following options:\n0. ectotherm.\n1. endotherm.\n2. thermophyle.\n3. ascospore.\nAnswer: 1\n\nWhich of the following statements concerning a sarcomere of a striated muscle (such as skeletal muscle) is correct?\nChoose the best answer from the following options:\n0. During contraction H zones become elongated.\n1. In the relaxed position tropomyosin impedes myosin's access to the binding site of actin.\n2. Each myosin helical tail contains an actinbinding site and an ATP-hydrolyzing site.\n3. The proteins troponin and tropomyosin constitute the thick and thin filaments, respectively.\nAnswer: ",
        "answer": 1
    },
    "42": {
        "question": "Mouse sperm contain receptor proteins that bind to a glycoprotein (ZP3) in the zona pellucida of mouse eggs. Binding of ZP3 receptors to ZP3 initiates the sperm\u2019s acrosomal reaction. All of the following experimental observations would be expected EXCEPT:\nChoose the best answer from the following options:\n0. Injecting eggs with antibodies that bind to ZP3 blocks in vitro fertilization.\n1. Incubating sperm with purified ZP3 prior to mixing sperm and eggs blocks in vitro fertilization.\n2. Incubating eggs with antibodies that bind to ZP3 blocks in vitro fertilization.\n3. Coating synthetic beads with a different glycoprotein, ZP2, fails to lead to sperm aggregation on the beads.\nAnswer: 0\n\nA child with type A B blood inherits an IA allele from one parent and an IB allele from the other. The child will carry both A and B glycoproteins on the surface of all red blood cells. This pattern of expression is referred to as\nChoose the best answer from the following options:\n0. codominance\n1. epistasis\n2. polygenic\n3. linkage\nAnswer: 2\n\nAn animal that is harmless copies the appearance of an animal that is dangerous as a defense mechanism to make predators think twice about attacking.\nChoose the best answer from the following options:\n0. Aposomatic coloration\n1. Batesian mimicry\n2. Deceptive markings\n3. Cryptic coloration\nAnswer: 1\n\nThe crouching of very young birds in response to a predator\u2019s shape overhead is an example of\nChoose the best answer from the following options:\n0. a conditioned response\n1. a fixed action pattern\n2. an imprinted behavior\n3. learned behavior\nAnswer: ",
        "answer": 1
    },
    "43": {
        "question": "To ensure that hatchling sea turtles orient to the sea rather than inland, which of the following is the most environmentally sound practice around sea turtle nest sites?\nChoose the best answer from the following options:\n0. Digging troughs in the sand from the nests to the sea\n1. Minimizing artificial lighting in the area\n2. Scattering preferred turtle foods between the nests and the sea\n3. Building low fences on the sand dunes\nAnswer: 1\n\nWhich of the following is a reason that geneticists use mitochondrial DNA (mtDNA) to study the relatedness of animal populations?\nChoose the best answer from the following options:\n0. mtDNA mutates at a slower rate than nuclear DNA.\n1. mtDNA is passed from mother to child and is free from recombination that occurs between pairs of chromosomes.\n2. There are few single nucleotide polymorphisms in the hypervariable, noncoding regions.\n3. All mitochondrial proteins are coded for by mitochondrial genes.\nAnswer: 1\n\nAccording to the heterotroph hypothesis, which event had to occur before oxygen filled the atmosphere?\nChoose the best answer from the following options:\n0. Heterotrophs had to remove carbon dioxide from the air.\n1. Autotrophs, which make their own food, had to evolve.\n2. Heterotrophs had to evolve.\n3. Autotrophs had to convert atmospheric nitrogen to nitrate.\nAnswer: 1\n\nA quote from a natural resources text states: \"Whenever the original ecosystem becomes restructured by man, it tends to become simplified, with a resultant disruption of the stabilizing influences of density-dependent regulatory factors.\" This implies that in a disturbed ecosystem\nChoose the best answer from the following options:\n0. there exist large populations of a low number of species\n1. population levels of a species are kept at equilibrium through natural regulatory mechanisms\n2. a given prey organism is subject to higher predation rates by more diverse predators\n3. a given prey organism is less likely to undergo a population surge\nAnswer: ",
        "answer": 0
    },
    "44": {
        "question": "A DNA strand with the sequence 5\u2032 CGA TTG 3\u2032 would be complementary to the sequence\nChoose the best answer from the following options:\n0. 5\u2032 GCU AAC 3\u2032\n1. 5\u2032 GCT AAC 3\u2032\n2. 5\u2032 GTT AGC 3\u2032\n3. 5\u2032 CAA TCG 3\u2032\nAnswer: 3\n\nThe development of an egg without fertilization is known as\nChoose the best answer from the following options:\n0. meiosis\n1. parthenogenesis\n2. embryogenesis\n3. vegetative propagation\nAnswer: 1\n\nWhich of the following is an example of a detritivore?\nChoose the best answer from the following options:\n0. Cactus\n1. Algae\n2. Bat\n3. Fungus\nAnswer: 3\n\nAn organism belonging to the nekton is which one of the following?\nChoose the best answer from the following options:\n0. Whale\n1. Barnacle\n2. Cyanobacterium\n3. Protist\nAnswer: ",
        "answer": 0
    },
    "45": {
        "question": "Stabilization of the unique coiled structure of an alpha helix in a protein is primarily attributed to (A) hydrogen bonding between the peptide backbone atoms\nChoose the best answer from the following options:\n0. hydrogen bonding between the peptide backbone atoms\n1. disulfide bridges between cysteine side chains\n2. carbohydrate moieties attached to polar amino acids\n3. peptide linkages that covalently bond amino acids\nAnswer: 0\n\nTo ensure that hatchling sea turtles orient to the sea rather than inland, which of the following is the most environmentally sound practice around sea turtle nest sites?\nChoose the best answer from the following options:\n0. Digging troughs in the sand from the nests to the sea\n1. Minimizing artificial lighting in the area\n2. Scattering preferred turtle foods between the nests and the sea\n3. Building low fences on the sand dunes\nAnswer: 1\n\nTranscription-affecting DNA region that may be located thousands of basepairs away from the promoter.\nChoose the best answer from the following options:\n0. Enhancer\n1. Repressor\n2. Operator\n3. Promoter\nAnswer: 0\n\nProteins were shown to move about in a plane of the plasma membrane when mouse cellsurface proteins and human cell-surface proteins were observed to integrate along a fused mouse-human cell plasma membrane. Which of the following cell culture techniques was most likely employed in order to yield these results?\nChoose the best answer from the following options:\n0. Producing a heterokaryon\n1. Producing a hybrid cell\n2. Isolating an immortal variant cell from culture and using it to create a cell line\n3. Inserting a tumor-inducing virus into a normal cell to initiate transformation\nAnswer: ",
        "answer": 0
    },
    "46": {
        "question": "Cleavage symmetry arising from early cell divisions that occur at an oblique angle to the polar axis is known as\nChoose the best answer from the following options:\n0. meroblastic cleavage\n1. radial cleavage\n2. spiral cleavage\n3. superficial cleavage\nAnswer: 2\n\nMore than a dozen species of Darwin's finches with various specialized adaptations inhabit the Gal\u00e1pagos Islands. Each species possesses a specialized adaptation for obtaining food. Why is it that similar adaptations do not exist among the finches of the South American mainland, the presumed origin of the Gal\u00e1pagos finch ancestor?\nChoose the best answer from the following options:\n0. The various foods available on the mainland are different than those on the Gal\u00e1pagos Islands.\n1. South American predators limited evolution of the mainland finch.\n2. Reproductive isolation is not possible on the mainland.\n3. The available niches that the Darwin's finches exploited on the Gal\u00e1pagos Islands were already occupied by other species of birds on the mainland.\nAnswer: 3\n\nAn animal that is harmless copies the appearance of an animal that is dangerous as a defense mechanism to make predators think twice about attacking.\nChoose the best answer from the following options:\n0. Aposomatic coloration\n1. Batesian mimicry\n2. Deceptive markings\n3. Cryptic coloration\nAnswer: 1\n\nA competitive inhibitor of an enzyme exerts its effect by\nChoose the best answer from the following options:\n0. irreversibly forming covalent links with the enzyme, effectively preventing the enzyme's dissociation from it\n1. irreversibly modifying some of the amino acid residues that help to comprise the enzyme's active site\n2. competing with the substrate molecule for the same enzyme but a different binding site than the substrate binding site\n3. reversibly decreasing the number of enzyme molecules that are available to bind substrates\nAnswer: ",
        "answer": 3
    },
    "47": {
        "question": "Which of the following adaptive features would least likely be found in an animal living in a hot arid environment?\nChoose the best answer from the following options:\n0. Long loops of Henle to maximize water reabsorption\n1. Storage of water in fatty tissues\n2. Large ears to aid in heat dispersion\n3. Short loops of Henle to maximize water secretion\nAnswer: 3\n\nWhich of the following would increase the rate at which a gas diffuses between the alveoli of the lung and the blood within a pulmonary capillary?\nChoose the best answer from the following options:\n0. Decreasing the partial pressure gradient of the gas\n1. Decreasing the solubility of the gas in water\n2. Increasing the total surface area available for diffusion\n3. Decreasing the rate of blood flow through the pulmonary capillary\nAnswer: 2\n\nCatastrophism, meaning the regular occurrence of geological or meteorological disturbances (catastrophes), was Cuvier's attempt to explain the existence of\nChoose the best answer from the following options:\n0. evolution.\n1. the fossil record.\n2. uniformitarianism.\n3. the origin of new species.\nAnswer: 1\n\nMonoclonal antisera are distinguished from polyclonal antisera in which of the following ways?\nChoose the best answer from the following options:\n0. Each type of antibody in a monoclonal antiserum reacts against a single region of a single antigen; each type of antibody in a polyclonal antiserum reacts against multiple regions of different antigens.\n1. A monoclonal antibody reacts against multiple regions of a single antigen; a polyclonal antibody reacts against a single region of related antigens.\n2. A monoclonal antiserum contains antibodies secreted from the descendants of a single B lymphocyte; a polyclonal antiserum contains antibodies secreted from the descendants of different B lymphocytes.\n3. A monoclonal antiserum contains antibodies secreted from the descendants of a single B lymphocyte; a polyclonal antiserum contains antibodies secreted from the descendants of both B and T lymphocytes.\nAnswer: ",
        "answer": 2
    },
    "48": {
        "question": "A population undergoes a shift in which those who are really tall and those who are really short decrease in relative frequency compared to those of medium size, due to a change in the availability of resources. This is an example of\nChoose the best answer from the following options:\n0. directional selection.\n1. stabilizing selection.\n2. disruptive selection.\n3. sympatric speciation.\nAnswer: 1\n\nIn general, animal cells differ from plant cells in that animal cells have\nChoose the best answer from the following options:\n0. a cell wall made of cellulose\n1. lysosomes\n2. large vacuoles that store water\n3. centrioles within centrosomes\nAnswer: 3\n\nWhich of the following is NOT a characteristic of introns?\nChoose the best answer from the following options:\n0. They occur only in eukaryotes.\n1. They represent noncoding regions.\n2. They are found interspersed with exons on a region of DNA that codes for a polypeptide chain.\n3. They are excised from the primary transcript before it gains a 5' cap and a 3' poly(A)tail.\nAnswer: 3\n\nDuring the mammalian cardiac cycle, a volume of blood equivalent to ventricular stroke volume is transferred from the more compliant venous side to the less compliant arterial side of the circulation. In terms of pressures within the venous and arterial compartments, this transfer results in\nChoose the best answer from the following options:\n0. no change in pressure in either compartment\n1. no effect on venous pressure and a small increase in arterial pressure\n2. an increase in venous pressure and an equal but opposite decrease in arterial pressure\n3. little effect on venous pressure and a large increase in arterial pressure\nAnswer: ",
        "answer": 3
    },
    "49": {
        "question": "When the first tiny prokaryotic cell took up residence inside a larger prokaryotic cell, it heralded the advent of the eukaryotic cell and led to an explosion of new life on Earth. Since then, most cells on Earth have internal organelles. Which of the following best summarizes an advantage of having internal membranes and organelles?\nChoose the best answer from the following options:\n0. DNA can reproduce more efficiently.\n1. Even though prokaryotes do not have mitochondria, they contain structures that carry out the same function.\n2. Organelles separate specific reactions in the cell and increase metabolic efficiency.\n3. Compartmentalization enables prokaryotes to reproduce more quickly.\nAnswer: 2\n\nThe ability of the brain to detect differences in stimulus intensity is best explained by the fact that which of the following varies with the stimulus intensity?\nChoose the best answer from the following options:\n0. The amplitude of the action potential\n1. The threshold potential\n2. The number of action potentials per second\n3. The number of synapses crossed\nAnswer: 2\n\nNo two people are genetically identical, except for identical twins. The chief cause of genetic variation among human individuals is\nChoose the best answer from the following options:\n0. new mutations that occurred in the preceding generation.\n1. the reshuffling of alleles in sexual reproduction.\n2. genetic drift due to the small size of the population.\n3. geographic variation within the population.\nAnswer: 1\n\nA subunit of DNA and protein consisting of 134-base-pair long stretches of DNA surrounding a protein octomer is called (a)\nChoose the best answer from the following options:\n0. histone\n1. chromatin\n2. nucleosome\n3. solenoid\nAnswer: ",
        "answer": 2
    }
}