{
    "0": {
        "question": "A satellite of mass m orbits a planet of mass M in a circular orbit of radius R. The time required for one revolution is\nChoose the best answer from the following options:\n0. independent of M\n1. proportional to m^(1/2)\n2. linear in R\n3. proportional to R^(3/2)\nAnswer: 3\n\nA student makes 10 one-second measurements of the disintegration of a sample of a long-lived radioactive isotope and obtains the following values: 3, 0, 2, 1, 2, 4, 0, 1, 2, 5. How long should the student count to establish the rate to an uncertainty of 1 percent?\nChoose the best answer from the following options:\n0. 80 s\n1. 160 s\n2. 2,000 s\n3. 5,000 s\nAnswer: ",
        "answer": 3
    },
    "1": {
        "question": "A satellite of mass m orbits a planet of mass M in a circular orbit of radius R. The time required for one revolution is\nChoose the best answer from the following options:\n0. independent of M\n1. proportional to m^(1/2)\n2. linear in R\n3. proportional to R^(3/2)\nAnswer: 3\n\nPositronium is an atom formed by an electron and a positron (antielectron). It is similar to the hydrogen atom, with the positron replacing the proton. If a positronium atom makes a transition from the state with n=3 to a state with n=1, the energy of the photon emitted in this transition is closest to\nChoose the best answer from the following options:\n0. 6.0 e\n1. 6.8 eV\n2. 12.2 eV\n3. 13.6 eV\nAnswer: ",
        "answer": 0
    },
    "2": {
        "question": "A rod measures 1.00 m in its rest system. How fast must an observer move parallel to the rod to measure its length to be 0.80 m?\nChoose the best answer from the following options:\n0. 0.50c\n1. 0.60c\n2. 0.70c\n3. 0.80c\nAnswer: 1\n\nWhich of the following lasers utilizes transitions that involve the energy levels of free atoms?\nChoose the best answer from the following options:\n0. Diode laser\n1. Dye laser\n2. Free-electron laser\n3. Gas laser\nAnswer: ",
        "answer": 3
    },
    "3": {
        "question": "The driver of a police car hears an echo of the car\u2019s siren from a wall toward which the car is moving with a speed of 3.5 m/s. If the speed of sound is 350 m/s and the frequency of the siren is 600 Hz, the driver hears the echo at a frequency nearest to which of the following?\nChoose the best answer from the following options:\n0. 588 Hz\n1. 594 Hz\n2. 600 Hz\n3. 612 Hz\nAnswer: 3\n\nA satellite of mass m orbits a planet of mass M in a circular orbit of radius R. The time required for one revolution is\nChoose the best answer from the following options:\n0. independent of M\n1. proportional to m^(1/2)\n2. linear in R\n3. proportional to R^(3/2)\nAnswer: ",
        "answer": 3
    },
    "4": {
        "question": "An observer O at rest midway between two sources of light at x = 0 and x = 10 m observes the two sources to flash simultaneously. According to a second observer O', moving at a constant speed parallel to the x-axis, one source of light flashes 13 ns before the other. Which of the following gives the speed of O' relative to O?\nChoose the best answer from the following options:\n0. 0.13c\n1. 0.15c\n2. 0.36c\n3. 0.53c\nAnswer: 2\n\nThe speed of light inside of a nonmagnetic dielectric material with a dielectric constant of 4.0 is\nChoose the best answer from the following options:\n0. 1.2 * 10^9 m/s\n1. 3.0 * 10^8 m/s\n2. 1.5 * 10^8 m/s\n3. 1.0 * 10^8 m/s\nAnswer: ",
        "answer": 2
    },
    "5": {
        "question": "A satellite of mass m orbits a planet of mass M in a circular orbit of radius R. The time required for one revolution is\nChoose the best answer from the following options:\n0. independent of M\n1. proportional to m^(1/2)\n2. linear in R\n3. proportional to R^(3/2)\nAnswer: 3\n\nElectromagnetic radiation emitted from a nucleus is most likely to be in the form of\nChoose the best answer from the following options:\n0. gamma rays\n1. microwaves\n2. ultraviolet radiation\n3. visible light\nAnswer: ",
        "answer": 0
    },
    "6": {
        "question": "Which of the following is true about any system that undergoes a reversible thermodynamic process?\nChoose the best answer from the following options:\n0. There are no changes in the internal energy of the system.\n1. The temperature of the system remains constant during the process.\n2. The entropy of the system and its environment remains unchanged.\n3. The entropy of the system and its environment must increase.\nAnswer: 2\n\nThe surface of the Sun has a temperature close to 6,000 K and it emits a blackbody (Planck) spectrum that reaches a maximum near 500 nm. For a body with a surface temperature close to 300 K, at what wavelength would the thermal spectrum reach a maximum?\nChoose the best answer from the following options:\n0. 10:00 PM\n1. 100 Pm\n2. 10 mm\n3. 100 mm\nAnswer: ",
        "answer": 0
    },
    "7": {
        "question": "Two students perform an experiment in which they drop a ball from rest from a known height above the ground and measure the speed of the ball just before it strikes the ground. From repeated measurement, the students estimate the uncertainty in the measured speed of the ball to be 10 percent. Which of the following gives the uncertainty in the kinetic energy of the ball? (Assume the uncertainty in the ball\u2019s mass is negligibly small.)\nChoose the best answer from the following options:\n0. 5%\n1. 10%\n2. 15%\n3. 20%\nAnswer: 3\n\nAn airplane drops a payload while traveling due north, parallel to the ground, at a constant speed of 100 m/s. If air resistance is neglected, what is the velocity of the payload relative to the plane 4.0 s after it is released?\nChoose the best answer from the following options:\n0. 0\n1. 40 m/s down\n2. 80 m/s down\n3. 100 m/s north and 40 m/s down\nAnswer: ",
        "answer": 1
    },
    "8": {
        "question": "A single-electron atom has the electron in the l = 2 state. The number of allowed values of the quantum number m_l is\nChoose the best answer from the following options:\n0. 5\n1. 4\n2. 3\n3. 2\nAnswer: 0\n\nCharacteristic X rays, appearing as sharp lines on a continuous background, are produced when high-energy electrons bombard a metal target. Which of the following processes results in the characteristic X rays?\nChoose the best answer from the following options:\n0. Electrons producing \u010cerenkov radiation\n1. Electrons colliding with phonons in the metal\n2. Electrons filling inner shell vacancies that are created in the metal atoms\n3. Electrons combining with protons to form neutrons\nAnswer: ",
        "answer": 2
    },
    "9": {
        "question": "Consider an electron in the n = 4, l = 1 state in hydrogen. Which of the following final states can NOT be reached by an allowed transition?\nChoose the best answer from the following options:\n0. n = 3, l = 2\n1. n = 3, l = 1\n2. n = 3, l = 0\n3. n = 2, l = 0\nAnswer: 1\n\nWhich of the following ions CANNOT be used as a dopant in germanium to make an n-type semiconductor?\nChoose the best answer from the following options:\n0. As\n1. P\n2. Sb\n3. B\nAnswer: ",
        "answer": 3
    },
    "10": {
        "question": "A 10 kg box slides horizontally without friction at a speed of 1 m/s. At one point, a constant force is applied to the box in the direction of its motion. The box travels 5 m with the constant force applied. The force is then removed, leaving the box with a speed of 2 m/s. Which of the following gives the magnitude of the applied force?\nChoose the best answer from the following options:\n0. 1 N\n1. 2 N\n2. 3 N\n3. 4 N\nAnswer: 2\n\nWhite light is normally incident on a puddle of water (index of refraction 1.33). A thin (500 nm) layer of oil (index of refraction 1.5) floats on the surface of the puddle. Of the following, the most strongly reflected wavelength is\nChoose the best answer from the following options:\n0. 500 nm\n1. 550 nm\n2. 600 nm\n3. 650 nm\nAnswer: ",
        "answer": 2
    },
    "11": {
        "question": "At the present time, the temperature of the universe (i.e., the microwave radiation background) is about 3 K. When the temperature was 12 K, typical objects in the universe, such as galaxies, were\nChoose the best answer from the following options:\n0. one-quarter as distant as they are today\n1. one-half as distant as they are today\n2. separated by about the same distances as they are today\n3. two times as distant as they are today\nAnswer: 0\n\nAn astronomer observes a very small moon orbiting a planet and measures the moon\u2019s minimum and maximum distances from the planet\u2019s center and the moon\u2019s maximum orbital speed. Which of the following CANNOT be calculated from these measurements?\nChoose the best answer from the following options:\n0. Mass of the moon\n1. Mass of the planet\n2. Minimum speed of the moon\n3. Period of the orbit\nAnswer: ",
        "answer": 0
    },
    "12": {
        "question": "A spring of force constant k is stretched a certain distance. It takes twice as much work to stretch a second spring by half this distance. The force constant of the second spring is\nChoose the best answer from the following options:\n0. k\n1. 2k\n2. 4k\n3. 8k\nAnswer: 3\n\nThe mean kinetic energy of the conduction electrons in metals is ordinarily much higher than kT because\nChoose the best answer from the following options:\n0. electrons have many more degrees of freedom than atoms do\n1. the electrons and the lattice are not in thermal equilibrium\n2. the electrons form a degenerate Fermi gas\n3. electrons in metals are highly relativistic\nAnswer: ",
        "answer": 2
    },
    "13": {
        "question": "By definition, the electric displacement current through a surface S is proportional to the\nChoose the best answer from the following options:\n0. rate of change of the electric flux through S\n1. electric flux through S\n2. time integral of the magnetic flux through S\n3. rate of change of the magnetic flux through S\nAnswer: 0\n\nA student makes 10 one-second measurements of the disintegration of a sample of a long-lived radioactive isotope and obtains the following values: 3, 0, 2, 1, 2, 4, 0, 1, 2, 5. How long should the student count to establish the rate to an uncertainty of 1 percent?\nChoose the best answer from the following options:\n0. 80 s\n1. 160 s\n2. 2,000 s\n3. 5,000 s\nAnswer: ",
        "answer": 3
    },
    "14": {
        "question": "An atom has filled n = 1 and n = 2 levels. How many electrons does the atom have?\nChoose the best answer from the following options:\n0. 2\n1. 4\n2. 6\n3. 10\nAnswer: 3\n\nThe mean kinetic energy of the conduction electrons in metals is ordinarily much higher than kT because\nChoose the best answer from the following options:\n0. electrons have many more degrees of freedom than atoms do\n1. the electrons and the lattice are not in thermal equilibrium\n2. the electrons form a degenerate Fermi gas\n3. electrons in metals are highly relativistic\nAnswer: ",
        "answer": 2
    },
    "15": {
        "question": "The hydrogen lines observed in the spectrum of the quasar 3C9 are shifted so far into the red that their wavelengths are three times as long as those observed in the light from hydrogen atoms at rest in a laboratory on Earth. If it is assumed that the shift is entirely due to the relative motion of 3C9 and Earth, the relative speed of the quasar is\nChoose the best answer from the following options:\n0. 2c\n1. c\n2. 0.8c\n3. 0.5c\nAnswer: 2\n\nWhich of the following is true about any system that undergoes a reversible thermodynamic process?\nChoose the best answer from the following options:\n0. There are no changes in the internal energy of the system.\n1. The temperature of the system remains constant during the process.\n2. The entropy of the system and its environment remains unchanged.\n3. The entropy of the system and its environment must increase.\nAnswer: ",
        "answer": 2
    },
    "16": {
        "question": "The speed of light inside of a nonmagnetic dielectric material with a dielectric constant of 4.0 is\nChoose the best answer from the following options:\n0. 1.2 x 10^9 m/s\n1. 3.0 x 10^8 m/s\n2. 1.5 x 10^8 m/s\n3. 1.0 x 10^8 m/s\nAnswer: 2\n\nA photon strikes an electron of mass m that is initially at rest, creating an electron-positron pair. The photon is destroyed and the positron and two electrons move off at equal speeds along the initial direction of the photon. The energy of the photon was\nChoose the best answer from the following options:\n0. mc^2\n1. 2mc^2\n2. 3mc^2\n3. 4mc^2\nAnswer: ",
        "answer": 3
    },
    "17": {
        "question": "A nonrelativistic particle with a charge twice that of an electron moves through a uniform magnetic field. The field has a strength of \u03c0/4 tesla and is perpendicular to the velocity of the particle. What is the particle\u2019s mass if it has a cyclotron frequency of 1,600 hertz?\nChoose the best answer from the following options:\n0. 2.5 * 10^-23 kg\n1. 1.2 * 10^-22 kg\n2. 3.3 * 10^-22 kg\n3. 5.0 * 10^-21 kg\nAnswer: 0\n\nBy definition, the electric displacement current through a surface S is proportional to the\nChoose the best answer from the following options:\n0. rate of change of the electric flux through S\n1. electric flux through S\n2. time integral of the magnetic flux through S\n3. rate of change of the magnetic flux through S\nAnswer: ",
        "answer": 0
    },
    "18": {
        "question": "Which of the following lasers utilizes transitions that involve the energy levels of free atoms?\nChoose the best answer from the following options:\n0. Diode laser\n1. Dye laser\n2. Free-electron laser\n3. Gas laser\nAnswer: 3\n\nThe first five harmonics produced by an organ pipe open at both ends are 50 Hz, 100 Hz, 150 Hz, 200 Hz, and 250 Hz. Which of the harmonics, if any, will survive once the pipe is closed at one end?\nChoose the best answer from the following options:\n0. 50 Hz, 150 Hz, and 250 Hz only\n1. 100 Hz and 200 Hz only\n2. 150 Hz and 250 Hz only\n3. None\nAnswer: ",
        "answer": 3
    },
    "19": {
        "question": "Protons used in cancer therapy are typically accelerated to about 0.6c . How much work must be done on a particle of mass m in order for it to reach this speed, assuming it starts at rest?\nChoose the best answer from the following options:\n0. 0.25mc^2\n1. 0.60mc^2\n2. 0.67mc^2\n3. 1.25mc^2\nAnswer: 0\n\nA single-electron atom has the electron in the l = 2 state. The number of allowed values of the quantum number m_l is\nChoose the best answer from the following options:\n0. 5\n1. 4\n2. 3\n3. 2\nAnswer: ",
        "answer": 0
    },
    "20": {
        "question": "The quantum efficiency of a photon detector is 0.1. If 100 photons are sent into the detector, one after the other, the detector will detect photons\nChoose the best answer from the following options:\n0. exactly 10 times\n1. an average of 10 times, with an rms deviation of about 0.1\n2. an average of 10 times, with an rms deviation of about 1\n3. an average of 10 times, with an rms deviation of about 3\nAnswer: 3\n\nAn observer O at rest midway between two sources of light at x = 0 and x = 10 m observes the two sources to flash simultaneously. According to a second observer O', moving at a constant speed parallel to the x-axis, one source of light flashes 13 ns before the other. Which of the following gives the speed of O' relative to O?\nChoose the best answer from the following options:\n0. 0.13c\n1. 0.15c\n2. 0.36c\n3. 0.53c\nAnswer: ",
        "answer": 2
    },
    "21": {
        "question": "A uniform solid disk starts from rest and rolls down an inclined plane without slipping. After some time, what fraction of the disk\u2019s total kinetic energy is rotational kinetic energy?\nChoose the best answer from the following options:\n0. 1/4\n1. 1/3\n2. 1/2\n3. 2/3\nAnswer: 1\n\nTwo spaceships approach Earth with equal speeds, as measured by an observer on Earth, but from opposite directions. A meterstick on one spaceship is measured to be 60 cm long by an occupant of the other spaceship. What is the speed of each spaceship, as measured by the observer on Earth?\nChoose the best answer from the following options:\n0. 0.4c\n1. 0.5c\n2. 0.6c\n3. 0.7c\nAnswer: ",
        "answer": 1
    },
    "22": {
        "question": "A rod measures 1.00 m in its rest system. How fast must an observer move parallel to the rod to measure its length to be 0.80 m?\nChoose the best answer from the following options:\n0. 0.50c\n1. 0.60c\n2. 0.70c\n3. 0.80c\nAnswer: 1\n\nA three-dimensional harmonic oscillator is in thermal equilibrium with a temperature reservoir at temperature T. The average total energy of the oscillator is\nChoose the best answer from the following options:\n0. (1/2) k T\n1. kT\n2. (3/2) k T\n3. 3kT\nAnswer: ",
        "answer": 3
    },
    "23": {
        "question": "The driver of a police car hears an echo of the car\u2019s siren from a wall toward which the car is moving with a speed of 3.5 m/s. If the speed of sound is 350 m/s and the frequency of the siren is 600 Hz, the driver hears the echo at a frequency nearest to which of the following?\nChoose the best answer from the following options:\n0. 600 Hz\n1. 606 Hz\n2. 612 Hz\n3. 618 Hz\nAnswer: 2\n\nIf the absolute temperature of a blackbody is increased by a factor of 3, the energy radiated per second per unit area does which of the following?\nChoose the best answer from the following options:\n0. Decreases by a factor of 81.\n1. Decreases by a factor of 9.\n2. Increases by a factor of 9.\n3. Increases by a factor of 81.\nAnswer: ",
        "answer": 3
    },
    "24": {
        "question": "The mean kinetic energy of the conduction electrons in metals is ordinarily much higher than kT because\nChoose the best answer from the following options:\n0. electrons have many more degrees of freedom than atoms do\n1. the electrons and the lattice are not in thermal equilibrium\n2. the electrons form a degenerate Fermi gas\n3. electrons in metals are highly relativistic\nAnswer: 2\n\nA magnetic field is directed perpendicular to the plane of a circular coil of area 0.2 m^2 and 250 turns. If the magnetic field is increased from 0.01 T to 0.06 T during a time interval of 0.25 s, the average induced EMF in the coil is\nChoose the best answer from the following options:\n0. 0.04 V\n1. 0.1 V\n2. 2.5 V\n3. 10 V\nAnswer: ",
        "answer": 3
    },
    "25": {
        "question": "The suspension cable of a 1,000 kg elevator snaps, sending the elevator moving downward through its shaft. The emergency brakes of the elevator stop the elevator shortly before it reaches the bottom of the shaft. If the elevator fell a distance of 100 m starting from rest, the heat that the brakes must dissipate to bring the elevator safely to rest is\nChoose the best answer from the following options:\n0. 100 J\n1. 1,000 J\n2. 10,000 J\n3. 1,000,000 J\nAnswer: 3\n\nThe driver of a police car hears an echo of the car\u2019s siren from a wall toward which the car is moving with a speed of 3.5 m/s. If the speed of sound is 350 m/s and the frequency of the siren is 600 Hz, the driver hears the echo at a frequency nearest to which of the following?\nChoose the best answer from the following options:\n0. 600 Hz\n1. 606 Hz\n2. 612 Hz\n3. 618 Hz\nAnswer: ",
        "answer": 2
    },
    "26": {
        "question": "The hydrogen lines observed in the spectrum of the quasar 3C9 are shifted so far into the red that their wavelengths are three times as long as those observed in the light from hydrogen atoms at rest in a laboratory on Earth. If it is assumed that the shift is entirely due to the relative motion of 3C9 and Earth, the relative speed of the quasar is\nChoose the best answer from the following options:\n0. 2c\n1. c\n2. 0.8c\n3. 0.5c\nAnswer: 2\n\nWhich of the following statements about bosons and/or fermions is true?\nChoose the best answer from the following options:\n0. Bosons have symmetric wave functions and obey the Pauli exclusion principle.\n1. Bosons have antisymmetric wave functions and do not obey the Pauli exclusion principle.\n2. Fermions have symmetric wave functions and obey the Pauli exclusion principle.\n3. Fermions have antisymmetric wave functions and obey the Pauli exclusion principle.\nAnswer: ",
        "answer": 3
    },
    "27": {
        "question": "The speed of light inside of a nonmagnetic dielectric material with a dielectric constant of 4.0 is\nChoose the best answer from the following options:\n0. 1.2 * 10^9 m/s\n1. 3.0 * 10^8 m/s\n2. 1.5 * 10^8 m/s\n3. 1.0 * 10^8 m/s\nAnswer: 2\n\nSound waves moving at 350 m/s diffract out of a speaker enclosure with an opening that is a long rectangular slit 0.14 m across. At about what frequency will the sound first disappear at an angle of 45q from the normal to the speaker face?\nChoose the best answer from the following options:\n0. 500 Hz\n1. 1,750 Hz\n2. 2,750 Hz\n3. 3,500 Hz\nAnswer: ",
        "answer": 3
    },
    "28": {
        "question": "Protons used in cancer therapy are typically accelerated to about 0.6c . How much work must be done on a particle of mass m in order for it to reach this speed, assuming it starts at rest?\nChoose the best answer from the following options:\n0. 0.25mc^2\n1. 0.60mc^2\n2. 0.67mc^2\n3. 1.25mc^2\nAnswer: 0\n\nA heat pump is to extract heat from an outdoor environment at 7\u00b0C and heat the environment indoors to 27\u00b0C. For each 15,000 J of heat delivered indoors, the smallest amount of work that must be supplied to the heat pump is approximately\nChoose the best answer from the following options:\n0. 500 J\n1. 1,000 J\n2. 1,100 J\n3. 2,000 J\nAnswer: ",
        "answer": 1
    },
    "29": {
        "question": "Unpolarized light is incident on a pair of ideal linear polarizers whose transmission axes make an angle of 45q with each other. The transmitted light intensity through both polarizers is what percentage of the incident intensity?\nChoose the best answer from the following options:\n0. 100%\n1. 75%\n2. 50%\n3. 25%\nAnswer: 3\n\nThe suspension cable of a 1,000 kg elevator snaps, sending the elevator moving downward through its shaft. The emergency brakes of the elevator stop the elevator shortly before it reaches the bottom of the shaft. If the elevator fell a distance of 100 m starting from rest, the heat that the brakes must dissipate to bring the elevator safely to rest is\nChoose the best answer from the following options:\n0. 10,000 J\n1. 100,000 J\n2. 1,000,000 J\n3. 10,000,000 J\nAnswer: ",
        "answer": 2
    },
    "30": {
        "question": "The quantum efficiency of a photon detector is 0.1. If 100 photons are sent into the detector, one after the other, the detector will detect photons\nChoose the best answer from the following options:\n0. exactly 10 times\n1. an average of 10 times, with an rms deviation of about 0.1\n2. an average of 10 times, with an rms deviation of about 1\n3. an average of 10 times, with an rms deviation of about 3\nAnswer: 3\n\nThe quantum efficiency of a photon detector is 0.1. If 100 photons are sent into the detector, one after the other, the detector will detect photons\nChoose the best answer from the following options:\n0. an average of 10 times, with an rms deviation of about 4\n1. an average of 10 times, with an rms deviation of about 3\n2. an average of 10 times, with an rms deviation of about 1\n3. an average of 10 times, with an rms deviation of about 0.1\nAnswer: ",
        "answer": 1
    },
    "31": {
        "question": "A student makes 10 one-second measurements of the disintegration of a sample of a long-lived radioactive isotope and obtains the following values: 3, 0, 2, 1, 2, 4, 0, 1, 2, 5. How long should the student count to establish the rate to an uncertainty of 1 percent?\nChoose the best answer from the following options:\n0. 80 s\n1. 160 s\n2. 2,000 s\n3. 5,000 s\nAnswer: 3\n\nThe rest mass of a particle with total energy 5.0 GeV and momentum 4.9 GeV/c is approximately\nChoose the best answer from the following options:\n0. 0.1 GeV/c^2\n1. 0.2 GeV/c^2\n2. 0.5 GeV/c^2\n3. 1.0 GeV/c^2\nAnswer: ",
        "answer": 3
    },
    "32": {
        "question": "Which of the following lasers utilizes transitions that involve the energy levels of free atoms?\nChoose the best answer from the following options:\n0. Diode laser\n1. Dye laser\n2. Free-electron laser\n3. Gas laser\nAnswer: 3\n\nAn observer O at rest midway between two sources of light at x = 0 and x = 10 m observes the two sources to flash simultaneously. According to a second observer O', moving at a constant speed parallel to the x-axis, one source of light flashes 13 ns before the other. Which of the following gives the speed of O' relative to O?\nChoose the best answer from the following options:\n0. 0.13c\n1. 0.15c\n2. 0.36c\n3. 0.53c\nAnswer: ",
        "answer": 2
    },
    "33": {
        "question": "Which of the following lasers utilizes transitions that involve the energy levels of free atoms?\nChoose the best answer from the following options:\n0. Diode laser\n1. Dye laser\n2. Free-electron laser\n3. Gas laser\nAnswer: 3\n\nA meter stick with a speed of 0.8c moves past an observer. In the observer\u2019s reference frame, how long does it take the stick to pass the observer ?\nChoose the best answer from the following options:\n0. 1.6 ns\n1. 2.5 ns\n2. 4.2 ns\n3. 6.9 ns\nAnswer: ",
        "answer": 1
    },
    "34": {
        "question": "A magnetic field is directed perpendicular to the plane of a circular coil of area 0.2 m^2 and 250 turns. If the magnetic field is increased from 0.01 T to 0.06 T during a time interval of 0.25 s, the average induced EMF in the coil is\nChoose the best answer from the following options:\n0. 0.04 V\n1. 0.1 V\n2. 2.5 V\n3. 10 V\nAnswer: 3\n\nA particle is constrained to move in a circle with a 10-meter radius. At one instant, the particle\u2019s speed is 10 meters per second and is increasing at a rate of 10 meters per second squared. The angle between the particle\u2019s velocity and acceleration vectors is\nChoose the best answer from the following options:\n0. 0\u00b0\n1. 30\u00b0\n2. 45\u00b0\n3. 60\u00b0\nAnswer: ",
        "answer": 2
    },
    "35": {
        "question": "The driver of a police car hears an echo of the car\u2019s siren from a wall toward which the car is moving with a speed of 3.5 m/s. If the speed of sound is 350 m/s and the frequency of the siren is 600 Hz, the driver hears the echo at a frequency nearest to which of the following?\nChoose the best answer from the following options:\n0. 600 Hz\n1. 606 Hz\n2. 612 Hz\n3. 618 Hz\nAnswer: 2\n\nThe emission spectrum of the doubly ionized lithium atom Li++ (Z = 3, A = 7) is identical to that of a hydrogen atom in which all the wavelengths are\nChoose the best answer from the following options:\n0. decreased by a factor of 9\n1. decreased by a factor of 49\n2. decreased by a factor of 81\n3. increased by a factor of 9\nAnswer: ",
        "answer": 0
    },
    "36": {
        "question": "The surface of the Sun has a temperature close to 6,000 K and it emits a blackbody (Planck) spectrum that reaches a maximum near 500 nm. For a body with a surface temperature close to 300 K, at what wavelength would the thermal spectrum reach a maximum?\nChoose the best answer from the following options:\n0. 10:00 PM\n1. 100 Pm\n2. 10 mm\n3. 100 mm\nAnswer: 0\n\nA meter stick with a speed of 0.8c moves past an observer. In the observer\u2019s reference frame, how long does it take the stick to pass the observer ?\nChoose the best answer from the following options:\n0. 1.6 ns\n1. 2.5 ns\n2. 4.2 ns\n3. 6.9 ns\nAnswer: ",
        "answer": 1
    },
    "37": {
        "question": "An observer O at rest midway between two sources of light at x = 0 and x = 10 m observes the two sources to flash simultaneously. According to a second observer O', moving at a constant speed parallel to the x-axis, one source of light flashes 13 ns before the other. Which of the following gives the speed of O' relative to O?\nChoose the best answer from the following options:\n0. 0.13c\n1. 0.15c\n2. 0.36c\n3. 0.53c\nAnswer: 2\n\nConsider three identical, ideal capacitors. The first capacitor is charged to a voltage and then disconnected from the battery. The other two capacitors, initially uncharged and connected in series, are then connected across the first capacitor. What is the final voltage on the first capacitor?\nChoose the best answer from the following options:\n0. V_0/5\n1. V_0/3\n2. V_0/2\n3. 2V_0/3\nAnswer: ",
        "answer": 3
    },
    "38": {
        "question": "Assume that the solar flux at Earth\u2019s surface is 1,000 W/m^2 and that the sunlight is normal to a completely reflecting surface with an area of 3 m^2. What is the total radiation force exerted on the surface?\nChoose the best answer from the following options:\n0. 2 x 10^-6 N\n1. 1 x 10^-5 N\n2. 2 x 10^-5 N\n3. 3 N\nAnswer: 2\n\nThe speed of light inside of a nonmagnetic dielectric material with a dielectric constant of 4.0 is\nChoose the best answer from the following options:\n0. 1.2 * 10^9 m/s\n1. 3.0 * 10^8 m/s\n2. 1.5 * 10^8 m/s\n3. 1.0 * 10^8 m/s\nAnswer: ",
        "answer": 2
    },
    "39": {
        "question": "A uniform solid disk starts from rest and rolls down an inclined plane without slipping. After some time, what fraction of the disk\u2019s total kinetic energy is rotational kinetic energy?\nChoose the best answer from the following options:\n0. 1/4\n1. 1/3\n2. 1/2\n3. 2/3\nAnswer: 1\n\nThe best type of laser with which to do spectroscopy over a range of visible wavelengths is\nChoose the best answer from the following options:\n0. a dye laser\n1. a helium-neon laser\n2. an excimer laser\n3. a ruby laser\nAnswer: ",
        "answer": 0
    },
    "40": {
        "question": "Under certain conditions, a beam of electrons impinging on a crystal surface will diffract and a scattering pattern of the beam can be obtained. What is the approximate kinetic energy of the electrons needed in order to see the pattern? (Assume the lattice spacing of the crystal to be 0.4 nm.)\nChoose the best answer from the following options:\n0. 0.1 eV\n1. 1 eV\n2. 10 eV\n3. 100 eV\nAnswer: 2\n\nA heat pump is to extract heat from an outdoor environment at 7\u00b0C and heat the environment indoors to 27\u00b0C. For each 15,000 J of heat delivered indoors, the smallest amount of work that must be supplied to the heat pump is approximately\nChoose the best answer from the following options:\n0. 500 J\n1. 1,000 J\n2. 1,100 J\n3. 2,000 J\nAnswer: ",
        "answer": 1
    },
    "41": {
        "question": "Under certain conditions, a beam of electrons impinging on a crystal surface will diffract and a scattering pattern of the beam can be obtained. What is the approximate kinetic energy of the electrons needed in order to see the pattern? (Assume the lattice spacing of the crystal to be 0.4 nm.)\nChoose the best answer from the following options:\n0. 0.1 eV\n1. 1 eV\n2. 10 eV\n3. 100 eV\nAnswer: 2\n\nThe driver of a police car hears an echo of the car\u2019s siren from a wall toward which the car is moving with a speed of 3.5 m/s. If the speed of sound is 350 m/s and the frequency of the siren is 600 Hz, the driver hears the echo at a frequency nearest to which of the following?\nChoose the best answer from the following options:\n0. 600 Hz\n1. 606 Hz\n2. 612 Hz\n3. 618 Hz\nAnswer: ",
        "answer": 2
    },
    "42": {
        "question": "A single-electron atom has the electron in the l = 2 state. The number of allowed values of the quantum number m_l is\nChoose the best answer from the following options:\n0. 5\n1. 4\n2. 3\n3. 2\nAnswer: 0\n\nA photon strikes an electron of mass m that is initially at rest, creating an electron-positron pair. The photon is destroyed and the positron and two electrons move off at equal speeds along the initial direction of the photon. The energy of the photon was\nChoose the best answer from the following options:\n0. mc^2\n1. 2mc^2\n2. 3mc^2\n3. 4mc^2\nAnswer: ",
        "answer": 3
    },
    "43": {
        "question": "Two identical satellites, A and B, are in circular orbits around Earth. The orbital radius of A is twice that of B. Which of the following gives the ratio of the angular momentum of A to the angular momentum of B?\nChoose the best answer from the following options:\n0. 4\n1. 2\n2. sqrt(2)\n3. 1/sqrt(2)\nAnswer: 2\n\nUnder ideal conditions, the electric and magnetic fields inside a superconductor are zero. Maxwell\u2019s equations imply that which of the following must be true just outside the surface of the superconductor?\nChoose the best answer from the following options:\n0. B = 0\n1. B is perpendicular to the surface.\n2. B is tangential to the surface.\n3. B is time independent.\nAnswer: ",
        "answer": 2
    },
    "44": {
        "question": "A particle is constrained to move in a circle with a 10-meter radius. At one instant, the particle\u2019s speed is 10 meters per second and is increasing at a rate of 10 meters per second squared. The angle between the particle\u2019s velocity and acceleration vectors is\nChoose the best answer from the following options:\n0. 0\u00b0\n1. 30\u00b0\n2. 45\u00b0\n3. 60\u00b0\nAnswer: 2\n\nAn atom has filled n = 1 and n = 2 levels. How many electrons does the atom have?\nChoose the best answer from the following options:\n0. 2\n1. 4\n2. 6\n3. 10\nAnswer: ",
        "answer": 3
    },
    "45": {
        "question": "According to the BCS theory, the attraction between Cooper pairs in a superconductor is due to\nChoose the best answer from the following options:\n0. the weak nuclear force\n1. the strong nuclear force\n2. vacuum polarization\n3. interactions with the ionic lattice\nAnswer: 3\n\nThe coefficient of static friction between a small coin and the surface of a turntable is 0.30. The turntable rotates at 33.3 revolutions per minute. What is the maximum distance from the center of the turntable at which the coin will not slide?\nChoose the best answer from the following options:\n0. 0.024 m\n1. 0.048 m\n2. 0.121 m\n3. 0.242 m\nAnswer: ",
        "answer": 3
    },
    "46": {
        "question": "White light is normally incident on a puddle of water (index of refraction 1.33). A thin (500 nm) layer of oil (index of refraction 1.5) floats on the surface of the puddle. Of the following, the most strongly reflected wavelength is\nChoose the best answer from the following options:\n0. 500 nm\n1. 550 nm\n2. 600 nm\n3. 650 nm\nAnswer: 2\n\nA 10 kg box slides horizontally without friction at a speed of 1 m/s. At one point, a constant force is applied to the box in the direction of its motion. The box travels 5 m with the constant force applied. The force is then removed, leaving the box with a speed of 2 m/s. Which of the following gives the magnitude of the applied force?\nChoose the best answer from the following options:\n0. 1 N\n1. 2 N\n2. 3 N\n3. 4 N\nAnswer: ",
        "answer": 2
    },
    "47": {
        "question": "A resistor in a circuit dissipates energy at a rate of 1 W. If the voltage across the resistor is doubled, what will be the new rate of energy dissipation?\nChoose the best answer from the following options:\n0. 0.25 W\n1. 0.5 W\n2. 1 W\n3. 4 W\nAnswer: 3\n\nLight of variable frequency shines on the metal surface of a photoelectric tube. Einstein\u2019s theory of the photoelectric effect predicts that the\nChoose the best answer from the following options:\n0. work function of the metal is proportional to the frequency\n1. work function of the metal is proportional to the wavelength\n2. current in the tube is a linear function of the wavelength\n3. potential difference necessary to stop the emitted electrons is a linear function of the frequency above the threshold frequency\nAnswer: ",
        "answer": 3
    },
    "48": {
        "question": "The primary source of the Sun\u2019s energy is a series of thermonuclear reactions in which the energy produced is c^2 times the mass difference between\nChoose the best answer from the following options:\n0. two hydrogen atoms and one helium atom\n1. four hydrogen atoms and one helium atom\n2. six hydrogen atoms and two helium atoms\n3. three helium atoms and one carbon atom\nAnswer: 1\n\nThe quantum efficiency of a photon detector is 0.1. If 100 photons are sent into the detector, one after the other, the detector will detect photons\nChoose the best answer from the following options:\n0. an average of 10 times, with an rms deviation of about 4\n1. an average of 10 times, with an rms deviation of about 3\n2. an average of 10 times, with an rms deviation of about 1\n3. an average of 10 times, with an rms deviation of about 0.1\nAnswer: ",
        "answer": 1
    },
    "49": {
        "question": "By definition, the electric displacement current through a surface S is proportional to the\nChoose the best answer from the following options:\n0. magnetic flux through S\n1. rate of change of the magnetic flux through S\n2. time integral of the magnetic flux through S\n3. rate of change of the electric flux through S\nAnswer: 3\n\nA tube of water is traveling at 1/2 c relative to the lab frame when a beam of light traveling in the same direction as the tube enters it. What is the speed of light in the water relative to the lab frame? (The index of refraction of water is 4/3.)\nChoose the best answer from the following options:\n0. 1/2 c\n1. 2/3 c\n2. 5/6 c\n3. 10/11 c\nAnswer: ",
        "answer": 3
    }
}