{
    "0": {
        "question": "The Space Shuttle orbits 300 km above the Earth\u2019s surface; the Earth\u2019s radius is 6400 km. What is the acceleration due to Earth\u2019s gravity experienced by the Space Shuttle?\nChoose the best answer from the following options:\n0. 4.9 m/s^2\n1. 8.9 m/s^2\n2. 9.8 m/s^2\n3. 10.8 m/s^2\nAnswer: 1\n\nA magnetic field is directed perpendicular to the plane of a circular coil of area 0.2 m^2 and 250 turns. If the magnetic field is increased from 0.01 T to 0.06 T during a time interval of 0.25 s, the average induced EMF in the coil is\nChoose the best answer from the following options:\n0. 0.04 V\n1. 0.1 V\n2. 2.5 V\n3. 10 V\nAnswer: 3\n\nAn electric motor has a label on it that reads: Input: 120V AC, 1.0 Amps, 60 Hz - Efficiency - 75%. At what constant speed can the motor lift up a 6 kg mass?\nChoose the best answer from the following options:\n0. 0.5 m/s\n1. 1.0 m/s\n2. 1.5 m/s\n3. 2.0 m/s\nAnswer: 2\n\nUnder certain conditions, a beam of electrons impinging on a crystal surface will diffract and a scattering pattern of the beam can be obtained. What is the approximate kinetic energy of the electrons needed in order to see the pattern? (Assume the lattice spacing of the crystal to be 0.4 nm.)\nChoose the best answer from the following options:\n0. 0.1 eV\n1. 1 eV\n2. 10 eV\n3. 100 eV\nAnswer: ",
        "answer": 2
    },
    "1": {
        "question": "Which of the following types of electromagnetic radiation has the longest wavelength?\nChoose the best answer from the following options:\n0. Gamma rays\n1. Ultraviolet\n2. Blue light\n3. Orange light\nAnswer: 3\n\nStanding waves are produced by a 100-Hz generator in a string of fixed length. The tension in the string is increased until a new set of standing waves is produced. Will the wavelength of the new standing waves be greater than or less than the wavelength of the original standing waves?\nChoose the best answer from the following options:\n0. Less, because the tension in the string varies directly with the wave speed, which varies inversely with the wavelength.\n1. Greater, because the tension in the string varies directly with the wave speed, which varies inversely with the wavelength.\n2. Greater, because the tension in the string varies directly with the wave speed, which varies directly with the wavelength.\n3. Less, because the tension in the string varies directly with the wave speed, which varies directly with the wavelength.\nAnswer: 2\n\nTwo spaceships approach Earth with equal speeds, as measured by an observer on Earth, but from opposite directions. A meterstick on one spaceship is measured to be 60 cm long by an occupant of the other spaceship. What is the speed of each spaceship, as measured by the observer on Earth?\nChoose the best answer from the following options:\n0. 0.4c\n1. 0.5c\n2. 0.6c\n3. 0.7c\nAnswer: 1\n\nThe negative muon, mu^-, has properties most similar to which of the following?\nChoose the best answer from the following options:\n0. Electron\n1. Meson\n2. Photon\n3. Boson\nAnswer: ",
        "answer": 0
    },
    "2": {
        "question": "Which of the following gives the total spin quantum number of the electrons in the ground state of neutral nitrogen (Z = 7)?\nChoose the best answer from the following options:\n0. 1/2\n1. 1\n2. 3/2\n3. 5/2\nAnswer: 2\n\nWhich of the following changes to a double-slit interference experiment would increase the widths of the fringes in the interference pattern that appears on the screen?\nChoose the best answer from the following options:\n0. Use light of a shorter wavelength.\n1. Move the screen closer to the slits.\n2. Move the slits closer together.\n3. Use light with a lower wave speed.\nAnswer: 2\n\nTwo isolated particles, A and B, are 4 m apart. Particle A has a net charge of 2Q, and B has a net charge of Q. The ratio of the magnitude of the electric force on A to that on B is\nChoose the best answer from the following options:\n0. 4:01\n1. 2:01\n2. 1:01\n3. 1:02\nAnswer: 2\n\nAt the present time, the temperature of the universe (i.e., the microwave radiation background) is about 3 K. When the temperature was 12 K, typical objects in the universe, such as galaxies, were\nChoose the best answer from the following options:\n0. one-quarter as distant as they are today\n1. one-half as distant as they are today\n2. separated by about the same distances as they are today\n3. two times as distant as they are today\nAnswer: ",
        "answer": 0
    },
    "3": {
        "question": "Which of the following types of electromagnetic radiation has the longest wavelength?\nChoose the best answer from the following options:\n0. Gamma rays\n1. Ultraviolet\n2. Blue light\n3. Orange light\nAnswer: 3\n\nThe driver of a police car hears an echo of the car\u2019s siren from a wall toward which the car is moving with a speed of 3.5 m/s. If the speed of sound is 350 m/s and the frequency of the siren is 600 Hz, the driver hears the echo at a frequency nearest to which of the following?\nChoose the best answer from the following options:\n0. 600 Hz\n1. 606 Hz\n2. 612 Hz\n3. 618 Hz\nAnswer: 2\n\nA solid, metal object is isolated from other charges and has charge distributed on its surface. The charge distribution is not uniform. It may be correctly concluded that the\nChoose the best answer from the following options:\n0. electric field outside the object is zero\n1. the electric field outside the object is equal to the electric field inside the object\n2. the electric field outside the object is directly proportional to the distance away from the center of mass of the object\n3. the electric field outside the object, but very close to the surface, is equal to the surface charge density at any location divided by the permittivity of free space\nAnswer: 3\n\nA magnetic field is directed perpendicular to the plane of a circular coil of area 0.2 m^2 and 250 turns. If the magnetic field is increased from 0.01 T to 0.06 T during a time interval of 0.25 s, the average induced EMF in the coil is\nChoose the best answer from the following options:\n0. 0.04 V\n1. 0.1 V\n2. 2.5 V\n3. 10 V\nAnswer: ",
        "answer": 3
    },
    "4": {
        "question": "At 20\u00b0C, a pipe open at both ends resonates at a frequency of 440 hertz. At what frequency does the same pipe resonate on a particularly cold day when the speed of sound is 3 percent lower than it would be at 20\u00b0C ?\nChoose the best answer from the following options:\n0. 414 Hz\n1. 427 Hz\n2. 433 Hz\n3. 440 Hz\nAnswer: 1\n\nAn alarm whose frequency is 400 Hz is dropped out of a third-floor window. The student who drops it measures the frequency with a very sensitive oscilloscope. The measured frequency\nChoose the best answer from the following options:\n0. appears higher than 400 Hz and the frequency increase as it falls\n1. appears higher than 400 Hz and the frequency decreases as it falls\n2. appears lower than 400 Hz and the frequency decreases as it falls\n3. appears lower than 400 Hz and the frequency increases as it falls\nAnswer: 2\n\nA textbook weighs 30 N at sea level. Earth\u2019s radius is 6,400 km. Which of the following is the best estimate of the textbook\u2019s weight on a mountain peak located 6,000 m above sea level?\nChoose the best answer from the following options:\n0. 60 N\n1. 15 N\n2. 30 N\n3. 7.5 N\nAnswer: 2\n\nTwo spaceships approach Earth with equal speeds, as measured by an observer on Earth, but from opposite directions. A meterstick on one spaceship is measured to be 60 cm long by an occupant of the other spaceship. What is the speed of each spaceship, as measured by the observer on Earth?\nChoose the best answer from the following options:\n0. 0.4c\n1. 0.5c\n2. 0.6c\n3. 0.7c\nAnswer: ",
        "answer": 1
    },
    "5": {
        "question": "A box sits on an inclined plane without sliding. As the angle of the plane (measured from the horizontal) increases, the normal force\nChoose the best answer from the following options:\n0. increases linearly\n1. decreases linearly\n2. does not change\n3. decreases nonlinearly\nAnswer: 3\n\nHow much current does a 60 W light bulb draw if it operates at a voltage of 120 V ?\nChoose the best answer from the following options:\n0. 0.25 A\n1. 0.5 A\n2. 2:00 AM\n3. 4:00 AM\nAnswer: 1\n\nA magnetic field is directed perpendicular to the plane of a circular coil of area 0.2 m^2 and 250 turns. If the magnetic field is increased from 0.01 T to 0.06 T during a time interval of 0.25 s, the average induced EMF in the coil is\nChoose the best answer from the following options:\n0. 0.04 V\n1. 0.1 V\n2. 2.5 V\n3. 10 V\nAnswer: 3\n\nA gas cell with an optical path length of 10 cm is placed in one arm of a Michelson interferometer. If the light source for the interferometer is a laser with wavelength 632.2 nm, then 100 fringes are counted as the gas cell is evacuated. What is the index of refraction of the original gas?\nChoose the best answer from the following options:\n0. 1.00063\n1. 1.00032\n2. 1.00016\n3. 0.99968\nAnswer: ",
        "answer": 1
    },
    "6": {
        "question": "The coefficient of static friction between a small coin and the surface of a turntable is 0.30. The turntable rotates at 33.3 revolutions per minute. What is the maximum distance from the center of the turntable at which the coin will not slide?\nChoose the best answer from the following options:\n0. 0.024 m\n1. 0.048 m\n2. 0.121 m\n3. 0.242 m\nAnswer: 3\n\nA solid plastic cube with uniform density (side length = 0.5 m) of mass 100 kg is placed in a vat of fluid whose density is 1200 kg/m^3. What fraction of the cube's volume floats above the surface of the fluid?\nChoose the best answer from the following options:\n0. 1.0/9\n1. 1.0/3\n2. 2.0/3\n3. 4.0/5\nAnswer: 1\n\nWhich of the following is NOT equal to one tesla?\nChoose the best answer from the following options:\n0. 1 J/(A*m^2)\n1. 1 kg/(C*s)\n2. 1 N/(A*m)\n3. 1 A*N/V\nAnswer: 3\n\nA nonrelativistic particle with a charge twice that of an electron moves through a uniform magnetic field. The field has a strength of \u03c0/4 tesla and is perpendicular to the velocity of the particle. What is the particle\u2019s mass if it has a cyclotron frequency of 1,600 hertz?\nChoose the best answer from the following options:\n0. 2.5 * 10^-23 kg\n1. 1.2 * 10^-22 kg\n2. 3.3 * 10^-22 kg\n3. 5.0 * 10^-21 kg\nAnswer: ",
        "answer": 0
    },
    "7": {
        "question": "Data is collected in an experiment preformed on an ideal gas. In the experiment, temperature (in K) is the independent variable and volume (in m^3) is the dependent variable. If a plot is produced where the dependent variable is on the vertical axis, which of the following is true about the slope and y-intercept of the graph?\nChoose the best answer from the following options:\n0. The slope will be linearly proportional to the pressure of the gas and the intercept will be 0 m^3.\n1. The slope will be inversely proportional to the pressure of the gas and the intercept will be 0 m^3.\n2. The slope will be linearly proportional to the pressure of the gas and the intercept will not be 0 m^3.\n3. The slope will be inversely proportional to the pressure of the gas and the intercept will not be 0 m^3.\nAnswer: 1\n\nThe primary source of the Sun\u2019s energy is a series of thermonuclear reactions in which the energy produced is c^2 times the mass difference between\nChoose the best answer from the following options:\n0. two hydrogen atoms and one helium atom\n1. four hydrogen atoms and one helium atom\n2. six hydrogen atoms and two helium atoms\n3. three helium atoms and one carbon atom\nAnswer: 1\n\nA whiffle ball is tossed straight up, reaches a highest point, and falls back down. Air resistance is not negligible. Which of the following statements are true?\nI. The ball\u2019s speed is zero at the highest point.\nII. The ball\u2019s acceleration is zero at the highest point.\nIII. The ball takes a longer time to travel up to the highest point than to fall back down.\nChoose the best answer from the following options:\n0. I only\n1. II only\n2. I & II only\n3. I & III only\nAnswer: 2\n\nThe primary source of the Sun\u2019s energy is a series of thermonuclear reactions in which the energy produced is c^2 times the mass difference between\nChoose the best answer from the following options:\n0. two hydrogen atoms and one helium atom\n1. four hydrogen atoms and one helium atom\n2. six hydrogen atoms and two helium atoms\n3. three helium atoms and one carbon atom\nAnswer: ",
        "answer": 1
    },
    "8": {
        "question": "In a nonrelativistic, one-dimensional collision, a particle of mass 2m collides with a particle of mass m at rest. If the particles stick together after the collision, what fraction of the initial kinetic energy is lost in the collision?\nChoose the best answer from the following options:\n0. 0\n1. 1/4\n2. 1/3\n3. 1/2\nAnswer: 2\n\nA car rounds a banked curve of uniform radius. Three forces act on the car: a friction force between the tires and the road, the normal force from the road, and the weight of the car. Which provides the centripetal force which keeps the car in circular motion?\nChoose the best answer from the following options:\n0. the friction force alone\n1. the normal force alone\n2. the weight alone\n3. a combination of the normal force and the friction force\nAnswer: 3\n\nWhich of the following types of electromagnetic radiation has the longest wavelength?\nChoose the best answer from the following options:\n0. Gamma rays\n1. Ultraviolet\n2. Blue light\n3. Orange light\nAnswer: 3\n\nUnder certain conditions, a beam of electrons impinging on a crystal surface will diffract and a scattering pattern of the beam can be obtained. What is the approximate kinetic energy of the electrons needed in order to see the pattern? (Assume the lattice spacing of the crystal to be 0.4 nm.)\nChoose the best answer from the following options:\n0. 0.1 eV\n1. 1 eV\n2. 10 eV\n3. 100 eV\nAnswer: ",
        "answer": 2
    },
    "9": {
        "question": "Which of the following is true about any system that undergoes a reversible thermodynamic process?\nChoose the best answer from the following options:\n0. There are no changes in the internal energy of the system.\n1. The temperature of the system remains constant during the process.\n2. The entropy of the system and its environment remains unchanged.\n3. The entropy of the system and its environment must increase.\nAnswer: 2\n\nA rock drops onto a pond with a smooth surface. A few moments later, the wave produced by the rock\u2019s impact arrives at the shore, touching the ankles of a wading child. Which of the following observations provides evidence that the portion of the wave hitting the child\u2019s ankles carries less energy than the wave did when it was first created by the rock\u2019s impact?\nChoose the best answer from the following options:\n0. The wave is moving more slowly.\n1. The wave pulse\u2019s width has become greater.\n2. The wave pulse\u2019s width has become smaller.\n3. The wave\u2019s height has become smaller.\nAnswer: 3\n\nA sphere, a cube, and a cylinder, all of equal mass, are released from rest from the top of a short incline. The surface of the incline is extremely slick, so much so that the objects do not rotate when released, but rather slide with negligible friction. Which reaches the base of the incline first?\nChoose the best answer from the following options:\n0. the sphere\n1. the cube\n2. the cylinder\n3. All reach the base at the same time.\nAnswer: 3\n\nA 10 kg box slides horizontally without friction at a speed of 1 m/s. At one point, a constant force is applied to the box in the direction of its motion. The box travels 5 m with the constant force applied. The force is then removed, leaving the box with a speed of 2 m/s. Which of the following gives the magnitude of the applied force?\nChoose the best answer from the following options:\n0. 1 N\n1. 2 N\n2. 3 N\n3. 4 N\nAnswer: ",
        "answer": 2
    },
    "10": {
        "question": "The energy required to remove both electrons from the helium atom in its ground state is 79.0 eV. How much energy is required to ionize helium (i.e., to remove one electron)?\nChoose the best answer from the following options:\n0. 24.6 eV\n1. 39.5 eV\n2. 51.8 eV\n3. 54.4 eV\nAnswer: 0\n\nA box of mass m slides on a horizontal surface with initial speed v0. It feels no forces other than gravity and the force from the surface. If the coefficient of kinetic friction between the box and the surface is \u03bc, how far does the box slide before coming to rest?\nChoose the best answer from the following options:\n0. v0^2/(2\u03bcg)\n1. v0^2/(\u03bcg)\n2. 2v0^2/(\u03bcg)\n3. mv0^2/(\u03bcg)\nAnswer: 0\n\nThe plates of a capacitor are charged to a potential difference of 5 V. If the capacitance is 2 mF, what is the charge on the positive plate?\nChoose the best answer from the following options:\n0. 0.005 C\n1. 0.01 C\n2. 0.02 C\n3. 0.5 C\nAnswer: 1\n\nWhite light is normally incident on a puddle of water (index of refraction 1.33). A thin (500 nm) layer of oil (index of refraction 1.5) floats on the surface of the puddle. Of the following, the most strongly reflected wavelength is\nChoose the best answer from the following options:\n0. 500 nm\n1. 550 nm\n2. 600 nm\n3. 650 nm\nAnswer: ",
        "answer": 2
    },
    "11": {
        "question": "A fluid of density \u03c1 flows through a horizontal pipe with negligible viscosity. The flow is streamlined with constant flow rate. The diameter of the pipe at Point 1 is d and the flow speed is V. If the diameter of the pipe at Point 2 is d/3, then the pressure at Point 2 is\nChoose the best answer from the following options:\n0. less than the pressure at Point 1 by 4 \u03c1v^2\n1. less than the pressure at Point 1 by 40 \u03c1v^2\n2. more than the pressure at Point 1 by 4 \u03c1v^2\n3. more than the pressure at Point 1 by 40 \u03c1v^2\nAnswer: 1\n\nA photon strikes an electron of mass m that is initially at rest, creating an electron-positron pair. The photon is destroyed and the positron and two electrons move off at equal speeds along the initial direction of the photon. The energy of the photon was\nChoose the best answer from the following options:\n0. mc^2\n1. 2mc^2\n2. 3mc^2\n3. 4mc^2\nAnswer: 3\n\nSpring scales are used to measure the net force applied to an object; a sonic motion detector is used to measure the object\u2019s resulting acceleration. A graph is constructed with the net force on the vertical axis and the acceleration on the horizontal axis. Which of the following quantities is directly measured using the slope of this graph?\nChoose the best answer from the following options:\n0. Gravitational mass\n1. Weight\n2. Velocity\n3. Inertial mass\nAnswer: 3\n\nA resistor in a circuit dissipates energy at a rate of 1 W. If the voltage across the resistor is doubled, what will be the new rate of energy dissipation?\nChoose the best answer from the following options:\n0. 0.25 W\n1. 0.5 W\n2. 1 W\n3. 4 W\nAnswer: ",
        "answer": 3
    },
    "12": {
        "question": "An astronaut lands on a planet whose mass and radius are each twice that of Earth. If the astronaut weighs 800 N on Earth, how much will he weigh on this planet?\nChoose the best answer from the following options:\n0. 200 N\n1. 400 N\n2. 800 N\n3. 1600 N\nAnswer: 1\n\nWhich of the following gives the total spin quantum number of the electrons in the ground state of neutral nitrogen (Z = 7)?\nChoose the best answer from the following options:\n0. 1/2\n1. 1\n2. 3/2\n3. 5/2\nAnswer: 2\n\nWhich configuration of battery and resistors will create a circuit with the greatest current?\nChoose the best answer from the following options:\n0. A high voltage battery with resistors arranged in series\n1. A high voltage battery with resistors arranged in parallel\n2. A low voltage battery with resistors arranged in series\n3. A low voltage battery with resistors arranged in parallel\nAnswer: 0\n\nOne end of a horizontal, massless spring is attached to a wall. A mass of 0.30 kg is attached to the other end of the spring and rests on a table. The mass is displaced 0.030 m from its equilibrium position and released. It has a speed of 0.040 m/s as it passes through its equilibrium position. In the absence of friction, what is the total mechanical energy of the system?\nChoose the best answer from the following options:\n0. 0.24 mJ\n1. 0.38 mJ\n2. 0.48 mJ\n3. 0.75 mJ\nAnswer: ",
        "answer": 0
    },
    "13": {
        "question": "Characteristic X rays, appearing as sharp lines on a continuous background, are produced when high-energy electrons bombard a metal target. Which of the following processes results in the characteristic X rays?\nChoose the best answer from the following options:\n0. Electrons producing \u010cerenkov radiation\n1. Electrons colliding with phonons in the metal\n2. Electrons filling inner shell vacancies that are created in the metal atoms\n3. Electrons combining with protons to form neutrons\nAnswer: 2\n\nIn an experiment designed to study the photoelectric effect, it is observed that low-intensity visible light of wavelength 550 nm produced no photoelectrons. Which of the following best describes what would occur if the intensity of this light were increased dramatically?\nChoose the best answer from the following options:\n0. Almost immediately, photoelectrons would be produced with a kinetic energy equal to the energy of the incident photons.\n1. Almost immediately, photoelectrons would be produced with a kinetic energy equal to the energy of the incident photons minus the work function of the metal.\n2. After several seconds, necessary for the electrons to absorb sufficient energy from the incident light, photoelectrons would be produced with a kinetic energy equal to the energy of the incident photons minus the work function of the metal.\n3. Nothing would happen.\nAnswer: 3\n\nThe radius of Mars is about half that of Earth; the mass of Mars is about one-tenth that of Earth. Which of the following is closest to the gravitational field at the surface of Mars?\nChoose the best answer from the following options:\n0. 10 N/kg\n1. 4 N/kg\n2. 2 N/kg\n3. 0.5 N/kg\nAnswer: 1\n\nA particle decays in 2.0 ms in its rest frame. If the same particle moves at v=0.60c in the lab frame, how far will it travel in the lab before decaying?\nChoose the best answer from the following options:\n0. 150 m\n1. 288 m\n2. 360 m\n3. 450 m\nAnswer: ",
        "answer": 3
    },
    "14": {
        "question": "A bi-convex lens has a radius of curvature of magnitude 20 cm. Which of the following best describes the image formed of an object of height 2 cm placed 30 cm from the lens?\nChoose the best answer from the following options:\n0. Real, inverted, height = 1 cm\n1. Virtual, upright, height = 0.25 cm\n2. Real, upright, height = 1 cm\n3. Virtual, inverted, height = 0.25 cm\nAnswer: 0\n\nThe speed of light inside of a nonmagnetic dielectric material with a dielectric constant of 4.0 is\nChoose the best answer from the following options:\n0. 1.2 * 10^9 m/s\n1. 3.0 * 10^8 m/s\n2. 1.5 * 10^8 m/s\n3. 1.0 * 10^8 m/s\nAnswer: 2\n\nA stone is thrown horizontally with an initial speed of 30 m/s from a bridge. Find the stone's total speed when it enters the water 4 seconds later, assuming that air resistance is negligible.\nChoose the best answer from the following options:\n0. 30 m/s\n1. 40 m/s\n2. 50 m/s\n3. 60 m/s\nAnswer: 2\n\nWhich of the following gives the total spin quantum number of the electrons in the ground state of neutral nitrogen (Z = 7)?\nChoose the best answer from the following options:\n0. 1/2\n1. 1\n2. 3/2\n3. 5/2\nAnswer: ",
        "answer": 2
    },
    "15": {
        "question": "A man stands with his hands to his sides on a frictionless platform that is rotating. Which of the following could change the angular momentum of the man-platform system?\nChoose the best answer from the following options:\n0. The man catches a baseball thrown to him by a friend.\n1. The man thrusts his arms out away from his body\n2. The man thrusts his arms out away from his body, and then quickly brings his arms back to his side again.\n3. The man jumps straight up in the air and lands back on the platform.\nAnswer: 0\n\nWhich of the following is true about any system that undergoes a reversible thermodynamic process?\nChoose the best answer from the following options:\n0. There are no changes in the internal energy of the system.\n1. The temperature of the system remains constant during the process.\n2. The entropy of the system and its environment remains unchanged.\n3. The entropy of the system and its environment must increase.\nAnswer: 2\n\nA 30 mF capacitor has 6 millicoulombs of charge on each plate. The energy stored in the capacitor is most nearly\nChoose the best answer from the following options:\n0. 5.4 \u00d7 10\u201310 J\n1. 9.0 \u00d7 10\u20138 J\n2. 0.6 J\n3. 12.5 J\nAnswer: 2\n\nA spring of force constant k is stretched a certain distance. It takes twice as much work to stretch a second spring by half this distance. The force constant of the second spring is\nChoose the best answer from the following options:\n0. k\n1. 2k\n2. 4k\n3. 8k\nAnswer: ",
        "answer": 3
    },
    "16": {
        "question": "A man stands on a platform scale in an elevator. The elevator moves upward, speeding up. What is the action-reaction force pair to the man\u2019s weight?\nChoose the best answer from the following options:\n0. The force of the elevator cable on the man\n1. The force of the man on the scale\n2. The force of the elevator cable on the elevator\n3. The force of the man on the Earth\nAnswer: 3\n\nA grating spectrometer can just barely resolve two wavelengths of 500 nm and 502 nm, respectively. Which of the following gives the resolving power of the spectrometer?\nChoose the best answer from the following options:\n0. 2\n1. 250\n2. 5,000\n3. 10,000\nAnswer: 1\n\nPretend someone actually managed to dig a hole straight through the center of the Earth all the way to the other side. If an object were dropped down that hole, which of the following would best describe its motion? Assume ideal conditions and that the object cannot be destroyed.\nChoose the best answer from the following options:\n0. It would fall to the center of the Earth and stop there.\n1. It would fall through the hole to the other side, continue past the opposite side\u2019s opening, and fly into space.\n2. It would oscillate back and forth from one opening to the other indefinitely.\n3. It would fall to the other side and stop there.\nAnswer: 2\n\nThe energy from electromagnetic waves in equilibrium in a cavity is used to melt ice. If the Kelvin temperature of the cavity is increased by a factor of two, the mass of ice that can be melted in a fixed amount of time is increased by a factor of\nChoose the best answer from the following options:\n0. 2\n1. 4\n2. 8\n3. 16\nAnswer: ",
        "answer": 3
    },
    "17": {
        "question": "White light is normally incident on a puddle of water (index of refraction 1.33). A thin (500 nm) layer of oil (index of refraction 1.5) floats on the surface of the puddle. Of the following, the most strongly reflected wavelength is\nChoose the best answer from the following options:\n0. 500 nm\n1. 550 nm\n2. 600 nm\n3. 650 nm\nAnswer: 2\n\nWhat happens to the pressure, P, of an ideal gas if the temperature is increased by a factor of 2 and the volume is increased by a factor of 8 ?\nChoose the best answer from the following options:\n0. P decreases by a factor of 16.\n1. P decreases by a factor of 4.\n2. P decreases by a factor of 2.\n3. P increases by a factor of 4.\nAnswer: 1\n\nWhat happens to the force of gravitational attraction between two small objects if the mass of each object is doubled and the distance between their centers is doubled?\nChoose the best answer from the following options:\n0. It is doubled.\n1. It is quadrupled.\n2. It is halved.\n3. It remains the same.\nAnswer: 3\n\nOne end of a horizontal, massless spring is attached to a wall. A mass of 0.30 kg is attached to the other end of the spring and rests on a table. The mass is displaced 0.030 m from its equilibrium position and released. It has a speed of 0.040 m/s as it passes through its equilibrium position. In the absence of friction, what is the total mechanical energy of the system?\nChoose the best answer from the following options:\n0. 0.24 mJ\n1. 0.38 mJ\n2. 0.48 mJ\n3. 0.75 mJ\nAnswer: ",
        "answer": 0
    },
    "18": {
        "question": "A rod measures 1.00 m in its rest system. How fast must an observer move parallel to the rod to measure its length to be 0.80 m?\nChoose the best answer from the following options:\n0. 0.50c\n1. 0.60c\n2. 0.70c\n3. 0.80c\nAnswer: 1\n\nA rigid, solid container of constant volume holds an ideal gas of volume v1 and temperature T1 and pressure P1. The temperature is increased in an isochoric process. Which of the following is NOT true?\nChoose the best answer from the following options:\n0. The average speed of the molecules increases.\n1. The pressure increases.\n2. The kinetic energy of the system increases.\n3. The volume increases.\nAnswer: 3\n\nA nonconducting sphere is given a nonzero net electric charge, +Q, and then brought close to a neutral conducting sphere of the same radius. Which of the following will be true?\nChoose the best answer from the following options:\n0. An electric field will be induced within the conducting sphere.\n1. The conducting sphere will develop a net electric charge of \u2013Q.\n2. The spheres will experience an electrostatic attraction.\n3. The spheres will experience an electrostatic repulsion.\nAnswer: 2\n\nThe surface of the Sun has a temperature close to 6,000 K and it emits a blackbody (Planck) spectrum that reaches a maximum near 500 nm. For a body with a surface temperature close to 300 K, at what wavelength would the thermal spectrum reach a maximum?\nChoose the best answer from the following options:\n0. 10:00 PM\n1. 100 Pm\n2. 10 mm\n3. 100 mm\nAnswer: ",
        "answer": 0
    },
    "19": {
        "question": "An alarm whose frequency is 400 Hz is dropped out of a third-floor window. The student who drops it measures the frequency with a very sensitive oscilloscope. The measured frequency\nChoose the best answer from the following options:\n0. appears higher than 400 Hz and the frequency increase as it falls\n1. appears higher than 400 Hz and the frequency decreases as it falls\n2. appears lower than 400 Hz and the frequency decreases as it falls\n3. appears lower than 400 Hz and the frequency increases as it falls\nAnswer: 2\n\nA rod measures 1.00 m in its rest system. How fast must an observer move parallel to the rod to measure its length to be 0.80 m?\nChoose the best answer from the following options:\n0. 0.50c\n1. 0.60c\n2. 0.70c\n3. 0.80c\nAnswer: 1\n\nAn electric motor has a label on it that reads: Input: 120V AC, 1.0 Amps, 60 Hz - Efficiency - 75%. At what constant speed can the motor lift up a 6 kg mass?\nChoose the best answer from the following options:\n0. 0.5 m/s\n1. 1.0 m/s\n2. 1.5 m/s\n3. 2.0 m/s\nAnswer: 2\n\nA three-dimensional harmonic oscillator is in thermal equilibrium with a temperature reservoir at temperature T. The average total energy of the oscillator is\nChoose the best answer from the following options:\n0. (1/2) k T\n1. kT\n2. (3/2) k T\n3. 3kT\nAnswer: ",
        "answer": 3
    },
    "20": {
        "question": "In an experiment designed to study the photoelectric effect, it is observed that low-intensity visible light of wavelength 550 nm produced no photoelectrons. Which of the following best describes what would occur if the intensity of this light were increased dramatically?\nChoose the best answer from the following options:\n0. Almost immediately, photoelectrons would be produced with a kinetic energy equal to the energy of the incident photons.\n1. Almost immediately, photoelectrons would be produced with a kinetic energy equal to the energy of the incident photons minus the work function of the metal.\n2. After several seconds, necessary for the electrons to absorb sufficient energy from the incident light, photoelectrons would be produced with a kinetic energy equal to the energy of the incident photons minus the work function of the metal.\n3. Nothing would happen.\nAnswer: 3\n\nConsider an electron in the n = 4, l = 1 state in hydrogen. Which of the following final states can NOT be reached by an allowed transition?\nChoose the best answer from the following options:\n0. n = 3, l = 2\n1. n = 3, l = 1\n2. n = 3, l = 0\n3. n = 2, l = 0\nAnswer: 1\n\nIf the force of gravity between the Moon and the Earth were to stop, which statement best describes the resulting motion of the moon?\nChoose the best answer from the following options:\n0. It would continue rotating on its axis, and it would revolve around the Earth as usual.\n1. It would continue rotating on its axis, but it would stop revolving around the Earth.\n2. It would stop rotating on its axis, but it would revolve around the Earth as usual.\n3. It would stop rotating on its axis, and it would stop revolving around the Earth.\nAnswer: 1\n\nThe emission spectrum of the doubly ionized lithium atom Li++ (Z = 3, A = 7) is identical to that of a hydrogen atom in which all the wavelengths are\nChoose the best answer from the following options:\n0. decreased by a factor of 9\n1. decreased by a factor of 49\n2. decreased by a factor of 81\n3. increased by a factor of 9\nAnswer: ",
        "answer": 0
    },
    "21": {
        "question": "An ideal battery of constant voltage V supplies current to a circuit that has total resistance R. If R is doubled, what will happen to the total power dissipated by the circuit?\nChoose the best answer from the following options:\n0. It will double.\n1. It will quadruple.\n2. It will be halved.\n3. It will remain the same.\nAnswer: 2\n\nA heat pump is to extract heat from an outdoor environment at 7\u00b0C and heat the environment indoors to 27\u00b0C. For each 15,000 J of heat delivered indoors, the smallest amount of work that must be supplied to the heat pump is approximately\nChoose the best answer from the following options:\n0. 500 J\n1. 1,000 J\n2. 1,100 J\n3. 2,000 J\nAnswer: 1\n\nWhich of the following types of electromagnetic radiation has the longest wavelength?\nChoose the best answer from the following options:\n0. Gamma rays\n1. Ultraviolet\n2. Blue light\n3. Orange light\nAnswer: 3\n\nConsider three identical, ideal capacitors. The first capacitor is charged to a voltage and then disconnected from the battery. The other two capacitors, initially uncharged and connected in series, are then connected across the first capacitor. What is the final voltage on the first capacitor?\nChoose the best answer from the following options:\n0. V_0/5\n1. V_0/3\n2. V_0/2\n3. 2V_0/3\nAnswer: ",
        "answer": 3
    },
    "22": {
        "question": "If the absolute temperature of a blackbody is increased by a factor of 3, the energy radiated per second per unit area does which of the following?\nChoose the best answer from the following options:\n0. Decreases by a factor of 81.\n1. Decreases by a factor of 9.\n2. Increases by a factor of 9.\n3. Increases by a factor of 81.\nAnswer: 3\n\nA textbook weighs 30 N at sea level. Earth\u2019s radius is 6,400 km. Which of the following is the best estimate of the textbook\u2019s weight on a mountain peak located 6,000 m above sea level?\nChoose the best answer from the following options:\n0. 60 N\n1. 15 N\n2. 30 N\n3. 7.5 N\nAnswer: 2\n\nA beam of electrons has speed 10^7 m/s. It is desired to use the magnetic field of the Earth, 5 \u00d7 10\u22125 T, to bend the electron beam into a circle. What will be the radius of this circle?\nChoose the best answer from the following options:\n0. 1 nm\n1. 1 \u03bcm\n2. 1 mm\n3. 1 m\nAnswer: 3\n\nA tube of water is traveling at 1/2 c relative to the lab frame when a beam of light traveling in the same direction as the tube enters it. What is the speed of light in the water relative to the lab frame? (The index of refraction of water is 4/3.)\nChoose the best answer from the following options:\n0. 1/2 c\n1. 2/3 c\n2. 5/6 c\n3. 10/11 c\nAnswer: ",
        "answer": 3
    },
    "23": {
        "question": "Which of the following is true about any system that undergoes a reversible thermodynamic process?\nChoose the best answer from the following options:\n0. There are no changes in the internal energy of the system.\n1. The temperature of the system remains constant during the process.\n2. The entropy of the system and its environment remains unchanged.\n3. The entropy of the system and its environment must increase.\nAnswer: 2\n\nAn electron (mass = m, charge = -E) is rotated with speed V upwards, in the plane of the page, into a region containing a uniform magnetic field B, that is directed into the plane of the page. Describe the electron's subsequent circular motion.\nChoose the best answer from the following options:\n0. Clockwise rotation; radius of path = mv/(eB)\n1. Counterclockwise rotation; radius of path = mv/(eB)\n2. Clockwise rotation; radius of path = eB/(mv)\n3. Counterclockwise rotation; radius of path = eB/(mv)\nAnswer: 0\n\nAt what angle to the horizontal should an ideal projectile be launched so that its horizontal displacement (the range) is equal to its maximum vertical displacement?\nChoose the best answer from the following options:\n0. sin\u20131 (1/g)\n1. cos\u20131 (1/g)\n2. 45\u00b0\n3. tan\u20131 4\nAnswer: 3\n\nElectromagnetic radiation provides a means to probe aspects of the physical universe. Which of the following statements regarding radiation spectra is NOT correct?\nChoose the best answer from the following options:\n0. Lines in the infrared, visible, and ultraviolet regions of the spectrum reveal primarily the nuclear structure of the sample.\n1. The wavelengths identified in an absorption spectrum of an element are among those in its emission spectrum.\n2. Absorption spectra can be used to determine which elements are present in distant stars.\n3. Spectral analysis can be used to identify the composition of galactic dust.\nAnswer: ",
        "answer": 0
    },
    "24": {
        "question": "Two objects, A and B, have equal charge and equal mass. Neither body is in motion because the gravitational and electrostatic forces between them are equal. If the mass of Object A is halved, equilibrium will be maintained if\nChoose the best answer from the following options:\n0. the charge on Object A were doubled\n1. the charge on Object B were halved\n2. the charge on Object B were doubled\n3. the mass on Object B were halved\nAnswer: 3\n\nData is collected in an experiment preformed on an ideal gas. In the experiment, temperature (in K) is the independent variable and volume (in m^3) is the dependent variable. If a plot is produced where the dependent variable is on the vertical axis, which of the following is true about the slope and y-intercept of the graph?\nChoose the best answer from the following options:\n0. The slope will be linearly proportional to the pressure of the gas and the intercept will be 0 m^3.\n1. The slope will be inversely proportional to the pressure of the gas and the intercept will be 0 m^3.\n2. The slope will be linearly proportional to the pressure of the gas and the intercept will not be 0 m^3.\n3. The slope will be inversely proportional to the pressure of the gas and the intercept will not be 0 m^3.\nAnswer: 1\n\nElectromagnetic radiation emitted from a nucleus is most likely to be in the form of\nChoose the best answer from the following options:\n0. gamma rays\n1. microwaves\n2. ultraviolet radiation\n3. visible light\nAnswer: 0\n\nLight from a laser falls on a pair of very narrow slits separated by 0.5 micrometer, and bright fringes separated by 1.0 millimeter are observed on a distant screen. If the frequency of the laser light is doubled, what will be the separation of the bright fringes?\nChoose the best answer from the following options:\n0. 0.25 mm\n1. 0.5 mm\n2. 1.0 mm\n3. 2.0 mm\nAnswer: ",
        "answer": 1
    },
    "25": {
        "question": "In a spring-block oscillator, the maximum speed of the block is\nChoose the best answer from the following options:\n0. proportional to amplitude\n1. proportional to the square of amplitude\n2. proportional to the square root of amplitude\n3. inversely proportional to the square root of amplitude\nAnswer: 0\n\nThe energy from electromagnetic waves in equilibrium in a cavity is used to melt ice. If the Kelvin temperature of the cavity is increased by a factor of two, the mass of ice that can be melted in a fixed amount of time is increased by a factor of\nChoose the best answer from the following options:\n0. 2\n1. 4\n2. 8\n3. 16\nAnswer: 3\n\nA gas undergoes an expansion-compression cycle. If, plotted on a P-V diagram, the cycle is counterclockwise and the work is 300 J in magnitude, what was the heat transfer during this cycle?\nChoose the best answer from the following options:\n0. 300 J into the system\n1. 300 J out of the system\n2. 600 J into the system\n3. 600 J out of the system\nAnswer: 1\n\nTwo simple pendulums A and B consist of identical masses suspended from strings of length L_A and L_B, respectively. The two pendulums oscillate in equal gravitational fields. If the period of pendulum B is twice the period of pendulum A, which of the following is true of the lengths of the two pendulums?\nChoose the best answer from the following options:\n0. L_B = 4L_A\n1. L_B = 2L_A\n2. L_B = L_A\n3. L_B = 1/2 L_A\nAnswer: ",
        "answer": 0
    },
    "26": {
        "question": "The sign of the charge carriers in a doped semiconductor can be deduced by measuring which of the following properties?\nChoose the best answer from the following options:\n0. Specific heat\n1. Thermal conductivity\n2. Electrical resistivity\n3. Hall coefficient\nAnswer: 3\n\nA moving 1.5-kg cart collides with and sticks to a 0.5-kg cart which was initially at rest. Immediately after the collision, the carts each have the same ______ as each other.\nChoose the best answer from the following options:\n0. Velocity\n1. Kinetic energy\n2. Mass\n3. Linear momentum\nAnswer: 0\n\nTwo identical containers are filled with different gases. Container 1 is filled with hydrogen and container 2 is filled with nitrogen. Each container is set on a lab table and allowed to come to thermal equilibrium with the room. Which of the following correctly compares the properties of the two gases?\nChoose the best answer from the following options:\n0. The average kinetic energy of the hydrogen gas is greater than the nitrogen gas.\n1. The average force exerted on the container by the hydrogen gas is greater than the nitrogen gas.\n2. The density of the hydrogen gas is less than the nitrogen gas.\n3. The pressures of the gases cannot be compared without knowing the number of molecules in each container.\nAnswer: 3\n\nAn airplane drops a payload while traveling due north, parallel to the ground, at a constant speed of 100 m/s. If air resistance is neglected, what is the velocity of the payload relative to the plane 4.0 s after it is released?\nChoose the best answer from the following options:\n0. 0\n1. 40 m/s down\n2. 80 m/s down\n3. 100 m/s north and 40 m/s down\nAnswer: ",
        "answer": 1
    },
    "27": {
        "question": "A very slow-moving positron interacts with a stationary electron. Which of the following statements correctly describes a possible outcome of this reaction and why it would occur?\nChoose the best answer from the following options:\n0. Conservation of mass indicates that if a single new particle were created in the reaction, it must have a total mass equal to the combined masses of the electron and positron.\n1. Conservation of charge indicates that all new particles created in the reaction would have no electric charge.\n2. Conservation of momentum indicates that two identical gamma rays moving off in opposite directions could be created.\n3. Conservation of energy indicates that the antimatter positron could annihilate into energy, leaving the stationary electron behind.\nAnswer: 2\n\nA fluid of density \u03c1 flows through a horizontal pipe with negligible viscosity. The flow is streamlined with constant flow rate. The diameter of the pipe at Point 1 is d and the flow speed is V. If the diameter of the pipe at Point 2 is d/3, then the pressure at Point 2 is\nChoose the best answer from the following options:\n0. less than the pressure at Point 1 by 4 \u03c1v^2\n1. less than the pressure at Point 1 by 40 \u03c1v^2\n2. more than the pressure at Point 1 by 4 \u03c1v^2\n3. more than the pressure at Point 1 by 40 \u03c1v^2\nAnswer: 1\n\nThe sign of the charge carriers in a doped semiconductor can be deduced by measuring which of the following properties?\nChoose the best answer from the following options:\n0. Specific heat\n1. Thermal conductivity\n2. Electrical resistivity\n3. Hall coefficient\nAnswer: 3\n\nTwo simple pendulums A and B consist of identical masses suspended from strings of length L_A and L_B, respectively. The two pendulums oscillate in equal gravitational fields. If the period of pendulum B is twice the period of pendulum A, which of the following is true of the lengths of the two pendulums?\nChoose the best answer from the following options:\n0. L_B = 4L_A\n1. L_B = 2L_A\n2. L_B = L_A\n3. L_B = 1/2 L_A\nAnswer: ",
        "answer": 0
    },
    "28": {
        "question": "Traveling at an initial speed of 1.5 \u00d7 10^6 m/s, a proton enters a region of constant magnetic field, B, of magnitude 1.0 T. If the proton's initial velocity vector makes an angle of 30\u00b0 with the direction of B, compute the proton's speed 4 s after entering the magnetic field.\nChoose the best answer from the following options:\n0. 5.0 \u00d7 10^5 m/s\n1. 7.5 \u00d7 10^5 m/s\n2. 1.5 \u00d7 10^6 m/s\n3. 3.0 \u00d7 10^6 m/s\nAnswer: 2\n\nA man stands on a platform scale in an elevator. The elevator moves upward, speeding up. What is the action-reaction force pair to the man\u2019s weight?\nChoose the best answer from the following options:\n0. The force of the elevator cable on the man\n1. The force of the man on the scale\n2. The force of the elevator cable on the elevator\n3. The force of the man on the Earth\nAnswer: 3\n\nA grating spectrometer can just barely resolve two wavelengths of 500 nm and 502 nm, respectively. Which of the following gives the resolving power of the spectrometer?\nChoose the best answer from the following options:\n0. 2\n1. 250\n2. 5,000\n3. 10,000\nAnswer: 1\n\nA proton moves in the +z-direction after being accelerated from rest through a potential difference V. The proton then passes through a region with a uniform electric field E in the +x-direction and a uniform magnetic field B in the +y-direction, but the proton\u2019s trajectory is not affected. If the experiment were repeated using a potential difference of 2V, the proton would then be\nChoose the best answer from the following options:\n0. deflected in the +x-direction\n1. deflected in the -x-direction\n2. deflected in the +y-direction\n3. deflected in the -y-direction\nAnswer: ",
        "answer": 1
    },
    "29": {
        "question": "Under ideal conditions, the electric and magnetic fields inside a superconductor are zero. Maxwell\u2019s equations imply that which of the following must be true just outside the surface of the superconductor?\nChoose the best answer from the following options:\n0. B = 0\n1. B is perpendicular to the surface.\n2. B is tangential to the surface.\n3. B is time independent.\nAnswer: 2\n\nAn electric dipole consists of a pair of equal but opposite point charges of magnitude 4.0 nC separated by a distance of 2.0 cm. What is the electric field strength at the point midway between the charges?\nChoose the best answer from the following options:\n0. 0\n1. 9.0 \u00d7 10^4 N/C\n2. 1.8 \u00d7 10^5 N/C\n3. 7.2 \u00d7 10^5 N/C\nAnswer: 3\n\nA car rounds a banked curve of uniform radius. Three forces act on the car: a friction force between the tires and the road, the normal force from the road, and the weight of the car. Which provides the centripetal force which keeps the car in circular motion?\nChoose the best answer from the following options:\n0. the friction force alone\n1. the normal force alone\n2. the weight alone\n3. a combination of the normal force and the friction force\nAnswer: 3\n\nProtons used in cancer therapy are typically accelerated to about 0.6c. How much work must be done on a particle of mass m in order for it to reach this speed, assuming it starts at rest?\nChoose the best answer from the following options:\n0. 0.25mc^2\n1. 0.60mc^2\n2. 0.67mc^2\n3. 1.25mc^2\nAnswer: ",
        "answer": 0
    },
    "30": {
        "question": "What happens to the image formed by a concave mirror as the object is moved from far away to near the focal point?\nChoose the best answer from the following options:\n0. The image moves away from the mirror and gets shorter.\n1. The image moves away from the mirror and gets taller.\n2. The image moves toward the mirror and gets shorter.\n3. The image moves toward the mirror and gets taller.\nAnswer: 1\n\nLight of variable frequency shines on the metal surface of a photoelectric tube. Einstein\u2019s theory of the photoelectric effect predicts that the\nChoose the best answer from the following options:\n0. work function of the metal is proportional to the frequency\n1. work function of the metal is proportional to the wavelength\n2. current in the tube is a linear function of the wavelength\n3. potential difference necessary to stop the emitted electrons is a linear function of the frequency above the threshold frequency\nAnswer: 3\n\nAn ideal battery of constant voltage V supplies current to a circuit that has total resistance R. If R is doubled, what will happen to the total power dissipated by the circuit?\nChoose the best answer from the following options:\n0. It will double.\n1. It will quadruple.\n2. It will be halved.\n3. It will remain the same.\nAnswer: 2\n\nBy definition, the electric displacement current through a surface S is proportional to the\nChoose the best answer from the following options:\n0. rate of change of the electric flux through S\n1. electric flux through S\n2. time integral of the magnetic flux through S\n3. rate of change of the magnetic flux through S\nAnswer: ",
        "answer": 0
    },
    "31": {
        "question": "The first five harmonics produced by an organ pipe open at both ends are 50 Hz, 100 Hz, 150 Hz, 200 Hz, and 250 Hz. Which of the harmonics, if any, will survive once the pipe is closed at one end?\nChoose the best answer from the following options:\n0. 50 Hz, 150 Hz, and 250 Hz only\n1. 100 Hz and 200 Hz only\n2. 150 Hz and 250 Hz only\n3. None\nAnswer: 3\n\nTwo electrically charged balls are separated by a short distance, producing a force of 50 \u03bcN between them. Keeping the charge of each ball the same, the mass of one of the balls but not the other is doubled. What is the new electric force between the balls?\nChoose the best answer from the following options:\n0. 50 \u03bcN\n1. 100 \u03bcN\n2. 200 \u03bcN\n3. 400 \u03bcN\nAnswer: 0\n\nWhich of the following statements about electric and magnetic fields is FALSE:\nChoose the best answer from the following options:\n0. A charge moving along the direction of an electric field will experience a force, but a charge moving along the direction of a magnetic field will not experience a force.\n1. All charges experience a force in an electric field, but only moving charges can experience a force in a magnetic field.\n2. A positive charge moves in the direction of an electric field; a positive charge moves perpendicular to a magnetic field.\n3. All moving charges experience a force parallel to an electric field and perpendicular to a magnetic field.\nAnswer: 2\n\nBy definition, the electric displacement current through a surface S is proportional to the\nChoose the best answer from the following options:\n0. magnetic flux through S\n1. rate of change of the magnetic flux through S\n2. time integral of the magnetic flux through S\n3. rate of change of the electric flux through S\nAnswer: ",
        "answer": 3
    },
    "32": {
        "question": "A box of mass m slides on a horizontal surface with initial speed v0. It feels no forces other than gravity and the force from the surface. If the coefficient of kinetic friction between the box and the surface is \u03bc, how far does the box slide before coming to rest?\nChoose the best answer from the following options:\n0. v0^2/(2\u03bcg)\n1. v0^2/(\u03bcg)\n2. 2v0^2/(\u03bcg)\n3. mv0^2/(\u03bcg)\nAnswer: 0\n\nA magnetic field is directed perpendicular to the plane of a circular coil of area 0.2 m^2 and 250 turns. If the magnetic field is increased from 0.01 T to 0.06 T during a time interval of 0.25 s, the average induced EMF in the coil is\nChoose the best answer from the following options:\n0. 0.04 V\n1. 0.1 V\n2. 2.5 V\n3. 10 V\nAnswer: 3\n\nAn artificial satellite orbits Earth just above the atmosphere in a circle with constant speed. A small meteor collides with the satellite at point P in its orbit, increasing its speed by 1%, but not changing the instantaneous direction of the satellite\u2019s velocity. Which of the following describes the satellite\u2019s new orbit?\nChoose the best answer from the following options:\n0. The satellite now orbits in an ellipse, with P as the farthest approach to Earth.\n1. The satellite now orbits in an ellipse, with P as the closest approach to Earth.\n2. The satellite now orbits in a circle of larger radius.\n3. The satellite now orbits in a circle of smaller radius.\nAnswer: 1\n\nIf the total energy of a particle of mass m is equal to twice its rest energy, then the magnitude of the particle\u2019s relativistic momentum is\nChoose the best answer from the following options:\n0. mc/2\n1. mc/(2^(1/2))\n2. mc\n3. (3^(1/2))mc\nAnswer: ",
        "answer": 3
    },
    "33": {
        "question": "A 2 \u03bcF capacitor is connected directly to a battery. When the capacitor is fully charged, it stores 600 \u03bcC of charge. An experimenter replaces the 2 \u03bcF capacitor with three 18 \u03bcF capacitors in series connected to the same battery. Once the capacitors are fully charged, what charge is stored on each capacitor?\nChoose the best answer from the following options:\n0. 100 \u03bcC\n1. 200 \u03bcC\n2. 600 \u03bcC\n3. 1800 \u03bcC\nAnswer: 3\n\nA man stands on a platform scale in an elevator. The elevator moves upward, speeding up. What is the action-reaction force pair to the man\u2019s weight?\nChoose the best answer from the following options:\n0. The force of the elevator cable on the man\n1. The force of the man on the scale\n2. The force of the elevator cable on the elevator\n3. The force of the man on the Earth\nAnswer: 3\n\nIn a nonrelativistic, one-dimensional collision, a particle of mass 2m collides with a particle of mass m at rest. If the particles stick together after the collision, what fraction of the initial kinetic energy is lost in the collision?\nChoose the best answer from the following options:\n0. 0\n1. 1/4\n2. 1/3\n3. 1/2\nAnswer: 2\n\nWhich of the following statements about bosons and/or fermions is true?\nChoose the best answer from the following options:\n0. Bosons have symmetric wave functions and obey the Pauli exclusion principle.\n1. Bosons have antisymmetric wave functions and do not obey the Pauli exclusion principle.\n2. Fermions have symmetric wave functions and obey the Pauli exclusion principle.\n3. Fermions have antisymmetric wave functions and obey the Pauli exclusion principle.\nAnswer: ",
        "answer": 3
    },
    "34": {
        "question": "A spring of force constant k is stretched a certain distance. It takes twice as much work to stretch a second spring by half this distance. The force constant of the second spring is\nChoose the best answer from the following options:\n0. k\n1. 2k\n2. 4k\n3. 8k\nAnswer: 3\n\nA car rounds a banked curve of uniform radius. Three forces act on the car: a friction force between the tires and the road, the normal force from the road, and the weight of the car. Which provides the centripetal force which keeps the car in circular motion?\nChoose the best answer from the following options:\n0. the friction force alone\n1. the normal force alone\n2. the weight alone\n3. a combination of the normal force and the friction force\nAnswer: 3\n\nA block is dragged along a table and experiences a frictional force, f, that opposes its movement. The force exerted on the block by the table is\nChoose the best answer from the following options:\n0. zero\n1. parallel to the table\n2. perpendicular to the table\n3. neither parallel nor perpendicular to the table\nAnswer: 3\n\nUnder ideal conditions, the electric and magnetic fields inside a superconductor are zero. Maxwell\u2019s equations imply that which of the following must be true just outside the surface of the superconductor?\nChoose the best answer from the following options:\n0. B = 0\n1. B is perpendicular to the surface.\n2. B is tangential to the surface.\n3. B is time independent.\nAnswer: ",
        "answer": 2
    },
    "35": {
        "question": "It is known that a lab cart is moving east at 25 cm/s at time t1 = 0.10 s, and then moving east at 15 cm/s at t2 = 0.20 s. Is this enough information to determine the direction of the net force acting on the cart between t1 and t2?\nChoose the best answer from the following options:\n0. Yes, since we know the cart is slowing down, its momentum change is opposite the direction of movement, and the net force is in the direction of momentum change.\n1. No, because we don\u2019t know whether forces such as friction or air resistance might be acting on the cart.\n2. No, because we don\u2019t know the mass of the cart.\n3. Yes, since we know the cart keeps moving to the east, the net force must be in the direction of motion.\nAnswer: 0\n\nTwo simple pendulums A and B consist of identical masses suspended from strings of length L_A and L_B, respectively. The two pendulums oscillate in equal gravitational fields. If the period of pendulum B is twice the period of pendulum A, which of the following is true of the lengths of the two pendulums?\nChoose the best answer from the following options:\n0. L_B = 4L_A\n1. L_B = 2L_A\n2. L_B = L_A\n3. L_B = 1/2 L_A\nAnswer: 0\n\nStanding waves are produced by a 100-Hz generator in a string of fixed length. The tension in the string is increased until a new set of standing waves is produced. Will the wavelength of the new standing waves be greater than or less than the wavelength of the original standing waves?\nChoose the best answer from the following options:\n0. Less, because the tension in the string varies directly with the wave speed, which varies inversely with the wavelength.\n1. Greater, because the tension in the string varies directly with the wave speed, which varies inversely with the wavelength.\n2. Greater, because the tension in the string varies directly with the wave speed, which varies directly with the wavelength.\n3. Less, because the tension in the string varies directly with the wave speed, which varies directly with the wavelength.\nAnswer: 2\n\nThe coefficient of static friction between a small coin and the surface of a turntable is 0.30. The turntable rotates at 33.3 revolutions per minute. What is the maximum distance from the center of the turntable at which the coin will not slide?\nChoose the best answer from the following options:\n0. 0.024 m\n1. 0.048 m\n2. 0.121 m\n3. 0.242 m\nAnswer: ",
        "answer": 3
    },
    "36": {
        "question": "The coefficient of static friction between a small coin and the surface of a turntable is 0.30. The turntable rotates at 33.3 revolutions per minute. What is the maximum distance from the center of the turntable at which the coin will not slide?\nChoose the best answer from the following options:\n0. 0.024 m\n1. 0.048 m\n2. 0.121 m\n3. 0.242 m\nAnswer: 3\n\nAbove an infinitely large plane carrying charge density \u03c3, the electric field points up and is equal to \u03c3/2\u03b5o. What is the magnitude and direction of the electric field below the plane?\nChoose the best answer from the following options:\n0. \u03c3/2\u03b5o, down\n1. \u03c3/2\u03b5o, up\n2. \u03c3/\u03b5o, down\n3. \u03c3/\u03b5o, up\nAnswer: 0\n\nIn a spring-block oscillator, the maximum speed of the block is\nChoose the best answer from the following options:\n0. proportional to amplitude\n1. proportional to the square of amplitude\n2. proportional to the square root of amplitude\n3. inversely proportional to the square root of amplitude\nAnswer: 0\n\nThe first five harmonics produced by an organ pipe open at both ends are 50 Hz, 100 Hz, 150 Hz, 200 Hz, and 250 Hz. Which of the harmonics, if any, will survive once the pipe is closed at one end?\nChoose the best answer from the following options:\n0. 50 Hz, 150 Hz, and 250 Hz only\n1. 100 Hz and 200 Hz only\n2. 150 Hz and 250 Hz only\n3. None\nAnswer: ",
        "answer": 3
    },
    "37": {
        "question": "At the present time, the temperature of the universe (i.e., the microwave radiation background) is about 3 K. When the temperature was 12 K, typical objects in the universe, such as galaxies, were\nChoose the best answer from the following options:\n0. one-quarter as distant as they are today\n1. one-half as distant as they are today\n2. separated by about the same distances as they are today\n3. two times as distant as they are today\nAnswer: 0\n\nPretend someone actually managed to dig a hole straight through the center of the Earth all the way to the other side. If an object were dropped down that hole, which of the following would best describe its motion? Assume ideal conditions and that the object cannot be destroyed.\nChoose the best answer from the following options:\n0. It would fall to the center of the Earth and stop there.\n1. It would fall through the hole to the other side, continue past the opposite side\u2019s opening, and fly into space.\n2. It would oscillate back and forth from one opening to the other indefinitely.\n3. It would fall to the other side and stop there.\nAnswer: 2\n\nIn a spring-block oscillator, the maximum speed of the block is\nChoose the best answer from the following options:\n0. proportional to amplitude\n1. proportional to the square of amplitude\n2. proportional to the square root of amplitude\n3. inversely proportional to the square root of amplitude\nAnswer: 0\n\nA proton moves in the +z-direction after being accelerated from rest through a potential difference V. The proton then passes through a region with a uniform electric field E in the +x-direction and a uniform magnetic field B in the +y-direction, but the proton\u2019s trajectory is not affected. If the experiment were repeated using a potential difference of 2V, the proton would then be\nChoose the best answer from the following options:\n0. deflected in the +x-direction\n1. deflected in the -x-direction\n2. deflected in the +y-direction\n3. deflected in the -y-direction\nAnswer: ",
        "answer": 1
    },
    "38": {
        "question": "A uniform solid disk starts from rest and rolls down an inclined plane without slipping. After some time, what fraction of the disk\u2019s total kinetic energy is rotational kinetic energy?\nChoose the best answer from the following options:\n0. 1/4\n1. 1/3\n2. 1/2\n3. 2/3\nAnswer: 1\n\nWhich of the following is NOT equal to one tesla?\nChoose the best answer from the following options:\n0. 1 J/(A*m^2)\n1. 1 kg/(C*s)\n2. 1 N/(A*m)\n3. 1 A*N/V\nAnswer: 3\n\nA rock drops onto a pond with a smooth surface. A few moments later, the wave produced by the rock\u2019s impact arrives at the shore, touching the ankles of a wading child. Which of the following observations provides evidence that the portion of the wave hitting the child\u2019s ankles carries less energy than the wave did when it was first created by the rock\u2019s impact?\nChoose the best answer from the following options:\n0. The wave is moving more slowly.\n1. The wave pulse\u2019s width has become greater.\n2. The wave pulse\u2019s width has become smaller.\n3. The wave\u2019s height has become smaller.\nAnswer: 3\n\nA spring of force constant k is stretched a certain distance. It takes twice as much work to stretch a second spring by half this distance. The force constant of the second spring is\nChoose the best answer from the following options:\n0. k\n1. 2k\n2. 4k\n3. 8k\nAnswer: ",
        "answer": 3
    },
    "39": {
        "question": "A particle is constrained to move in a circle with a 10-meter radius. At one instant, the particle\u2019s speed is 10 meters per second and is increasing at a rate of 10 meters per second squared. The angle between the particle\u2019s velocity and acceleration vectors is\nChoose the best answer from the following options:\n0. 0\u00b0\n1. 30\u00b0\n2. 45\u00b0\n3. 60\u00b0\nAnswer: 2\n\nA children\u2019s toy consists of a cart whose very light wheels are attached to a rubber band. This rubber band can wind and unwind around the axle supporting the wheels. This toy is given a shove, after which the toy rolls across a flat surface and up a ramp. It is observed that the toy does not go a consistent distance up the ramp\u2014in some trials it ends up higher than in other trials, even though the shove imparts the same kinetic energy to the cart each time. Which of the following is a reasonable explanation for this phenomenon?\nChoose the best answer from the following options:\n0. Depending on how the rubber band is initially wound, more or less potential energy can be transferred from the rubber band to the kinetic energy of the car\u2019s motion.\n1. The normal force on the cart\u2019s wheels will be different depending on how much the rubber band winds or unwinds.\n2. How much energy is transferred from kinetic energy to gravitational potential energy depends on the vertical height at which the cart ends up.\n3. Some of the cart\u2019s initial kinetic energy will be dissipated due to work done by friction.\nAnswer: 0\n\nWhich of the following correctly describes the motion of a real object in free fall? Assume that the object experiences drag force proportional to speed and that it strikes the ground before reaching terminal sped.\nChoose the best answer from the following options:\n0. It will fall with increasing speed and increasing acceleration.\n1. It will fall with increasing speed and decreasing acceleration.\n2. It will fall with decreasing speed and increasing acceleration.\n3. It will fall with decreasing speed and decreasing acceleration.\nAnswer: 1\n\nElectromagnetic radiation provides a means to probe aspects of the physical universe. Which of the following statements regarding radiation spectra is NOT correct?\nChoose the best answer from the following options:\n0. Lines in the infrared, visible, and ultraviolet regions of the spectrum reveal primarily the nuclear structure of the sample.\n1. The wavelengths identified in an absorption spectrum of an element are among those in its emission spectrum.\n2. Absorption spectra can be used to determine which elements are present in distant stars.\n3. Spectral analysis can be used to identify the composition of galactic dust.\nAnswer: ",
        "answer": 0
    },
    "40": {
        "question": "Characteristic X rays, appearing as sharp lines on a continuous background, are produced when high-energy electrons bombard a metal target. Which of the following processes results in the characteristic X rays?\nChoose the best answer from the following options:\n0. Electrons producing \u010cerenkov radiation\n1. Electrons colliding with phonons in the metal\n2. Electrons filling inner shell vacancies that are created in the metal atoms\n3. Electrons combining with protons to form neutrons\nAnswer: 2\n\nAn astronaut lands on a planet whose mass and radius are each twice that of Earth. If the astronaut weighs 800 N on Earth, how much will he weigh on this planet?\nChoose the best answer from the following options:\n0. 200 N\n1. 400 N\n2. 800 N\n3. 1600 N\nAnswer: 1\n\nIn a spring-block oscillator, the maximum speed of the block is\nChoose the best answer from the following options:\n0. proportional to amplitude\n1. proportional to the square of amplitude\n2. proportional to the square root of amplitude\n3. inversely proportional to the square root of amplitude\nAnswer: 0\n\nIf the Sun were suddenly replaced by a black hole of the same mass, it would have a Schwarzschild radius of 3,000 m. What effect, if any, would this change have on the orbits of the planets?\nChoose the best answer from the following options:\n0. The planets would move directly toward the Sun.\n1. The planets would move in spiral orbits.\n2. The planets would oscillate about their former elliptical orbits.\n3. The orbits would remain unchanged.\nAnswer: ",
        "answer": 3
    },
    "41": {
        "question": "Assume that the solar flux at Earth\u2019s surface is 1,000 W/m^2 and that the sunlight is normal to a completely reflecting surface with an area of 3 m^2. What is the total radiation force exerted on the surface?\nChoose the best answer from the following options:\n0. 2 x 10^-6 N\n1. 1 x 10^-5 N\n2. 2 x 10^-5 N\n3. 3 N\nAnswer: 2\n\nA horse is attached to a cart that is at rest behind it. Which force, or combination of forces, explains how the horse-cart system can accelerate from rest?\nChoose the best answer from the following options:\n0. The forward static friction force of the ground on the horse is greater than any friction forces acting backward on the cart, providing a forward acceleration.\n1. The forward force of the horse on the cart is greater than the backward force of the cart on the horse, providing a forward acceleration.\n2. The force of the horse\u2019s muscles on the rest of the horse-cart system provides the necessary acceleration.\n3. The upward normal force of the ground on the horse is greater than the horse\u2019s weight, providing an upward acceleration.\nAnswer: 0\n\nA rock drops onto a pond with a smooth surface. A few moments later, the wave produced by the rock\u2019s impact arrives at the shore, touching the ankles of a wading child. Which of the following observations provides evidence that the portion of the wave hitting the child\u2019s ankles carries less energy than the wave did when it was first created by the rock\u2019s impact?\nChoose the best answer from the following options:\n0. The wave is moving more slowly.\n1. The wave pulse\u2019s width has become greater.\n2. The wave pulse\u2019s width has become smaller.\n3. The wave\u2019s height has become smaller.\nAnswer: 3\n\nUnder certain conditions, a beam of electrons impinging on a crystal surface will diffract and a scattering pattern of the beam can be obtained. What is the approximate kinetic energy of the electrons needed in order to see the pattern? (Assume the lattice spacing of the crystal to be 0.4 nm.)\nChoose the best answer from the following options:\n0. 0.1 eV\n1. 1 eV\n2. 10 eV\n3. 100 eV\nAnswer: ",
        "answer": 2
    },
    "42": {
        "question": "A man stands on a platform scale in an elevator. The elevator moves upward, speeding up. What is the action-reaction force pair to the man\u2019s weight?\nChoose the best answer from the following options:\n0. The force of the elevator cable on the man\n1. The force of the man on the scale\n2. The force of the elevator cable on the elevator\n3. The force of the man on the Earth\nAnswer: 3\n\nThe quantum efficiency of a photon detector is 0.1. If 100 photons are sent into the detector, one after the other, the detector will detect photons\nChoose the best answer from the following options:\n0. exactly 10 times\n1. an average of 10 times, with an rms deviation of about 0.1\n2. an average of 10 times, with an rms deviation of about 1\n3. an average of 10 times, with an rms deviation of about 3\nAnswer: 3\n\nA gas undergoes an expansion-compression cycle. If, plotted on a P-V diagram, the cycle is counterclockwise and the work is 300 J in magnitude, what was the heat transfer during this cycle?\nChoose the best answer from the following options:\n0. 300 J into the system\n1. 300 J out of the system\n2. 600 J into the system\n3. 600 J out of the system\nAnswer: 1\n\nWhich of the following is true about any system that undergoes a reversible thermodynamic process?\nChoose the best answer from the following options:\n0. There are no changes in the internal energy of the system.\n1. The temperature of the system remains constant during the process.\n2. The entropy of the system and its environment remains unchanged.\n3. The entropy of the system and its environment must increase.\nAnswer: ",
        "answer": 2
    },
    "43": {
        "question": "Two traveling waves of equal frequency, one of amplitude 4 cm and the other of amplitude 6 cm, superimpose in a single medium. Which of the following best describes the displacement, D, of the resultant wave?\nChoose the best answer from the following options:\n0. 2 cm \u2264 D \u2264 10 cm\n1. D = 5 cm\n2. D = 10 cm\n3. 10 cm \u2264 D \u2264 12 cm\nAnswer: 0\n\nThe energy from electromagnetic waves in equilibrium in a cavity is used to melt ice. If the Kelvin temperature of the cavity is increased by a factor of two, the mass of ice that can be melted in a fixed amount of time is increased by a factor of\nChoose the best answer from the following options:\n0. 2\n1. 4\n2. 8\n3. 16\nAnswer: 3\n\nAn object of volume 2 \u00d7 10^-3 m^3 and weight 6 N is placed into a tank of water, where it floats. What percentage of the object's volume is above the surface of the water?\nChoose the best answer from the following options:\n0. 12%\n1. 30%\n2. 60%\n3. 70%\nAnswer: 3\n\nCharacteristic X rays, appearing as sharp lines on a continuous background, are produced when high-energy electrons bombard a metal target. Which of the following processes results in the characteristic X rays?\nChoose the best answer from the following options:\n0. Electrons producing \u010cerenkov radiation\n1. Electrons colliding with phonons in the metal\n2. Electrons filling inner shell vacancies that are created in the metal atoms\n3. Electrons combining with protons to form neutrons\nAnswer: ",
        "answer": 2
    },
    "44": {
        "question": "The emission spectrum of the doubly ionized lithium atom Li++ (Z = 3, A = 7) is identical to that of a hydrogen atom in which all the wavelengths are\nChoose the best answer from the following options:\n0. decreased by a factor of 9\n1. decreased by a factor of 49\n2. decreased by a factor of 81\n3. increased by a factor of 9\nAnswer: 0\n\nAn electric motor has a label on it that reads: Input: 120V AC, 1.0 Amps, 60 Hz - Efficiency - 75%. At what constant speed can the motor lift up a 6 kg mass?\nChoose the best answer from the following options:\n0. 0.5 m/s\n1. 1.0 m/s\n2. 1.5 m/s\n3. 2.0 m/s\nAnswer: 2\n\nMercury orbits the sun in about one-fifth of an Earth year. If 1 AU is defined as the distance from the Earth to the sun, what is the approximate distance between Mercury and the sun?\nChoose the best answer from the following options:\n0. (1/25) AU\n1. (1/9) AU\n2. (1/5) AU\n3. (1/3) AU\nAnswer: 3\n\nThe coefficient of static friction between a small coin and the surface of a turntable is 0.30. The turntable rotates at 33.3 revolutions per minute. What is the maximum distance from the center of the turntable at which the coin will not slide?\nChoose the best answer from the following options:\n0. 0.024 m\n1. 0.048 m\n2. 0.121 m\n3. 0.242 m\nAnswer: ",
        "answer": 3
    },
    "45": {
        "question": "Which of the following types of electromagnetic radiation has the longest wavelength?\nChoose the best answer from the following options:\n0. Gamma rays\n1. Ultraviolet\n2. Blue light\n3. Orange light\nAnswer: 3\n\nAn object is thrown horizontally from the open window of a building. If the initial speed of the object is 20 m/s and it hits the ground 2.0 s later, from what height was it thrown? (Neglect air resistance and assume the ground is level.)\nChoose the best answer from the following options:\n0. 4.9 m\n1. 9.8 m\n2. 10.0 m\n3. 19.6 m\nAnswer: 3\n\nA car rounds a banked curve of uniform radius. Three forces act on the car: a friction force between the tires and the road, the normal force from the road, and the weight of the car. Which provides the centripetal force which keeps the car in circular motion?\nChoose the best answer from the following options:\n0. the friction force alone\n1. the normal force alone\n2. the weight alone\n3. a combination of the normal force and the friction force\nAnswer: 3\n\nProtons used in cancer therapy are typically accelerated to about 0.6c . How much work must be done on a particle of mass m in order for it to reach this speed, assuming it starts at rest?\nChoose the best answer from the following options:\n0. 0.25mc^2\n1. 0.60mc^2\n2. 0.67mc^2\n3. 1.25mc^2\nAnswer: ",
        "answer": 0
    },
    "46": {
        "question": "A sphere, a cube, and a cylinder, all of equal mass, are released from rest from the top of a short incline. The surface of the incline is extremely slick, so much so that the objects do not rotate when released, but rather slide with negligible friction. Which reaches the base of the incline first?\nChoose the best answer from the following options:\n0. the sphere\n1. the cube\n2. the cylinder\n3. All reach the base at the same time.\nAnswer: 3\n\nAn object carries a charge of \u20131 C. How many excess electrons does it contain?\nChoose the best answer from the following options:\n0. 6.25 \u00d7 10^18\n1. 8.00 \u00d7 10^18\n2. 1.60 \u00d7 10^19\n3. 3.20 \u00d7 10^19\nAnswer: 0\n\nThe mean kinetic energy of the conduction electrons in metals is ordinarily much higher than kT because\nChoose the best answer from the following options:\n0. electrons have many more degrees of freedom than atoms do\n1. the electrons and the lattice are not in thermal equilibrium\n2. the electrons form a degenerate Fermi gas\n3. electrons in metals are highly relativistic\nAnswer: 2\n\nIf the total energy of a particle of mass m is equal to twice its rest energy, then the magnitude of the particle\u2019s relativistic momentum is\nChoose the best answer from the following options:\n0. mc/2\n1. mc/(2^(1/2))\n2. mc\n3. (3^(1/2))mc\nAnswer: ",
        "answer": 3
    },
    "47": {
        "question": "Two people, one of mass 100 kg and the other of mass 50 kg, stand facing each other on an ice-covered (essentially frictionless) pond. If the heavier person pushes on the lighter one with a force F, then\nChoose the best answer from the following options:\n0. the force felt by the heavier person is (-1/2)F\n1. the force felt by the person is -2F\n2. the magnitude of the acceleration of the lighter person will be half of the magnitude of the acceleration of the heavier person\n3. the magnitude of the acceleration of the lighter person will be twice the magnitude of the acceleration of the heavier person\nAnswer: 3\n\nIf the force of gravity between the Moon and the Earth were to stop, which statement best describes the resulting motion of the moon?\nChoose the best answer from the following options:\n0. It would continue rotating on its axis, and it would revolve around the Earth as usual.\n1. It would continue rotating on its axis, but it would stop revolving around the Earth.\n2. It would stop rotating on its axis, but it would revolve around the Earth as usual.\n3. It would stop rotating on its axis, and it would stop revolving around the Earth.\nAnswer: 1\n\nA spring of force constant k is stretched a certain distance. It takes twice as much work to stretch a second spring by half this distance. The force constant of the second spring is\nChoose the best answer from the following options:\n0. k\n1. 2k\n2. 4k\n3. 8k\nAnswer: 3\n\nAn airplane drops a payload while traveling due north, parallel to the ground, at a constant speed of 100 m/s. If air resistance is neglected, what is the velocity of the payload relative to the plane 4.0 s after it is released?\nChoose the best answer from the following options:\n0. 0\n1. 40 m/s down\n2. 80 m/s down\n3. 100 m/s north and 40 m/s down\nAnswer: ",
        "answer": 1
    },
    "48": {
        "question": "In Collision A, two carts collide and bounce off each other. In Collision B, a ball sticks to a rigid rod, which begins to rotate about the combined center of mass. Which of the following statements about quantities in each collision is correct?\nChoose the best answer from the following options:\n0. Collision A: each cart experiences the same force, time of collision, and change in kinetic energy. Collision B: the ball and the rod each experience the same torque, time of collision, and change in rotational kinetic energy.\n1. Collision A: each cart experiences the same force, time of collision, and change in linear momentum. Collision B: the ball and the rod each experience the same torque, time of collision, and change in angular momentum.\n2. Collision A: each cart experiences the same force, time of collision, and change in kinetic energy. Collision B: the ball and the rod each experience the same torque, time of collision, and change in angular momentum.\n3. Collision A: each cart experiences the same force, time of collision, and change in velocity. Collision B: the ball and the rod each experience the same torque, time of collision, and change in angular velocity\nAnswer: 1\n\nA 10 kg box slides horizontally without friction at a speed of 1 m/s. At one point, a constant force is applied to the box in the direction of its motion. The box travels 5 m with the constant force applied. The force is then removed, leaving the box with a speed of 2 m/s. Which of the following gives the magnitude of the applied force?\nChoose the best answer from the following options:\n0. 1 N\n1. 2 N\n2. 3 N\n3. 4 N\nAnswer: 2\n\nA person standing on a horizontal floor is acted upon by two forces: the downward pull of gravity and the upward normal force of the floor. These two forces\nChoose the best answer from the following options:\n0. have equal magnitudes and form an action-reaction pair\n1. have equal magnitudes and do not form an action-reaction pair\n2. have unequal magnitudes and form an action-reaction pair\n3. have unequal magnitudes and do not form an action-reaction pair\nAnswer: 1\n\nA nonrelativistic particle with a charge twice that of an electron moves through a uniform magnetic field. The field has a strength of \u03c0/4 tesla and is perpendicular to the velocity of the particle. What is the particle\u2019s mass if it has a cyclotron frequency of 1,600 hertz?\nChoose the best answer from the following options:\n0. 2.5 * 10^-23 kg\n1. 1.2 * 10^-22 kg\n2. 3.3 * 10^-22 kg\n3. 5.0 * 10^-21 kg\nAnswer: ",
        "answer": 0
    },
    "49": {
        "question": "At what angle to the horizontal should an ideal projectile be launched so that its horizontal displacement (the range) is equal to its maximum vertical displacement?\nChoose the best answer from the following options:\n0. sin\u20131 (1/g)\n1. cos\u20131 (1/g)\n2. 45\u00b0\n3. tan\u20131 4\nAnswer: 3\n\nThe best type of laser with which to do spectroscopy over a range of visible wavelengths is\nChoose the best answer from the following options:\n0. a dye laser\n1. a helium-neon laser\n2. an excimer laser\n3. a ruby laser\nAnswer: 0\n\nA solid sphere (I = 0.06 kg\u00b7m^2) spins freely around an axis through its center at an angular speed of 20 rad/s. It is desired to bring the sphere to rest by applying a friction force of magnitude 2.0 N to the sphere\u2019s outer surface, a distance of 0.30 m from the sphere\u2019s center. How much time will it take the sphere to come to rest?\nChoose the best answer from the following options:\n0. 4 s\n1. 2 s\n2. 0.06 s\n3. 0.03 s\nAnswer: 1\n\nA nonrelativistic particle with a charge twice that of an electron moves through a uniform magnetic field. The field has a strength of \u03c0/4 tesla and is perpendicular to the velocity of the particle. What is the particle\u2019s mass if it has a cyclotron frequency of 1,600 hertz?\nChoose the best answer from the following options:\n0. 2.5 * 10^-23 kg\n1. 1.2 * 10^-22 kg\n2. 3.3 * 10^-22 kg\n3. 5.0 * 10^-21 kg\nAnswer: ",
        "answer": 0
    }
}