{
    "0": {
        "question": "The access matrix approach to protection has the difficulty that\nChoose the best answer from the following options:\n0. the matrix, if stored directly, is large and can be clumsy to manage\n1. it is not capable of expressing complex protection requirements\n2. deciding whether a process has access to a resource is undecidable\n3. there is no way to express who has rights to change the access matrix itself\nAnswer: 0\n\nIf a malicious process is granted temporary administrator-level access to a system\nChoose the best answer from the following options:\n0. the threat is over as soon as the process is killed\n1. the threat is over after the operating system is rebooted\n2. the thread is over after rebooting the machine and replacing files that show a virus infection\n3. the threat is often permanent until the entire disk is wiped clean\nAnswer: ",
        "answer": 3
    },
    "1": {
        "question": "The IP protocol is primarily concerned with\nChoose the best answer from the following options:\n0. Routing packets through the network\n1. Reliable delivery of packets between directly connected machines\n2. Reliable delivery of large (multi-packet) messages between machines that are not necessarily directly connected\n3. Dealing with differences among operating system architectures\nAnswer: 0\n\nFor a connected, undirected graph G = (V, E), which of the following must be true?\nI. \u03a3_{v\u2208V} degree(v) is even.\nII. |E| \u2265 |V| \u2212 1\nIII. G has at least one vertex with degree 1.\nChoose the best answer from the following options:\n0. I only\n1. II only\n2. III only\n3. I and II\nAnswer: ",
        "answer": 3
    },
    "2": {
        "question": "Of the following, which gives the best upper bound for the value of f(N) where f is a solution to the recurrence f(2N + 1) = f(2N) = f(N) + log N for N >= 1, with f(1) = 0?\nChoose the best answer from the following options:\n0. O(log N)\n1. O(N log N)\n2. O(log N) + 0(1)\n3. O((log N)^2)\nAnswer: 3\n\nSuppose sharing of tiles in a multilevel directory structure is achieved with directory entries that are links pointing to a node containing information about a shared file. Information in this node includes (1) the owner of the file, (2) a count of the number of links to the tile, and (3) the disk block numbers of the file. What is a primary drawback to this approach to sharing?\nChoose the best answer from the following options:\n0. If the owner modifies the file, another user who does not share will see the changes.\n1. If the owner renames the file, other users will not be able to access it.\n2. If the owner is allowed to delete a file, dangling links may result.\n3. If any user who shares the file appends to it, others who share it will not be able to access the new disk blocks.\nAnswer: ",
        "answer": 2
    },
    "3": {
        "question": "At time 0, five jobs are available for execution on a single processor, with service times of 25, 15, 5, 3, and 2 time units. Which of the following is the minimum value of the average completion time of these jobs?\nChoose the best answer from the following options:\n0. 50\n1. 208/5\n2. 92/5\n3. 10\nAnswer: 2\n\nYou want to cluster 7 points into 3 clusters using the k-Means Clustering algorithm. Suppose after the first iteration, clusters C1, C2 and C3 contain the following two-dimensional points: C1 contains the 2 points: {(0,6), (6,0)} C2 contains the 3 points: {(2,2), (4,4), (6,6)} C3 contains the 2 points: {(5,5), (7,7)} What are the cluster centers computed for these 3 clusters?\nChoose the best answer from the following options:\n0. C1: (3,3), C2: (4,4), C3: (6,6)\n1. C1: (3,3), C2: (6,6), C3: (12,12)\n2. C1: (6,6), C2: (12,12), C3: (12,12)\n3. C1: (0,0), C2: (48,48), C3: (35,35)\nAnswer: ",
        "answer": 0
    },
    "4": {
        "question": "Which of the following statements about datagrams sent by a node in a network using IPv4 protocol is (are) true?\nI. Datagrams at the source must be the size of the smallest maximum transmission unit (MTU) of all the links on a path to the destination.\nII. Datagrams may be fragmented during routing.\nIII. Datagrams are reassembled only at the destination.\nChoose the best answer from the following options:\n0. I only\n1. II only\n2. III only\n3. II and III\nAnswer: 3\n\nA \"strictly binary tree\" is a binary tree in which every node that is not a leaf has two children. Suppose that for a class of strictly binary trees there exists c > 0 such that, for any tree in the class, the ratio of the lengths of any two root-to-leaf paths is bounded above by c. Which of the following best characterizes the height h of any tree in this class, where N is the number of nodes in the tree and N > 1 ?\nChoose the best answer from the following options:\n0. h <= log2(N)\n1. h = 1/c * log2(N)\n2. h < c log2(N)\n3. h > c log2(N)\nAnswer: ",
        "answer": 2
    },
    "5": {
        "question": "In which of the following representations of numbers by 8-bit words is the addition of the integers 109 and -42 within range?\nI. One's complement\nII. Two's complement\nIII. Sign and magnitude\nChoose the best answer from the following options:\n0. I only\n1. II only\n2. I and II only\n3. I, II, and III\nAnswer: 3\n\nWhich of the following statements about Ethernets is typically FALSE?\nChoose the best answer from the following options:\n0. Ethernets use circuit switching to send messages.\n1. Ethernets use buses with multiple masters.\n2. Ethernet protocols use a collision-detection method to ensure that messages are transmitted properly.\n3. Networks connected by Ethernets are limited in length to a few hundred meters.\nAnswer: ",
        "answer": 0
    },
    "6": {
        "question": "A microcomputer used for data acquisition and control is required to digitize and process four analog input signals and to output their average continually; i.e., in real time. The time for an external analog-to-digital converter (which is triggered by a CPU instruction) to digitize one input is 12 microseconds, and only one digitization occurs at a time. Five CPU instructions, including the triggering instruction, must be executed for each signal digitized. Ten CPU instructions are executed in order to average each set of four samples and output this value. The time to convert the output from digital to analog form is to be ignored. If it is assumed that suitable data buffering is employed, then the maximum average instruction execution time that allows the microcomputer to keep up with the input-output data rates, is\nChoose the best answer from the following options:\n0. 0.8 microseconds\n1. 1.2 microseconds\n2. 1.6 microseconds\n3. 2.4 microseconds\nAnswer: 2\n\nFunction signatures describe the types of the arguments to a function as well as the return value of the function. For instance, the addition function on reals has a signature of\nadd : real x real -> real\nsince it takes two real numbers and returns a real number. But, for a language that allows functions as return values, addition could be considered to have the signature\nadd : real -> (real -> real)\nwhich means that add takes a single real (the first operand) and returns a new function that itself takes a single real (the second operand) and returns a real (the result). This process of reducing a function with multiple arguments to a function with fewer arguments is called currying. Which of the following is correct?\nChoose the best answer from the following options:\n0. Currying can be applied to any function to the point where it has exactly one input argument.\n1. Currying cannot be applied to functions of more than two arguments.\n2. Currying cannot be applied to functions that return functions as arguments.\n3. Currying cannot be applied w functions that haw arguments that are functions.\nAnswer: ",
        "answer": 0
    },
    "7": {
        "question": "A 3-way, set-associative cache is\nChoose the best answer from the following options:\n0. one in which each main memory word can be stored at any of 3 cache locations\n1. effective only if 3 or fewer processes are running alternately on the processor\n2. possible only with write-back\n3. faster to access than a direct-mapped cache\nAnswer: 0\n\nBob writes down a number between 1 and 1,000. Mary must identify that number by asking \"yes/no\" questions of Bob. Mary knows that Bob always tells the truth. If Mary uses an optimal strategy, then she will determine the answer at the end of exactly how many questions in the worst case?\nChoose the best answer from the following options:\n0. 1,000\n1. 999\n2. 500\n3. 10\nAnswer: ",
        "answer": 3
    },
    "8": {
        "question": "Local caching of files is common in distributed file systems, but it has the disadvantage that\nChoose the best answer from the following options:\n0. Temporary inconsistencies among views of a file by different machines can result\n1. The file system is likely to be corrupted when a computer crashes\n2. A much higher amount of network traffic results\n3. Caching makes file migration impossible\nAnswer: 0\n\nIn systems with support for automatic memory management, a garbage collector typically has the responsibility for reclaiming allocated memory objects whose contents cannot affect any future legal computation. Such objects are identified by determining that they cannot be reached from a root set. Which of the following is NOT part of the root set in a typical garbage collector?\nChoose the best answer from the following options:\n0. Actual parameters of the active procedures\n1. Dynamically allocated objects on the heap\n2. Global variables of the program\n3. Local variables on the call stack\nAnswer: ",
        "answer": 1
    },
    "9": {
        "question": "Which of the following instruction-set features is NOT generally considered an obstacle to aggressive pipelining of an integer unit?\nChoose the best answer from the following options:\n0. Condition codes set by every instruction\n1. Variable-length encoding of instructions\n2. Instructions requiring widely varying numbers of cycles to execute\n3. Several different classes (sets) of registers\nAnswer: 3\n\nA program that checks spelling works in the following way. A hash table has been defined in which each entry is a Boolean variable initialized to false. A hash function has been applied to each word in the dictionary, and the appropriate entry in the hash table has been set to true. To check the spelling in a document, the hash function is applied to every word in the document, and the appropriate entry in the hash table is examined. Which of the following is (are) correct?\nI. true means the word was in the dictionary.\nII. false means the word was not in the dictionary.\nIII. Hash table size should increase with document size.\nChoose the best answer from the following options:\n0. I only\n1. II only\n2. I and II only\n3. II and III only\nAnswer: ",
        "answer": 1
    },
    "10": {
        "question": "Consider a computer system in which processes can request and release one or more resources. Once a process has been granted a resource, the process has exclusive use of that resource until it is released. If a process requests a resource that is already in use, the process enters a queue for that resource, waiting until the resource is available. Which of the following will NOT deal effectively with the problem of deadlock?\nChoose the best answer from the following options:\n0. Giving priorities to processes and ordering the wait queues by priority\n1. Having a process request all its required resources when it first begins, and restarting if it cannot obtain them all\n2. Numbering the resources and requiring that processes request resources in order of increasing number\n3. Having processes time out and restart after a random interval of waiting\nAnswer: 0\n\nA 3-way, set-associative cache is\nChoose the best answer from the following options:\n0. one in which each main memory word can be stored at any of 3 cache locations\n1. effective only if 3 or fewer processes are running alternately on the processor\n2. possible only with write-back\n3. faster to access than a direct-mapped cache\nAnswer: ",
        "answer": 0
    },
    "11": {
        "question": "In the Internet Protocol (IP) suite of protocols, which of the following best describes the purpose of the Address Resolution Protocol?\nChoose the best answer from the following options:\n0. To translate Web addresses to host names\n1. To determine the IP address of a given host name\n2. To determine the hardware address of a given host name\n3. To determine the hardware address of a given IP address\nAnswer: 3\n\nLet M be a single-tape, deterministic Turing machine with tape alphabet {blank,0,1}, and let C denote the (possibly infinite) computation of M starting with a blank tape. The input to each problem below is M, together with a positive integer n. Which of the following problems is (are) decidable?\nI. The computation C lasts for at least n steps.\nII. The computation C lasts for at least n steps, and M prints a 1 at some point after the nth step.\nIII. M scans at least n distinct tape squares during the computation C.\nChoose the best answer from the following options:\n0. None\n1. III only\n2. I and II only\n3. I and III only\nAnswer: ",
        "answer": 3
    },
    "12": {
        "question": "Let M be a single-tape, deterministic Turing machine with tape alphabet {blank,0,1}, and let C denote the (possibly infinite) computation of M starting with a blank tape. The input to each problem below is M, together with a positive integer n. Which of the following problems is (are) decidable?\nI. The computation C lasts for at least n steps.\nII. The computation C lasts for at least n steps, and M prints a 1 at some point after the nth step.\nIII. M scans at least n distinct tape squares during the computation C.\nChoose the best answer from the following options:\n0. None\n1. III only\n2. I and II only\n3. I and III only\nAnswer: 3\n\nAn Euler circuit of an undirected graph is a circuit in which each edge of the graph appears exactly once. Which of the following undirected graphs must have an Euler circuit?\nI. A complete graph with 12 vertices\nII. A complete graph with 13 vertices\nIII. A tree with 13 vertices\nChoose the best answer from the following options:\n0. I only\n1. II only\n2. III only\n3. I and II\nAnswer: ",
        "answer": 1
    },
    "13": {
        "question": "An integer c is a common divisor of two integers x and y if and only if c is a divisor of x and c is a divisor of y. Which of the following sets of integers could possibly be the set of all common divisors of two integers?\nChoose the best answer from the following options:\n0. {-6,-2, -1, 1, 2, 6}\n1. {-6, -2, -1, 0, 1, 2, 6}\n2. {-6, -3, -2, -1, 1, 2, 3, 6}\n3. {-6, -3, -2, -1, 0, 1, 2, 3, 6}\nAnswer: 2\n\nA microcomputer used for data acquisition and control is required to digitize and process four analog input signals and to output their average continually; i.e., in real time. The time for an external analog-to-digital converter (which is triggered by a CPU instruction) to digitize one input is 12 microseconds, and only one digitization occurs at a time. Five CPU instructions, including the triggering instruction, must be executed for each signal digitized. Ten CPU instructions are executed in order to average each set of four samples and output this value. The time to convert the output from digital to analog form is to be ignored. If it is assumed that suitable data buffering is employed, then the maximum average instruction execution time that allows the microcomputer to keep up with the input-output data rates, is\nChoose the best answer from the following options:\n0. 0.8 microseconds\n1. 1.2 microseconds\n2. 1.6 microseconds\n3. 2.4 microseconds\nAnswer: ",
        "answer": 2
    },
    "14": {
        "question": "Let k >= 2. Let L be the set of strings in {0, 1}^* such that x \\in L if and only if the number of 0's in x is divisible by k and the number of 1's in x is odd. The minimum number of states in a deterministic finite automaton (DFA) that recognizes L is\nChoose the best answer from the following options:\n0. k + 2\n1. 2k\n2. k log k\n3. k^2\nAnswer: 1\n\nWhich of the following is the name of the data structure in a compiler that is responsible for managing information about variables and their attributes?\nChoose the best answer from the following options:\n0. Abstract Syntax Tree (AST)\n1. Attribute Grammar\n2. Symbol Table\n3. Semantic Stack\nAnswer: ",
        "answer": 2
    },
    "15": {
        "question": "At time 0, five jobs are available for execution on a single processor, with service times of 25, 15, 5, 3, and 2 time units. Which of the following is the minimum value of the average completion time of these jobs?\nChoose the best answer from the following options:\n0. 50\n1. 208/5\n2. 92/5\n3. 10\nAnswer: 2\n\nLet A and B be two sets of words (strings) from \u03a3*, for some alphabet of symbols \u03a3. Suppose that B is a subset of A. Which of the following statements must always be true of A and B ?\nI. If A is finite, then B is finite.\nII. If A is regular, then B is regular.\nIII. If A is context-free, then B is context-free.\nChoose the best answer from the following options:\n0. I only\n1. II only\n2. III only\n3. I and II only\nAnswer: ",
        "answer": 0
    },
    "16": {
        "question": "A particular parallel program computation requires 100 seconds when executed on a single processor. If 40 percent of this computation is \"inherently sequential\" (i.e., will not benefit from additional processors), then the theoretically best possible elapsed times for this program running with 2 and 4 processors, respectively, are\nChoose the best answer from the following options:\n0. 20 and 10 seconds\n1. 30 and 15 seconds\n2. 50 and 25 seconds\n3. 70 and 55 seconds\nAnswer: 3\n\nTo compute the matrix product M_1M_2, where M_1 has p rows and q columns and where M_2 has q rows and r columns, takes time proportional to pqr, and the result is a matrix of p rows and r columns. Consider the product of three matrices N_1N_2N_3 that have, respectively, w rows and x columns, x rows and y columns, and y rows and z columns. Under what condition will it take less time to compute the product as (N_1N_2)N_3 (i.e., multiply the first two matrices first) than to compute it as N_1(N_2 N_3)?\nChoose the best answer from the following options:\n0. There is no such condition; i.e., they will always take the same time.\n1. 1/x + 1/z < 1/w + 1/y\n2. x > y\n3. 1/w + 1/x < 1/y + 1/z\nAnswer: ",
        "answer": 1
    },
    "17": {
        "question": "Which of the following statements about floating-point arithmetic is NOT true?\nChoose the best answer from the following options:\n0. It is inherently nonassociative because some numbers have no exact representation.\n1. It is inherently nonassociative because there have to be upper and lower bounds on the size of numbers.\n2. Associativity can be achieved with appropriate roundoff conventions.\n3. Some rational numbers have no exact representation.\nAnswer: 2\n\nA particular disk unit uses a bit string to record the occupancy or vacancy of its tracks, with O denoting vacant and 1 denoting occupied. A 32-bit segment of this string has the hexadecimal value D4FE2003. The percentage of occupied tracks for the corresponding part of the disk, to the nearest percent, is\nChoose the best answer from the following options:\n0. 12%\n1. 25%\n2. 38%\n3. 44%\nAnswer: ",
        "answer": 3
    },
    "18": {
        "question": "An Euler circuit of an undirected graph is a circuit in which each edge of the graph appears exactly once. Which of the following undirected graphs must have an Euler circuit?\nI. A complete graph with 12 vertices\nII. A complete graph with 13 vertices\nIII. A tree with 13 vertices\nChoose the best answer from the following options:\n0. I only\n1. II only\n2. III only\n3. I and II\nAnswer: 1\n\nConsider the representation of six-bit numbers by two's complement, one's complement, or by sign and magnitude. In which representation is there overflow from the addition of the integers 011000 and 011000?\nChoose the best answer from the following options:\n0. Two's complement only\n1. Sign and magnitude and one's complement only\n2. Two's complement and one's complement only\n3. All three representations\nAnswer: ",
        "answer": 3
    },
    "19": {
        "question": "Which of the following statements about circuits is (are) true?\nI. Combinational circuits may have feedback; sequential circuits do not.\nII. Combinational circuits have a \"memoryless\" property; sequential circuits do not.\nIII. Both sequential and combinational circuits must be controlled by an external clock.\nChoose the best answer from the following options:\n0. I only\n1. II only\n2. I and II only\n3. II and III only\nAnswer: 1\n\nWhich of the following statements about horizontal versus vertical microarchitecture is (are) true?\nI. Programs for horizontal architectures require more time steps than those for vertical architectures.\nII. Horizontal microinstructions are unencoded.\nIII. Horizontal microinstructions usually have a single opcode and multiple operand specifiers.\nChoose the best answer from the following options:\n0. I only\n1. II only\n2. III only\n3. II and III only\nAnswer: ",
        "answer": 1
    },
    "20": {
        "question": "Which of the following language features requires that stack-based storage allocation be used rather than static allocation?\nChoose the best answer from the following options:\n0. Recursive procedures\n1. Arbitrary goto's\n2. Two-dimensional arrays\n3. Integer-valued functions\nAnswer: 0\n\nAny set of Boolean operators that is sufficient to represent all Boolean expressions is said to be complete. Which of the following is NOT complete?\nChoose the best answer from the following options:\n0. {AND, NOT}\n1. {NOT, OR}\n2. {AND, OR}\n3. {NAND}\nAnswer: ",
        "answer": 2
    },
    "21": {
        "question": "Which of the following language features requires that stack-based storage allocation be used rather than static allocation?\nChoose the best answer from the following options:\n0. Recursive procedures\n1. Arbitrary goto's\n2. Two-dimensional arrays\n3. Integer-valued functions\nAnswer: 0\n\nOf the following, which gives the best upper bound for the value of f(N) where f is a solution to the recurrence f(2N + 1) = f(2N) = f(N) + log N for N >= 1, with f(1) = 0?\nChoose the best answer from the following options:\n0. O(log N)\n1. O(N log N)\n2. O(log N) + 0(1)\n3. O((log N)^2)\nAnswer: ",
        "answer": 3
    },
    "22": {
        "question": "Let G = (V, E) be a connected, undirected graph, and let a and b be two distinct vertices in V. Let P_1 be the problem of finding a shortest simple path between a and b, and let P_2 be the problem of finding a longest simple path between a and b. Which of the following statements about P_1 and P_2 is true?\nChoose the best answer from the following options:\n0. Both P_1 and P_2 can be solved in polynomial time.\n1. P_1 can be solved in polynomial time but P_2 is not known to be solvable in polynomial time.\n2. P_1 is not known to be solvable in polynomial time but P_2 can be solved in polynomial time.\n3. It is not known whether either P_1 or P_2 can be solved in polynomial time.\nAnswer: 1\n\nFunction signatures describe the types of the arguments to a function as well as the return value of the function. For instance, the addition function on reals has a signature of\nadd : real x real -> real\nsince it takes two real numbers and returns a real number. But, for a language that allows functions as return values, addition could be considered to have the signature\nadd : real -> (real -> real)\nwhich means that add takes a single real (the first operand) and returns a new function that itself takes a single real (the second operand) and returns a real (the result). This process of reducing a function with multiple arguments to a function with fewer arguments is called currying. Which of the following is correct?\nChoose the best answer from the following options:\n0. Currying can be applied to any function to the point where it has exactly one input argument.\n1. Currying cannot be applied to functions of more than two arguments.\n2. Currying cannot be applied to functions that return functions as arguments.\n3. Currying cannot be applied w functions that haw arguments that are functions.\nAnswer: ",
        "answer": 0
    },
    "23": {
        "question": "Suppose sharing of tiles in a multilevel directory structure is achieved with directory entries that are links pointing to a node containing information about a shared file. Information in this node includes (1) the owner of the file, (2) a count of the number of links to the tile, and (3) the disk block numbers of the file. What is a primary drawback to this approach to sharing?\nChoose the best answer from the following options:\n0. If the owner modifies the file, another user who does not share will see the changes.\n1. If the owner renames the file, other users will not be able to access it.\n2. If the owner is allowed to delete a file, dangling links may result.\n3. If any user who shares the file appends to it, others who share it will not be able to access the new disk blocks.\nAnswer: 2\n\nWhich of the following decimal numbers has an exact representation in binary notation?\nChoose the best answer from the following options:\n0. 0.1\n1. 0.2\n2. 0.3\n3. 0.5\nAnswer: ",
        "answer": 3
    },
    "24": {
        "question": "A starvation-free job-scheduling policy guarantees that no job waits indefinitely for service. Which of the following job-scheduling policies is starvation-free?\nChoose the best answer from the following options:\n0. Round-robin\n1. Priority queuing\n2. Shortest job first\n3. Youngest job first\nAnswer: 0\n\nTwo expressions E and F are said to be unifiable if there are substitutions for the variables of E and F that make the expressions lexically identical. In the following three expressions, only w, x, y, and z are variables.\nI. f(w,w)\nII. f(x,1)\nIII. f(y,g(z))\nWhich pairs of these expressions is (are) pairs of unifiable expressions?\nChoose the best answer from the following options:\n0. (I, II) only\n1. (I, III) only\n2. (II, III) only\n3. (I, II) and (I, III) only\nAnswer: ",
        "answer": 3
    },
    "25": {
        "question": "Which of the following sets of bit strings CANNOT be described with a regular expression?\nChoose the best answer from the following options:\n0. All bit strings whose number of zeros is a multiple of five\n1. All bit strings starting with a zero and ending with a one\n2. All bit strings with an even number of zeros\n3. All bit strings with more ones than zeros\nAnswer: 3\n\nWhich of the following problems can be solved by a standard greedy algorithm?\nI. Finding a minimum spanning tree in an undirected graph with positive-integer edge weights\nII. Finding a maximum clique in an undirected graph\nIII. Finding a maximum flow from a source node to a sink node in a directed graph with positive-integer edge capacities\nChoose the best answer from the following options:\n0. I only\n1. II only\n2. III only\n3. I and II only\nAnswer: ",
        "answer": 0
    },
    "26": {
        "question": "An integer c is a common divisor of two integers x and y if and only if c is a divisor of x and c is a divisor of y. Which of the following sets of integers could possibly be the set of all common divisors of two integers?\nChoose the best answer from the following options:\n0. {-6,-2, -1, 1, 2, 6}\n1. {-6, -2, -1, 0, 1, 2, 6}\n2. {-6, -3, -2, -1, 1, 2, 3, 6}\n3. {-6, -3, -2, -1, 0, 1, 2, 3, 6}\nAnswer: 2\n\nLet M be a single-tape, deterministic Turing machine with tape alphabet {blank,0,1}, and let C denote the (possibly infinite) computation of M starting with a blank tape. The input to each problem below is M, together with a positive integer n. Which of the following problems is (are) decidable?\nI. The computation C lasts for at least n steps.\nII. The computation C lasts for at least n steps, and M prints a 1 at some point after the nth step.\nIII. M scans at least n distinct tape squares during the computation C.\nChoose the best answer from the following options:\n0. None\n1. III only\n2. I and II only\n3. I and III only\nAnswer: ",
        "answer": 3
    },
    "27": {
        "question": "If p(x) is the minimal-degree interpolating polynomial for the real-valued function f(x) at the n + 1 distinct real numbers x0, .... xn what is the maximum possible degree of p(x)?\nChoose the best answer from the following options:\n0. n\n1. n + 1\n2. n + 2\n3. 2n\nAnswer: 0\n\nConsider the representation of six-bit numbers by two's complement, one's complement, or by sign and magnitude. In which representation is there overflow from the addition of the integers 011000 and 011000?\nChoose the best answer from the following options:\n0. Two's complement only\n1. Sign and magnitude and one's complement only\n2. Two's complement and one's complement only\n3. All three representations\nAnswer: ",
        "answer": 3
    },
    "28": {
        "question": "Let G = (V, E) be a connected, undirected graph, and let a and b be two distinct vertices in V. Let P_1 be the problem of finding a shortest simple path between a and b, and let P_2 be the problem of finding a longest simple path between a and b. Which of the following statements about P_1 and P_2 is true?\nChoose the best answer from the following options:\n0. Both P_1 and P_2 can be solved in polynomial time.\n1. P_1 can be solved in polynomial time but P_2 is not known to be solvable in polynomial time.\n2. P_1 is not known to be solvable in polynomial time but P_2 can be solved in polynomial time.\n3. It is not known whether either P_1 or P_2 can be solved in polynomial time.\nAnswer: 1\n\nFunction signatures describe the types of the arguments to a function as well as the return value of the function. For instance, the addition function on reals has a signature of\nadd : real x real -> real\nsince it takes two real numbers and returns a real number. But, for a language that allows functions as return values, addition could be considered to have the signature\nadd : real -> (real -> real)\nwhich means that add takes a single real (the first operand) and returns a new function that itself takes a single real (the second operand) and returns a real (the result). This process of reducing a function with multiple arguments to a function with fewer arguments is called currying. Which of the following is correct?\nChoose the best answer from the following options:\n0. Currying can be applied to any function to the point where it has exactly one input argument.\n1. Currying cannot be applied to functions of more than two arguments.\n2. Currying cannot be applied to functions that return functions as arguments.\n3. Currying cannot be applied w functions that haw arguments that are functions.\nAnswer: ",
        "answer": 0
    },
    "29": {
        "question": "Let T (n) be defined by T(1) = 7 and T(n + 1) = 3n + T(n) for all integers n \u2265 1. Which of the following represents the order of growth of T(n) as a function of n?\nChoose the best answer from the following options:\n0. \u0398(n)\n1. \u0398(n log n)\n2. \u0398(n^2)\n3. \u0398(n^2 log n)\nAnswer: 2\n\nThe hit ratio of a cache memory is the percentage of accesses (reads and writes) for which data are found in the cache. Write-through is a policy whereby every write operation updates main memory. Write-back is a policy whereby a write operation to a line found in the cache does not affect main memory until the line is evicted from the cache. Write-allocation is a policy whereby a cache line is allocated and loaded on a write-miss. If it is assumed that write-allocation is always used, which of the following is true?\nChoose the best answer from the following options:\n0. Write-back usually results in a better hit ratio than write-through.\n1. Write-through usually results in a better hit ratio than write-back.\n2. The percentage of write operations resulting in a main memory operation will never be larger for write-back than for write-through.\n3. The percentage of write operations resulting in a main memory operation will never be larger for writethrough than for write-back.\nAnswer: ",
        "answer": 2
    },
    "30": {
        "question": "Resolution theorem proving for showing that a formula of propositional logic is not satisfiable has which of the following properties?\nI. It is a sound proof system in the sense that there does not exist a proof of the unsatisfiability of a satisfiable formula of propositional logic.\nII. It is a complete proof system in the sense that there is a proof of unsatisfiability for every unsa tisfiable formula of propositional logic.\nIII. It is a succinct proof system in the sense that whenever an unsatisfiable formula F of propositional logic has a resolution proof, F also has a proof whose length is polynomial in the length of F.\nChoose the best answer from the following options:\n0. I only\n1. III only\n2. I and II only\n3. I and III only\nAnswer: 2\n\nWhich of the following considerations applies (apply) to choosing the page size in a paging system?\nI. An advantage of larger pages is that they lead to smaller page tables.\nII. An advantage of smaller pages is that they lead to less waste due to internal fragmentation.\nIII. Normally, the dominant factor in disk access time is not dependent on page length, so longer pages can be used advantageously.\nChoose the best answer from the following options:\n0. I only\n1. II only\n2. I and III only\n3. I, II, and III\nAnswer: ",
        "answer": 3
    },
    "31": {
        "question": "Assume that any assignment statement can be executed in unit time. If as many identical processors as needed are used, what is the minimum number of time units needed to execute the assignments\nA := B + C\nB := A - B\nC := A * E\nD := A/F\nE := B - C\nF := A + B\nwith the same result as if the assignments were executed in the order shown?\nChoose the best answer from the following options:\n0. 1\n1. 2\n2. 3\n3. 4\nAnswer: 2\n\nTwo processors, M-5 and M-7, implement the same instruction set. Processor M-5 uses a 5-stage pipeline and a clock cycle of 10 nanoseconds. Processor M-7 uses a 7-stage pipeline and a clock cycle of 7.5 nanoseconds. Which of the following is (are) true?\nI. M-7\u2019s pipeline has better maximum throughput than M-5\u2019s pipeline.\nII. The latency of a single instruction is shorter on M-7\u2019s pipeline than on M-5\u2019s pipeline.\nIII. Programs executing on M-7 will always run faster than programs executing on M-5.\nChoose the best answer from the following options:\n0. I only\n1. II only\n2. I and III\n3. II and III\nAnswer: ",
        "answer": 0
    },
    "32": {
        "question": "Of the following, which best approximates the ratio of the number of nonterminal nodes to the total number of nodes in a complete K-ary tree of depth N?\nChoose the best answer from the following options:\n0. 1/K\n1. K-1/K\n2. log_10 (1/N)\n3. N-1/m\nAnswer: 0\n\nIn the Internet Protocol (IP) suite of protocols, which of the following best describes the purpose of the Address Resolution Protocol?\nChoose the best answer from the following options:\n0. To translate Web addresses to host names\n1. To determine the IP address of a given host name\n2. To determine the hardware address of a given host name\n3. To determine the hardware address of a given IP address\nAnswer: ",
        "answer": 3
    },
    "33": {
        "question": "Company X shipped 5 computer chips, 1 of which was defective, and Company Y shipped 4 computer chips, 2 of which were defective. One computer chip is to be chosen uniformly at random from the 9 chips shipped by the companies. If the chosen chip is found to be defective, what is the probability that the chip came from Company Y?\nChoose the best answer from the following options:\n0. 2 / 9\n1. 4 / 9\n2. 1 / 2\n3. 2 / 3\nAnswer: 3\n\nWhich of the following statements about a remote procedure call is true?\nChoose the best answer from the following options:\n0. It is used to call procedures with addresses that are farther than 2^16 bytes away.\n1. It cannot return a value.\n2. It cannot pass parameters by reference.\n3. It cannot call procedures implemented in a different language.\nAnswer: ",
        "answer": 2
    },
    "34": {
        "question": "Which of the following is the name of the data structure in a compiler that is responsible for managing information about variables and their attributes?\nChoose the best answer from the following options:\n0. Abstract Syntax Tree (AST)\n1. Attribute Grammar\n2. Symbol Table\n3. Semantic Stack\nAnswer: 2\n\nOf the following, which best characterizes computers that use memory-mapped I/O?\nChoose the best answer from the following options:\n0. The computer provides special instructions for manipulating I/O ports.\n1. I/O ports are placed at addresses on the bus and are accessed just like other memory locations.\n2. To perform an I/O operation, it is sufficient to place the data in an address register and call the channel to perform the operation.\n3. Ports are referenced only by memory-mapped instructions of the computer and are located at hardwired memory locations.\nAnswer: ",
        "answer": 1
    },
    "35": {
        "question": "Let G = (V, E) be a connected, undirected graph, and let a and b be two distinct vertices in V. Let P_1 be the problem of finding a shortest simple path between a and b, and let P_2 be the problem of finding a longest simple path between a and b. Which of the following statements about P_1 and P_2 is true?\nChoose the best answer from the following options:\n0. Both P_1 and P_2 can be solved in polynomial time.\n1. P_1 can be solved in polynomial time but P_2 is not known to be solvable in polynomial time.\n2. P_1 is not known to be solvable in polynomial time but P_2 can be solved in polynomial time.\n3. It is not known whether either P_1 or P_2 can be solved in polynomial time.\nAnswer: 1\n\nWhich of the following conditions can be expressed by a Boolean formula in the Boolean variables p_1, p_2, p_3, p_4 and the connectives \u2227,\u2228 (without \u00ac)?\nI. At least three of p_1, p_2, p_3, p_4 are true.\nII. Exactly three of p_1, p_2, p_3, p_4 are true.\nIII. An even number of p_1, p_2, p_3, p_4 are true.\nChoose the best answer from the following options:\n0. I only\n1. II only\n2. III only\n3. I and III\nAnswer: ",
        "answer": 0
    },
    "36": {
        "question": "A starvation-free job-scheduling policy guarantees that no job waits indefinitely for service. Which of the following job-scheduling policies is starvation-free?\nChoose the best answer from the following options:\n0. Round-robin\n1. Priority queuing\n2. Shortest job first\n3. Youngest job first\nAnswer: 0\n\nConsider a computer system in which processes can request and release one or more resources. Once a process has been granted a resource, the process has exclusive use of that resource until it is released. If a process requests a resource that is already in use, the process enters a queue for that resource, waiting until the resource is available. Which of the following will NOT deal effectively with the problem of deadlock?\nChoose the best answer from the following options:\n0. Giving priorities to processes and ordering the wait queues by priority\n1. Having a process request all its required resources when it first begins, and restarting if it cannot obtain them all\n2. Numbering the resources and requiring that processes request resources in order of increasing number\n3. Having processes time out and restart after a random interval of waiting\nAnswer: ",
        "answer": 0
    },
    "37": {
        "question": "Let P be a procedure that for some inputs calls itself (i.e., is recursive). If P is guaranteed to terminate, which of the following statements must be true?\nI. P has a local variable.\nII. P has an execution path where it does not call itself.\nIII. P either refers to a global variable or has at least one parameter.\nChoose the best answer from the following options:\n0. I only\n1. II only\n2. I and II only\n3. II and III only\nAnswer: 3\n\nConsider an object-oriented language in which all entities are objects. Two relationships arise: (1) the instance relationship, between an object and the class of which that object is a member, and (2) the subclass relationship, between a class and the superclass from which that class inherits properties. In such a language, when a message is sent to an object requesting execution of one of its methods (procedures), the method is located by following\nChoose the best answer from the following options:\n0. one instance link and then zero or more subclass links\n1. one or more instance links and then one or more subclass links\n2. one or more instance links\n3. one subclass link and then one or more instance links\nAnswer: ",
        "answer": 0
    },
    "38": {
        "question": "An internal hash table has 5 buckets, numbered 0, 1, 2, 3, 4. Keys are integers, and the hash function h(i) = i mod 5 is used, with linear resolution of collisions (i.e., if bucket h(i) is filled, the buckets h(i) + 1, h(i) + 2, ... are tried successively with all bucket numbers computed modulo 5). If elements with keys 13, 8, 24, 10, and 3 are inserted, m that order, into an initially blank hash table, then the content of the bucket numbered 2 is\nChoose the best answer from the following options:\n0. 3\n1. 8\n2. 10\n3. 13\nAnswer: 0\n\n\"Magic memory\"' has two operations: Read and Clear. Both are indivisible and mutually exclusive. Clear sets the magic memory to zero. Read returns a value that represents the number of Read operations since the last Clear operation. Which of the following is (are) true of \"Magic memory\"?\nI. It can provide the functionality of an atomic Test-and-Set.\nII. It can be used to coordinate processes running on a shared-memory multiprocessor.\nIII. It is only useful on a multiprocessor.\nChoose the best answer from the following options:\n0. I only\n1. II only\n2. III only\n3. I and II\nAnswer: ",
        "answer": 3
    },
    "39": {
        "question": "An Euler circuit of an undirected graph is a circuit in which each edge of the graph appears exactly once. Which of the following undirected graphs must have an Euler circuit?\nI. A complete graph with 12 vertices\nII. A complete graph with 13 vertices\nIII. A tree with 13 vertices\nChoose the best answer from the following options:\n0. I only\n1. II only\n2. III only\n3. I and II\nAnswer: 1\n\nWhich of the following statements about floating-point arithmetic is NOT true?\nChoose the best answer from the following options:\n0. It is inherently nonassociative because some numbers have no exact representation.\n1. It is inherently nonassociative because there have to be upper and lower bounds on the size of numbers.\n2. Associativity can be achieved with appropriate roundoff conventions.\n3. Some rational numbers have no exact representation.\nAnswer: ",
        "answer": 2
    },
    "40": {
        "question": "Which of the following statements about datagrams sent by a node in a network using IPv4 protocol is (are) true?\nI. Datagrams at the source must be the size of the smallest maximum transmission unit (MTU) of all the links on a path to the destination.\nII. Datagrams may be fragmented during routing.\nIII. Datagrams are reassembled only at the destination.\nChoose the best answer from the following options:\n0. I only\n1. II only\n2. III only\n3. II and III\nAnswer: 3\n\nA program that checks spelling works in the following way. A hash table has been defined in which each entry is a Boolean variable initialized to false. A hash function has been applied to each word in the dictionary, and the appropriate entry in the hash table has been set to true. To check the spelling in a document, the hash function is applied to every word in the document, and the appropriate entry in the hash table is examined. Which of the following is (are) correct?\nI. true means the word was in the dictionary.\nII. false means the word was not in the dictionary.\nIII. Hash table size should increase with document size.\nChoose the best answer from the following options:\n0. I only\n1. II only\n2. I and II only\n3. II and III only\nAnswer: ",
        "answer": 1
    },
    "41": {
        "question": "If p(x) is the minimal-degree interpolating polynomial for the real-valued function f(x) at the n + 1 distinct real numbers x0, .... xn what is the maximum possible degree of p(x)?\nChoose the best answer from the following options:\n0. n\n1. n + 1\n2. n + 2\n3. 2n\nAnswer: 0\n\nIn the Internet Protocol (IP) suite of protocols, which of the following best describes the purpose of the Address Resolution Protocol?\nChoose the best answer from the following options:\n0. To translate Web addresses to host names\n1. To determine the IP address of a given host name\n2. To determine the hardware address of a given host name\n3. To determine the hardware address of a given IP address\nAnswer: ",
        "answer": 3
    },
    "42": {
        "question": "Which of the following considerations applies (apply) to choosing the page size in a paging system?\nI. An advantage of larger pages is that they lead to smaller page tables.\nII. An advantage of smaller pages is that they lead to less waste due to internal fragmentation.\nIII. Normally, the dominant factor in disk access time is not dependent on page length, so longer pages can be used advantageously.\nChoose the best answer from the following options:\n0. I only\n1. II only\n2. I and III only\n3. I, II, and III\nAnswer: 3\n\nSuppose that a certain software product has a mean time between failures of 10,000 hours and has a mean time to repair of 20 hours. If the product is used by 100 customers, what is its availability?\nChoose the best answer from the following options:\n0. 80%\n1. 90%\n2. 98%\n3. 99.80%\nAnswer: ",
        "answer": 3
    },
    "43": {
        "question": "A particular parallel program computation requires 100 seconds when executed on a single processor. If 40 percent of this computation is \"inherently sequential\" (i.e., will not benefit from additional processors), then the theoretically best possible elapsed times for this program running with 2 and 4 processors, respectively, are\nChoose the best answer from the following options:\n0. 20 and 10 seconds\n1. 30 and 15 seconds\n2. 50 and 25 seconds\n3. 70 and 55 seconds\nAnswer: 3\n\nIn the Internet Protocol (IP) suite of protocols, which of the following best describes the purpose of the Address Resolution Protocol?\nChoose the best answer from the following options:\n0. To translate Web addresses to host names\n1. To determine the IP address of a given host name\n2. To determine the hardware address of a given host name\n3. To determine the hardware address of a given IP address\nAnswer: ",
        "answer": 3
    },
    "44": {
        "question": "Which of the following statements about horizontal versus vertical microarchitecture is (are) true?\nI. Programs for horizontal architectures require more time steps than those for vertical architectures.\nII. Horizontal microinstructions are unencoded.\nIII. Horizontal microinstructions usually have a single opcode and multiple operand specifiers.\nChoose the best answer from the following options:\n0. I only\n1. II only\n2. III only\n3. II and III only\nAnswer: 1\n\nConsider a computer system in which processes can request and release one or more resources. Once a process has been granted a resource, the process has exclusive use of that resource until it is released. If a process requests a resource that is already in use, the process enters a queue for that resource, waiting until the resource is available. Which of the following will NOT deal effectively with the problem of deadlock?\nChoose the best answer from the following options:\n0. Giving priorities to processes and ordering the wait queues by priority\n1. Having a process request all its required resources when it first begins, and restarting if it cannot obtain them all\n2. Numbering the resources and requiring that processes request resources in order of increasing number\n3. Having processes time out and restart after a random interval of waiting\nAnswer: ",
        "answer": 0
    },
    "45": {
        "question": "Which of the following statements about horizontal versus vertical microarchitecture is (are) true?\nI. Programs for horizontal architectures require more time steps than those for vertical architectures.\nII. Horizontal microinstructions are unencoded.\nIII. Horizontal microinstructions usually have a single opcode and multiple operand specifiers.\nChoose the best answer from the following options:\n0. I only\n1. II only\n2. III only\n3. II and III only\nAnswer: 1\n\nWhich of the following conditions can be expressed by a Boolean formula in the Boolean variables p_1, p_2, p_3, p_4 and the connectives \u2227,\u2228 (without \u00ac)?\nI. At least three of p_1, p_2, p_3, p_4 are true.\nII. Exactly three of p_1, p_2, p_3, p_4 are true.\nIII. An even number of p_1, p_2, p_3, p_4 are true.\nChoose the best answer from the following options:\n0. I only\n1. II only\n2. III only\n3. I and III\nAnswer: ",
        "answer": 0
    },
    "46": {
        "question": "Two computers communicate with each other by sending data packets across a local area network. The size of these packets is 1,000 bytes. The network has the capacity to carry 1,000 packets per second. The CPU time required to execute the network protocol to send one packet is 10 milliseconds. The maximum rate at which one computer can send data to another is approximately\nChoose the best answer from the following options:\n0. 10,000 bytes/second\n1. 25,000 bytes/ second\n2. 100,000 bytes/ second\n3. 500,000 bytes/ second\nAnswer: 2\n\nA starvation-free job-scheduling policy guarantees that no job waits indefinitely for service. Which of the following job-scheduling policies is starvation-free?\nChoose the best answer from the following options:\n0. Round-robin\n1. Priority queuing\n2. Shortest job first\n3. Youngest job first\nAnswer: ",
        "answer": 0
    },
    "47": {
        "question": "For a connected, undirected graph G = (V, E), which of the following must be true?\nI. \u03a3_{v\u2208V} degree(v) is even.\nII. |E| \u2265 |V| \u2212 1\nIII. G has at least one vertex with degree 1.\nChoose the best answer from the following options:\n0. I only\n1. II only\n2. III only\n3. I and II\nAnswer: 3\n\nAt time 0, five jobs are available for execution on a single processor, with service times of 25, 15, 5, 3, and 2 time units. Which of the following is the minimum value of the average completion time of these jobs?\nChoose the best answer from the following options:\n0. 50\n1. 208/5\n2. 92/5\n3. 10\nAnswer: ",
        "answer": 2
    },
    "48": {
        "question": "Let P be a procedure that for some inputs calls itself (i.e., is recursive). If P is guaranteed to terminate, which of the following statements must be true?\nI. P has a local variable.\nII. P has an execution path where it does not call itself.\nIII. P either refers to a global variable or has at least one parameter.\nChoose the best answer from the following options:\n0. I only\n1. II only\n2. I and II only\n3. II and III only\nAnswer: 3\n\nConsider the following grammar.\nS \u2192 ( S )\nS \u2192 x\nWhich of the following statements is (are) true?\nI. The grammar is ambiguous.\nII. The grammar is suitable for top-down parsing.\nIII. The grammar is suitable for bottom-up parsing.\nChoose the best answer from the following options:\n0. I only\n1. II only\n2. III only\n3. II and III only\nAnswer: ",
        "answer": 3
    },
    "49": {
        "question": "Which of the following is the name of the data structure in a compiler that is responsible for managing information about variables and their attributes?\nChoose the best answer from the following options:\n0. Abstract Syntax Tree (AST)\n1. Attribute Grammar\n2. Symbol Table\n3. Semantic Stack\nAnswer: 2\n\nBob writes down a number between 1 and 1,000. Mary must identify that number by asking \"yes/no\" questions of Bob. Mary knows that Bob always tells the truth. If Mary uses an optimal strategy, then she will determine the answer at the end of exactly how many questions in the worst case?\nChoose the best answer from the following options:\n0. 1,000\n1. 999\n2. 500\n3. 10\nAnswer: ",
        "answer": 3
    }
}