[
  {
    "question": "Find the quotient of −40 ÷ (−8).\nChoose the best answer from the following options:\n0. 1 over 5\n1. −5\n2. −1 over 5\n3. 5\nAnswer: ",
    "answer": 3
  },
  {
    "question": "Mr. Lucci put together 5 bags of pens. He put 19 black pens and 12 red pens in each bag. Which expression shows the total number of pens Mr. Lucci put into bags?\nChoose the best answer from the following options:\n0. (5 × 19) + 12\n1. 5 × (19 + 12)\n2. 5 + (19 × 12)\n3. (5 + 19) × 12\nAnswer: ",
    "answer": 1
  },
  {
    "question": "Which statement is true?\nChoose the best answer from the following options:\n0. All hexagons are triangles because they have at least 3 sides.\n1. All octagons are polygons because they have at least 3 sides.\n2. All parallelograms are rectangles because they have 2 sets of parallel sides.\n3. All rhombi are squares because they have 4 sides that are all the same length.\nAnswer: ",
    "answer": 1
  },
  {
    "question": "A group of students played a basketball game after school. Which total can be found using the expression 7 x 2?\nChoose the best answer from the following options:\n0. the total number of points if a player made 7 shots and each shot was worth 2 points\n1. the total number of basketballs if 7 basketballs were old and 2 basketballs were new\n2. the total number of points if one player had 7 points and a different player had 2 points\n3. the total number of basketballs used if there were 7 basketballs and 2 of the basketballs were not used\nAnswer: ",
    "answer": 0
  },
  {
    "question": "The schedule for a music showcase includes 3 sets that are 20 minutes each and 1 set that is 40 minutes. There is a 10-minute break between each set. The total length of the music showcase is 3(20 + 10) + 40 minutes. What is the total length of the music showcase?\nChoose the best answer from the following options:\n0. 73 minutes\n1. 110 minutes\n2. 130 minutes\n3. 210 minutes\nAnswer: ",
    "answer": 2
  },
  {
    "question": "Estimate 711 + 497. The sum is between which numbers?\nChoose the best answer from the following options:\n0. 50 and 400\n1. 450 and 700\n2. 750 and 1,000\n3. 1,050 and 1,300\nAnswer: ",
    "answer": 3
  },
  {
    "question": "Marcus spent $3.25 to wash his car. If one quarter operates the car wash for 60 seconds, how long did it take him to wash his car?\nChoose the best answer from the following options:\n0. 10 minutes\n1. 13 minutes\n2. 16 minutes\n3. 32.5 minutes\nAnswer: ",
    "answer": 1
  },
  {
    "question": "Simplify 5^3. Use a calculator, paper and pencil, or mental math.\nChoose the best answer from the following options:\n0. 15\n1. 125\n2. 8\n3. 53\nAnswer: ",
    "answer": 1
  },
  {
    "question": "What is the greatest common factor of 42 and 84?\nChoose the best answer from the following options:\n0. 7\n1. 21\n2. 42\n3. 84\nAnswer: ",
    "answer": 2
  },
  {
    "question": "There were 6 rows of chairs set up for a meeting. Each row had 8 chairs. What was the total number of chairs set up for the meeting?\nChoose the best answer from the following options:\n0. 14\n1. 36\n2. 48\n3. 64\nAnswer: ",
    "answer": 2
  },
  {
    "question": "A worker on an assembly line takes 7 hours to produce 22 parts. At that rate how many parts can she produce in 35 hours?\nChoose the best answer from the following options:\n0. 220 parts\n1. 770 parts\n2. 4 parts\n3. 110 parts\nAnswer: ",
    "answer": 3
  },
  {
    "question": "Find 3 over 4 − 1 over 8.\nChoose the best answer from the following options:\n0. 21 over 32\n1. 1\n2. 5 over 8\n3. 11 over 16\nAnswer: ",
    "answer": 2
  },
  {
    "question": "Peter works 38 hours per week and earns $7.25 per hour. His employer gives him a raise that increases his weekly gross pay to $307.80. What is the increase in Peter's weekly gross pay?\nChoose the best answer from the following options:\n0. $32.30 \n1. $34.70 \n2. $42.46 \n3. $275.50 \nAnswer: ",
    "answer": 0
  },
  {
    "question": "A company makes 5 blue cars for every 3 white cars it makes. If the company makes 15 white cars in one day, how many blue cars will it make?\nChoose the best answer from the following options:\n0. 9\n1. 13\n2. 17\n3. 25\nAnswer: ",
    "answer": 3
  },
  {
    "question": "Ms. Perez drove a total of 40 miles in 5 days. She drove the same number of miles each day. How many miles did Ms. Perez drive each day?\nChoose the best answer from the following options:\n0. 5\n1. 7\n2. 8\n3. 9\nAnswer: ",
    "answer": 2
  },
  {
    "question": "Which measurement would best be rounded to the nearest thousand?\nChoose the best answer from the following options:\n0. The length of a football field in yards\n1. The height of a professional football player in inches\n2. The number of people at a professional football game\n3. The weight of a professional football player in pounds\nAnswer: ",
    "answer": 2
  },
  {
    "question": "A tank is in the shape of a triangular prism. If the triangular base has an area of 116 square feet, and the tank is 30 feet tall, how much water would the tank contain when it is full?\nChoose the best answer from the following options:\n0. 1725 ft^3\n1. 1740 ft^3\n2. 3480 ft^3\n3. 6960 ft^3\nAnswer: ",
    "answer": 2
  },
  {
    "question": "Use the list of numbers: 22, 25, 14, 11, 23, 27, 46. What is the mode?\nChoose the best answer from the following options:\n0. 23\n1. 24\n2. 35\n3. No mode\nAnswer: ",
    "answer": 3
  },
  {
    "question": "A student has 3 puzzles. Each puzzle has 1,250 pieces. What is the total number of pieces in the puzzles?\nChoose the best answer from the following options:\n0. 3,650\n1. 3,750\n2. 4,650\n3. 4,750\nAnswer: ",
    "answer": 1
  },
  {
    "question": "What number multiplied by 4 equals 36?\nChoose the best answer from the following options:\n0. 6\n1. 7\n2. 8\n3. 9\nAnswer: ",
    "answer": 3
  },
  {
    "question": "There are three different sections to sit in at a baseball park. The number of people who can sit in each section is described below.\n* red section seats 200 people\n* blue section seats 20 fewer people than the red section\n* green section seats 2 times as many people as the blue section\nWhat is the total number of people who can sit in the baseball park?\nChoose the best answer from the following options:\n0. 260\n1. 380\n2. 640\n3. 740\nAnswer: ",
    "answer": 3
  },
  {
    "question": "Find the value of 6 • 24 ÷ (8 − 5).\nChoose the best answer from the following options:\n0. 48\n1. 13\n2. −13\n3. 54\nAnswer: ",
    "answer": 0
  },
  {
    "question": "8 + 8 ÷ 2 + 2 =\nChoose the best answer from the following options:\n0. 4\n1. 8\n2. 10\n3. 14\nAnswer: ",
    "answer": 3
  },
  {
    "question": "Ken and Tami are making necklaces. Ken makes 25 necklaces. Tami makes m more necklaces than Ken. Which expression represents the total number of necklaces Ken and Tami made?\nChoose the best answer from the following options:\n0. 25 + (25+ m)\n1. 25 + 25m\n2. 25 + m\n3. 25m\nAnswer: ",
    "answer": 0
  },
  {
    "question": "The lowest point on Earth is the bottom of the Mariana Trench at a depth of 35,840 feet below sea level. The highest point on Earth is the summit of Mt. Everest at a height of 29,028 feet above sea level. Which of the following is the best estimate of the distance between the lowest and highest points on Earth?\nChoose the best answer from the following options:\n0. 6,000 feet\n1. 7,000 feet\n2. 64,000 feet\n3. 65,000 feet\nAnswer: ",
    "answer": 3
  },
  {
    "question": "The American flag is usually made with its width and length in the ratio of 10 to 19. Which dimensions are in the correct ratio for the flag?\nChoose the best answer from the following options:\n0. 30 ft by 53 ft\n1. 27 ft by 53 ft\n2. 27 in. by 57 in.\n3. 30 in. by 57 in.\nAnswer: ",
    "answer": 3
  },
  {
    "question": "Estimate 153 + 44. The sum is between which numbers?\nChoose the best answer from the following options:\n0. 100 and 299\n1. 300 and 499\n2. 500 and 699\n3. 700 and 899\nAnswer: ",
    "answer": 0
  },
  {
    "question": "Ms. Carter has 30 students in her classroom. She arranges them into 5 equal groups. Which expression represents how to find the number of students in each group?\nChoose the best answer from the following options:\n0. 30+5\n1. 30/5\n2. 30-5\n3. 30x5\nAnswer: ",
    "answer": 1
  },
  {
    "question": "Write the prime factorization of 77. Use exponents where possible.\nChoose the best answer from the following options:\n0. 7 • 11^2 • 13\n1. 7^2 • 11\n2. 7 • 11 • 13\n3. 7 • 11\nAnswer: ",
    "answer": 3
  },
  {
    "question": "How many years are there in a decade?\nChoose the best answer from the following options:\n0. 5\n1. 10\n2. 15\n3. 20\nAnswer: ",
    "answer": 1
  },
  {
    "question": "Kerri ran the same distance in four different races. Her times were 18.04 seconds, 21.39 seconds, 12.99 seconds, and 14.14 seconds. If the individual times are rounded to the nearest one-tenth of a second, what is the estimate of Kerri's total time for all four races?\nChoose the best answer from the following options:\n0. 66.6 seconds\n1. 66.5 seconds\n2. 66 seconds\n3. 65.5 seconds\nAnswer: ",
    "answer": 1
  },
  {
    "question": "The Mills Library has 1,007,199 books. The Springvale Library has 907,082 books. Which of the following is the best estimate of how many more books the Mills Library has than the Springvale Library?\nChoose the best answer from the following options:\n0. 100,000 books\n1. 80,000 books\n2. 10,000 books\n3. 8,000 books\nAnswer: ",
    "answer": 0
  },
  {
    "question": "A tournament has 393 players with 3 players on each team. Which expression shows how to find the number of teams in the tournament?\nChoose the best answer from the following options:\n0. 393 + 3\n1. 393 – 3\n2. 393 × 3\n3. 393 ÷ 3\nAnswer: ",
    "answer": 3
  },
  {
    "question": "Which pair of ratios CANNOT form a proportion?\nChoose the best answer from the following options:\n0. 4 over 5 and 24 over 30\n1. 4 over 5 and 20 over 25\n2. 36 over 45 and 4 over 5\n3. 4 over 5 and 20 over 30\nAnswer: ",
    "answer": 3
  },
  {
    "question": "Lily is going to give away all the pieces of candy in a bag. She can give an equal number of pieces of candy to 5, 3, or 2 people. Which number of pieces of candy could be in Lily’s bag?\nChoose the best answer from the following options:\n0. 12\n1. 20\n2. 30\n3. 45\nAnswer: ",
    "answer": 2
  },
  {
    "question": "Cat food costs $.47/lb. How much does a 6-lb bag cost?\nChoose the best answer from the following options:\n0. $2.82 \n1. $2.97 \n2. $6.47 \n3. $12.77 \nAnswer: ",
    "answer": 0
  },
  {
    "question": "What is 60% of 30?\nChoose the best answer from the following options:\n0. 1.8\n1. 18\n2. 180\n3. 1800\nAnswer: ",
    "answer": 1
  },
  {
    "question": "The state of Georgia has 159 counties and covers 58056 square miles. What is the average number of square miles per county? Round your answer to the nearest whole number.\nChoose the best answer from the following options:\n0. 274 square miles per county\n1. 159 square miles per county\n2. 318 square miles per county\n3. 365 square miles per county\nAnswer: ",
    "answer": 3
  },
  {
    "question": "Which of the following is NOT equivalent to 3 and 3 over 4 gal?\nChoose the best answer from the following options:\n0. 60 c\n1. 15 qt\n2. 30 pt\n3. 13 qt\nAnswer: ",
    "answer": 3
  },
  {
    "question": "Jack picks 60 apples from an apple tree. He uses 12 of them to make applesauce. He places the remaining apples equally into 6 gift baskets. Which equation can be used to determine the numberof apples, a, that Jack places into each gift basket?\nChoose the best answer from the following options:\n0. (60/6)—12=a\n1. (60—12)/6=a\n2. (60-6)-12=a\n3. (60+12)/6=a\nAnswer: ",
    "answer": 1
  },
  {
    "question": "There are 72 students on the dance team, and 4 over 9 take tap lessons. How many students take tap lessons?\nChoose the best answer from the following options:\n0. 32\n1. 49\n2. 63\n3. 68\nAnswer: ",
    "answer": 0
  },
  {
    "question": "Which ratio CANNOT form a proportion with 8 over 18?\nChoose the best answer from the following options:\n0. 46 over 108\n1. 12 over 27\n2. 60 over 135\n3. 4 over 9\nAnswer: ",
    "answer": 0
  },
  {
    "question": "If a total of 762 students at a citywide competition are divided into 6 equal-sized teams, how many students are on each team?\nChoose the best answer from the following options:\n0. 110\n1. 120\n2. 127\n3. 137\nAnswer: ",
    "answer": 2
  },
  {
    "question": "There are 2,817 homes in the town of West Valley. Each home uses an average of 380 gallons of water each day. Use the expression below to find the total number of gallons of water the homes in West Valley use on average each day. 2,817 × 380 What is the total number of gallons of water the homes in West Valley use on average each day?\nChoose the best answer from the following options:\n0. 860,460 gallons\n1. 870,460 gallons\n2. 1,060,460 gallons\n3. 1,070,460 gallons\nAnswer: ",
    "answer": 3
  },
  {
    "question": "There are 20 students in Mr. Clark's fourth-grade class. There are 5 times as many students in the entire fourth grade as there are in Mr. Clark's class. Which equation can be used to determine the number of students, n, in the entire fourth grade?\nChoose the best answer from the following options:\n0. 5xn= 20\n1. 5+20=n\n2. 20x5=n\n3. 20/n=5\nAnswer: ",
    "answer": 2
  },
  {
    "question": "Which numbers are in order from least to greatest?\nChoose the best answer from the following options:\n0. 1 over 8, 0.75, 1 over 3, 5 over 6\n1. 5 over 6, 1 over 3, 0.75, 1 over 8\n2. 1 over 8, 1 over 3, 0.75, 5 over 6\n3. 5 over 6, 0.75, 1 over 3, 1 over 8\nAnswer: ",
    "answer": 2
  },
  {
    "question": "Write 7 over 33 as a decimal.\nChoose the best answer from the following options:\n0. 0.021 repeating\n1. 0.21 Repeating\n2. 0.22 Repeating\n3. 0.2121\nAnswer: ",
    "answer": 1
  },
  {
    "question": "What does the p equal in 3 + p = 15?\nChoose the best answer from the following options:\n0. 3\n1. 5\n2. 12\n3. 18\nAnswer: ",
    "answer": 2
  },
  {
    "question": "You walked your dog 7 over 9 mi in the morning and 5 over 12 mi in the afternoon. How much farther did you walk your dog in the morning than in the afternoon?\nChoose the best answer from the following options:\n0. 13 over 36\n1. 12 over 21\n2. 2 over 3\n3. 35 over 108\nAnswer: ",
    "answer": 0
  },
  {
    "question": "A certain map uses a scale of 1 inch equals 25 miles. How many miles are represented by 5 inches on this map?\nChoose the best answer from the following options:\n0. 5\n1. 25\n2. 50\n3. 125\nAnswer: ",
    "answer": 3
  }
]