[
  {
    "question": "Which of the following molecules cannot hydrogen bond with molecules identical to itself but can hydrogen bond with one of the molecules above or below it in the following responses?\nChoose the best answer from the following options:\n0. CH3CH2OH\n1. CH3CH2COOH\n2. CH3CH2CHO\n3. C6H5CHO\nAnswer: ",
    "answer": 2
  },
  {
    "question": "Atoms of four elements are examined: carbon, nitrogen, neon, and sulfur. Atoms of which element would have the strongest magnetic moment?\nChoose the best answer from the following options:\n0. Carbon\n1. Nitrogen\n2. Neon\n3. Sulfur\nAnswer: ",
    "answer": 1
  },
  {
    "question": "Iron(III) hydroxide has Ksp = 1.6 × 10^-39. What is the molar solubility of this compound?\nChoose the best answer from the following options:\n0. 8.8 × 10^-11 M\n1. 2.0 × 10^-10 M\n2. 7.4 × 10^-14 mol/L\n3. 9.4 × 10^-6 mol/L\nAnswer: ",
    "answer": 0
  },
  {
    "question": "A sample of a compound known to consist of only carbon, hydrogen, and oxygen is found to have a total mass of 29.05 g. If the mass of the carbon is 18.02 g and the mass of the hydrogen is 3.03 g, what is the empirical formula of the compound?\nChoose the best answer from the following options:\n0. C2H4O\n1. C3H6O\n2. C2H6O3\n3. C3H8O2\nAnswer: ",
    "answer": 1
  },
  {
    "question": "Sulfurous acid is a weak acid, while sulfuric acid is a much stronger acid because\nChoose the best answer from the following options:\n0. the O–H bonds in sulfuric acid are much weaker than in sulfurous acid due to the electron withdrawing of the oxygen atoms on sulfuric acid\n1. sulfuric acid has more oxygen atoms in its formula\n2. the sulfur in sulfuric acid is more electronegative than the sulfur in sulfurous acid\n3. sulfuric acid has the hydrogen atoms bound directly to the sulfur atom\nAnswer: ",
    "answer": 0
  },
  {
    "question": "Bromine has a normal boiling point of 59 °C, and iodine boils at 184 °C. The I2 molecule is much larger than Br2 (atomic radii are 114 and 133 pm, respectively). Which is the best reason for the large difference in boiling points?\nChoose the best answer from the following options:\n0. Bromine is a liquid and boils; iodine is a solid and sublimes.\n1. The intramolecular bonds in I2 are much weaker than those in Br2.\n2. The I2 electron clouds are much more polarizable than the Br2 electron clouds, resulting in much stronger London forces.\n3. The mass of iodine is much greater than the mass of bromine.\nAnswer: ",
    "answer": 2
  },
  {
    "question": "Which of the following reactions is expected to have the greatest decrease in entropy?\nChoose the best answer from the following options:\n0. HCl(aq) + NaOH(aq) → NaCl(aq) + H2O(l)\n1. CH4(g) + 2 O2(g) → CO2(g) + 2 H2O(l)\n2. C(s) + O2(g) → CO2(g)\n3. 2 SO2(g) + O2(g) → 2 SO3(g)\nAnswer: ",
    "answer": 1
  },
  {
    "question": "When an ideal gas is allowed to expand isothermally, which one of the following is true?\nChoose the best answer from the following options:\n0. q = 0\n1. w = 0\n2. E = 0\n3. q = -w\nAnswer: ",
    "answer": 3
  },
  {
    "question": "Which of the following is expected to have the largest bond polarity?\nChoose the best answer from the following options:\n0. S–O\n1. P–F\n2. C–B\n3. C–N\nAnswer: ",
    "answer": 1
  },
  {
    "question": "The specific rate constant, k, for a certain first-order reaction is 86 h^-1. What mass of a 0.0500 g sample of starting material will remain after 58 s?\nChoose the best answer from the following options:\n0. 0.0500 g\n1. 0.0250 g\n2. 0.0125 g\n3. 0.00625 g\nAnswer: ",
    "answer": 2
  },
  {
    "question": "A certain reaction is nonspontaneous under standard conditions, but becomes spontaneous at higher temperatures. What conclusions may be drawn under standard conditions?\nChoose the best answer from the following options:\n0. ΔH < 0, ΔS < 0 and ΔG = 0\n1. ΔH > 0, ΔS < 0 and ΔG > 0\n2. ΔH < 0, ΔS < 0 and ΔG > 0\n3. ΔH > 0, ΔS > 0 and ΔG > 0\nAnswer: ",
    "answer": 3
  },
  {
    "question": "What is the empirical formula of a compound that is 51.9% carbon, 4.86% hydrogen, and 43.2% bromine\nChoose the best answer from the following options:\n0. C7H5Br\n1. C6H4Br3\n2. C8H9Br\n3. C12H22Br\nAnswer: ",
    "answer": 2
  },
  {
    "question": "When collecting a gas over water, it is important to\nChoose the best answer from the following options:\n0. set the temperature at 0°C\n1. be sure the gas does not burn\n2. wait until the barometer reads 760\n3. correct for the vapor pressure of water\nAnswer: ",
    "answer": 3
  },
  {
    "question": "Of the following oxo acids, which is predicted to be the strongest acid?\nChoose the best answer from the following options:\n0. HBrO\n1. HClO\n2. HIO\n3. HClO3\nAnswer: ",
    "answer": 3
  },
  {
    "question": "Which of the following geometries corresponds to a substance that has five sigma bonds and one nonbonding pair of electrons?\nChoose the best answer from the following options:\n0. Tetrahedron\n1. Square planar\n2. Octahedron\n3. Square pyramid\nAnswer: ",
    "answer": 3
  },
  {
    "question": "Of the following, the most important experimental information used to deduce the structure of the atom was\nChoose the best answer from the following options:\n0. the density of each element\n1. the specific heat capacity\n2. the emission spectrum of the elements, particularly hydrogen\n3. the X-rays emitted from each element\nAnswer: ",
    "answer": 2
  },
  {
    "question": "Changing which of the following will change the numerical value of the equilibrium constant?\nChoose the best answer from the following options:\n0. The pressure of reactants\n1. The pressure of products\n2. The temperature\n3. The total mass of the chemicals present\nAnswer: ",
    "answer": 2
  },
  {
    "question": "What is the molecular mass of a gas that has a density of 2.05 g/L at 26.0 °C and 722 torr?\nChoose the best answer from the following options:\n0. 53.0 g/mol\n1. 46.7 g/mol\n2. 4.67 g/mol\n3. 2876 g/mol\nAnswer: ",
    "answer": 0
  },
  {
    "question": "Which of the following is a balanced chemical reaction?\nChoose the best answer from the following options:\n0. Na2SO4 + Ba(NO3)2 → BaSO4 + NaSO4\n1. AgNO3 + K2CrO4 → Ag2CrO4 + 2 KNO3\n2. 5 FeCl2 + 8 HCl + KMnO4 → 5 FeCl3 + MnCl2 + 4 H2O + KCl\n3. Al(NO3)3 + 3 KOH → Al(OH)3 + KNO3\nAnswer: ",
    "answer": 2
  },
  {
    "question": "The Arrhenius equation may be used to determine\nChoose the best answer from the following options:\n0. the activation energy of a reaction\n1. the rate constant at various temperatures\n2. the shelf life of a consumer product or drug\n3. all of the above\nAnswer: ",
    "answer": 3
  },
  {
    "question": "How many electrons, neutrons, and protons are in an atom of Cr?\nChoose the best answer from the following options:\n0. 24 electrons, 24 protons, 24 neutrons\n1. 27 electrons, 27 protons, 24 neutrons\n2. 24 electrons, 28 protons, 24 neutrons\n3. more information is needed to answer this question\nAnswer: ",
    "answer": 3
  },
  {
    "question": "In which of the following is the negative end of the bond written last?\nChoose the best answer from the following options:\n0. O—S\n1. Br—N\n2. N—C\n3. P—Cl\nAnswer: ",
    "answer": 3
  },
  {
    "question": "Solvents A and B form an ideal solution. Solvent A has a vapor pressure of 345 torr at room temperature. At the same temperature, solvent B has a vapor pressure of 213 torr. What is the vapor pressure of a mixture where the mole fraction of A is 0.285?\nChoose the best answer from the following options:\n0. 213 torr\n1. 345 torr\n2. 568 torr\n3. 251 torr\nAnswer: ",
    "answer": 3
  },
  {
    "question": "Which net ionic equation below represents a possible reaction that takes place when a strip of magnesium metal is oxidized by a solution of chromium (III) nitrate?\nChoose the best answer from the following options:\n0. Mg(s) + Cr(NO3)3(aq) → Mg2+(aq) + Cr3+(aq) + 3NO3-(aq)\n1. 3Mg(s) + 2Cr3+ → 3Mg2+ + 2Cr(s)\n2. Mg(s) + Cr3+ → Mg2+ + Cr(s)\n3. 3Mg(s) + 2Cr(NO3)3(aq) → 3Mg2+(aq) + 2Cr(s) + NO3-(aq)\nAnswer: ",
    "answer": 1
  },
  {
    "question": "The symbol for antimony is\nChoose the best answer from the following options:\n0. W\n1. Sb\n2. Fe\n3. An\nAnswer: ",
    "answer": 1
  },
  {
    "question": "Nitrous acid is a weak acid, while nitric acid is a much stronger acid because\nChoose the best answer from the following options:\n0. the nitrogen in nitric acid is more electronegative than the nitrogen in nitrous acid\n1. nitric acid has more oxygen atoms in its formula\n2. the –O–H bonds in nitric acid are much weaker than in nitrous acid due to the electron withdrawing of more oxygen atoms on nitric acid\n3. nitric acid has the hydrogen atoms bound directly to the nitrogen atom\nAnswer: ",
    "answer": 2
  },
  {
    "question": "Chemical reactions can be classified as either heterogeneous or homogeneous. Which of the following equations below is best classified as a heterogeneous reaction?\nChoose the best answer from the following options:\n0. 2C2H2(g) + 5O2(g) → 4CO2(g) + 2H2O(g)\n1. C2H5OH(aq) + O2(aq) → HC2H3O2(aq) + H2O(aq)\n2. C(s) + H2O(g) → H2(g) + CO(g)\n3. C2H2(g) + 5N2O(g) → CO2(g) + H2O(g) + 5N2(g)\nAnswer: ",
    "answer": 2
  },
  {
    "question": "The reaction of Br2(g) with Cl2(g) to form BrCl(g) has an equilibrium constant of 15.0 at a certain temperature. If 10.0 grams of BrCl is initially present in a 15.0-liter reaction vessel, what will the concentration of BrCl be at equilibrium?\nChoose the best answer from the following options:\n0. 3.8 × 10^-3 mol/L\n1. 5.77 × 10^-3 mol/L\n2. 1.97 × 10^-3 M\n3. 9.9 × 10^-4 M\nAnswer: ",
    "answer": 0
  },
  {
    "question": "The photoelectron spectrum of carbon has three equally sized peaks. What peak is at the lowest energy?\nChoose the best answer from the following options:\n0. The 1s peak has the lowest energy.\n1. The 2s peak has the lowest energy.\n2. The 2p peak has the lowest energy.\n3. The 1p peak has the lowest energy.\nAnswer: ",
    "answer": 2
  },
  {
    "question": "2Ag+(aq) + Fe(s) → 2Ag(s) + Fe2+(aq) Which of the following would cause an increase in potential in the voltaic cell described by the above reaction?\nChoose the best answer from the following options:\n0. Increasing [Fe2+]\n1. Adding more Fe(s)\n2. Decreasing [Fe2+]\n3. Removing some Fe(s)\nAnswer: ",
    "answer": 2
  },
  {
    "question": "What is the conjugate acid of the H2PO4- ion?\nChoose the best answer from the following options:\n0. HPO42-\n1. H2PO4-\n2. H3PO4\n3. PO43-\nAnswer: ",
    "answer": 2
  },
  {
    "question": "A solution contains a mixture of four different compounds: KCl(aq), Fe(NO3)3(aq), MgSO4(aq), and N2H4(aq). Which of these compounds would be easiest to separate via distillation?\nChoose the best answer from the following options:\n0. KCl(aq)\n1. Fe(NO3)3(aq)\n2. MgSO4 (aq)\n3. N2H4(aq)\nAnswer: ",
    "answer": 3
  },
  {
    "question": "Which of the following can form hydrogen bonds?\nChoose the best answer from the following options:\n0. CH3OCH2CH3\n1. HCN\n2. CH3OCH2Br\n3. CH3NH2\nAnswer: ",
    "answer": 3
  },
  {
    "question": "Fluorine has a normal boiling point of 85 K, and chlorine boils at 239 K. The Cl2 molecule is much larger than F2 (atomic radius is 99 pm for chlorine and is 64 pm for fluorine). Which is the best reason for the large difference in boiling points?\nChoose the best answer from the following options:\n0. Chlorine has a higher dipole moment than fluorine.\n1. The intramolecular bonds in Cl2 are much weaker than those in F2.\n2. The Cl2 electron clouds are much more polarizable than the F2 electron clouds, resulting in much stronger London forces.\n3. The mass of chlorine is much greater than the mass of fluorine.\nAnswer: ",
    "answer": 2
  },
  {
    "question": "What is the pH of a solution prepared by dissolving 0.1665 mole of hypochlorous acid (HClO) in enough water to make 500 mL of solution? The Ka is 3.0 × 10^-4\nChoose the best answer from the following options:\n0. 1\n1. 2\n2. 5.4 × 10^-3\n3. 1.76\nAnswer: ",
    "answer": 1
  },
  {
    "question": "Which of the following is not a good measure of relative intermolecular attractive forces?\nChoose the best answer from the following options:\n0. Heat of fusion\n1. Boiling points\n2. Vapor pressures\n3. Heat of vaporization\nAnswer: ",
    "answer": 0
  },
  {
    "question": "Argon can be liquefied at low temperature because of\nChoose the best answer from the following options:\n0. dipole-dipole attractive forces\n1. hydrogen bonding\n2. instantaneous and induced dipoles\n3. the very low temperature\nAnswer: ",
    "answer": 2
  },
  {
    "question": "The rate of a chemical reaction is determined by\nChoose the best answer from the following options:\n0. the equilibrium constant\n1. the rate-determining or slow step of the mechanism\n2. the reaction vessel pressure\n3. the intermediates formed in the first step\nAnswer: ",
    "answer": 1
  },
  {
    "question": "Monatomic ions of the representative elements are often\nChoose the best answer from the following options:\n0. very soluble\n1. very electronegative\n2. isoelectronic with a noble gas\n3. highly colored\nAnswer: ",
    "answer": 2
  },
  {
    "question": "The relationship between the vapor pressure of a liquid and the heat of vaporization is expressed in the\nChoose the best answer from the following options:\n0. Rydberg equation\n1. Gibbs free energy equation\n2. Clausius-Clapeyron equation\n3. Arrhenius equation\nAnswer: ",
    "answer": 2
  },
  {
    "question": "A sample of oxygen gas at 50 °C is heated, reaching a final temperature of 100 °C. Which statement best describes the behavior of the gas molecules?\nChoose the best answer from the following options:\n0. Their velocity increases by a factor of two.\n1. Their velocity increases by a factor of four.\n2. Their kinetic energy increases by a factor of 2.\n3. Their kinetic energy increases by a factor of less than 2.\nAnswer: ",
    "answer": 3
  },
  {
    "question": "An ideal solution is a\nChoose the best answer from the following options:\n0. mixture where two solvents can be dissolved in all ratios\n1. mixture that has the same physical properties as the individual solvents\n2. mixture where the potential energy of the mixture is the same as that of the individual solvents\n3. mixture that is colorless\nAnswer: ",
    "answer": 2
  },
  {
    "question": "What is the pH of a solution made by dissolving 0.0300 mol of sodium ethanoate in enough water to make 50 mL of solution (Ka for ethanoic acid is 1.8 × 10^-5)?\nChoose the best answer from the following options:\n0. 7\n1. 9.26\n2. 4.74\n3. 11.02\nAnswer: ",
    "answer": 1
  },
  {
    "question": "During the study of the reaction A → 2B, a chemist constructs several graphs. The graph of [A] versus time and the graph of ln [A] versus time both give a curved line; however, the graph of 1/[A] versus time and gives a straight line. This implies the rate law is\nChoose the best answer from the following options:\n0. Rate = k[A]\n1. Rate = k[A]^2\n2. Rate = k[A]^0\n3. Rate = k[A]^-1\nAnswer: ",
    "answer": 1
  },
  {
    "question": "Consider the Lewis structures for the following molecules: CO2, CO32-, NO2-, and NO3-. Which molecule would have the shortest bonds?\nChoose the best answer from the following options:\n0. CO2\n1. CO32-\n2. NO2-\n3. NO3-\nAnswer: ",
    "answer": 0
  },
  {
    "question": "A 2.0 L flask holds 0.40 g of helium gas. If the helium is evacuated into a larger container while the temperature is held constant, what will the effect on the entropy of the helium be?\nChoose the best answer from the following options:\n0. It will remain constant as the number of helium molecules does not change.\n1. It will decrease as the gas will be more ordered in the larger flask.\n2. It will decrease because the molecules will collide with the sides of the larger flask less often than they did in the smaller flask.\n3. It will increase as the gas molecules will be more dispersed in the larger flask.\nAnswer: ",
    "answer": 3
  },
  {
    "question": "Cerium(III) sulfate, Ce2(SO4)2, is less soluble in hot water than it is in cold. Which of the following conclusions may be related to this?\nChoose the best answer from the following options:\n0. The heat of solution of cerium(III) sulfate is exothermic.\n1. The hydration energies of cerium ions and sulfate ions are very low.\n2. The heat of solution for cerium(III) sulfate is endothermic.\n3. The solution is not an ideal solution.\nAnswer: ",
    "answer": 0
  },
  {
    "question": "Hund's rule requires that\nChoose the best answer from the following options:\n0. no two electrons can have the same four quantum numbers\n1. no two electrons with the same spin can occupy an orbital\n2. no two electrons can occupy separate orbitals\n3. no two electrons can pair up if there is an empty orbital at the same energy level available\nAnswer: ",
    "answer": 3
  },
  {
    "question": "Most transition metals share a common oxidation state of +2. Which of the following best explains why?\nChoose the best answer from the following options:\n0. Transition metals all have a minimum of two unpaired electrons.\n1. Transition metals have unstable configurations and are very reactive.\n2. Transition metals tend to gain electrons when reacting with other elements.\n3. Transition metals will lose their outermost s-block electrons when forming bonds.\nAnswer: ",
    "answer": 3
  },
  {
    "question": "A metal is reacted with HCl to produce hydrogen gas. If 0.0623 gram of metal produces 28.3 mL of hydrogen at STP, the mass of the metal that reacts with one mole of hydrochloric acid is\nChoose the best answer from the following options:\n0. 98.6 g\n1. 493 g\n2. 24.7 g\n3. 49.3 g\nAnswer: ",
    "answer": 2
  }
]