[
  {
    "question": "Considering 0.1 M aqueous solutions of each of the following, which solution has the lowest pH?\nChoose the best answer from the following options:\n0. Na2CO3\n1. Na3PO4\n2. Na2S\n3. NaCl\nAnswer: ",
    "answer": 3
  },
  {
    "question": "A silyl radical bearing an Si-H· fragment has a g value of 2.0033 and a pair of lines separated by 15.5 MHz. Express the splitting in units of mT, Gauss and cm-1.\nChoose the best answer from the following options:\n0. 15.5 MHz = 11.104 mT = 27.201 Gauss = 0.862 x 10^-4 cm-1\n1. 15.5 MHz = 7.352 mT = 10.104 Gauss = 18.39 x 10^-4 cm-1\n2. 15.5 MHz = 1.55 mT = 0.562 Gauss = 31.0 x 10^-4 cm-1\n3. 15.5 MHz = 0.553 mT = 5.530 Gauss = 5.17 x 10^-4 cm-1\nAnswer: ",
    "answer": 1
  },
  {
    "question": "Calculate spin density on the central carbon atom of malonic acid radical (•CH(COOH)2) if the hyperfine value for the α-hydrogen atom is 21.9 G.\nChoose the best answer from the following options:\n0. 0.95\n1. 0.85\n2. 0.15\n3. 0.65\nAnswer: ",
    "answer": 2
  },
  {
    "question": "What is the orbital angular momentum quantum number, l, of the electron that is most easily removed when ground-state aluminum is ionized?\nChoose the best answer from the following options:\n0. 3\n1. 2\n2. 1\n3. 0\nAnswer: ",
    "answer": 2
  },
  {
    "question": "An electron and a proton are placed in a 1.0 T magnetic field at 300 K. What is the ratio of the equilibrium polarizations: |pe / pH| ?\nChoose the best answer from the following options:\n0. [|ɣe| = 1.761 x 10^11 T^-1 s^-1]\n1. 820\n2. 658\n3. 329\nAnswer: ",
    "answer": 1
  },
  {
    "question": "The 99Ru chemical shift of [Ru(H2O)6]2+ is 16,050 ppm relative to [Ru(CN)6]2- at 0 ppm. The electronic excitation energies of [Ru(H2O)6]2+, [Ru(CN)6]2- and [Ru(NH3)6]2+ are 18,900, 40,000 and 25,600 cm-1 respectively. Assuming that the chemical shift differences are dominated by paramagnetic currents, determine the chemical shift of [Ru(NH3)6]2+.\nChoose the best answer from the following options:\n0. 7,530 ppm\n1. 8,090 ppm\n2. 11,070 ppm\n3. 14,840 ppm\nAnswer: ",
    "answer": 1
  },
  {
    "question": "Calculate the Larmor frequency for a proton in a magnetic field of 1 T.\nChoose the best answer from the following options:\n0. 23.56 GHz\n1. 42.58 MHz\n2. 74.34 kHz\n3. 13.93 MHz\nAnswer: ",
    "answer": 1
  },
  {
    "question": "Which of the following is a true statement about optical isomerism of complexes containing achiral ligands?\nChoose the best answer from the following options:\n0. Square planar complexes can display optical isomerism only if all four ligands are identical.\n1. Tetrahedral complexes never display optical isomerism.\n2. Linear complexes can display optical isomerism when both ligands are different.\n3. Octahedral complexes of monodentate ligands can display optical isomerism only when they have at least three different ligands.\nAnswer: ",
    "answer": 3
  },
  {
    "question": "Which of the following statements is not a reason why tetramethylsilane is used as a 1H chemical shift reference.\nChoose the best answer from the following options:\n0. Its 1H spectrum is a singlet.\n1. Its protons are quite strongly shielded.\n2. It dissolves in most organic solvents.\n3. Most organic compounds do not contain silicon atoms.\nAnswer: ",
    "answer": 3
  },
  {
    "question": "The dissociation energy for a hydrogen-bromine bond is defined as the change in enthalpy, DH, for which of the following reactions?\nChoose the best answer from the following options:\n0. 2 HBr(g) → H2(g) + Br2(l)\n1. HBr(g) → H+(g) + Br−(g)\n2. H(g) + Br(g) → HBr(g)\n3. HBr(g) → H(g) + Br(g)\nAnswer: ",
    "answer": 3
  },
  {
    "question": "Of the following compounds, which has the lowest melting point?\nChoose the best answer from the following options:\n0. HCl\n1. AgCl\n2. CaCl2\n3. CCl4\nAnswer: ",
    "answer": 0
  },
  {
    "question": "Estimate the β-hyperfine value for the cyclobutyl radical (C4H7•) assuming the radical is flat and the HCH angle is 115°.\nChoose the best answer from the following options:\n0. 4.6 mT\n1. 27 G\n2. 5.4 mT\n3. 3.8 mT\nAnswer: ",
    "answer": 0
  },
  {
    "question": "Chlorofluorocarbons (CFCs) such as F3CCCl3 are implicated in the decomposition of stratospheric ozone. Which of the following methods would be best suited to measurement of trace amounts (sub-ppb) of CFCs in an air sample?\nChoose the best answer from the following options:\n0. Gas chromatographic separation of the air sample on a capillary column followed by electron capture detection\n1. Gas chromatographic separation of the air sample on a packed column followed by thermal conductivity detection\n2. Gas chromatographic separation of the air sample on a capillary column followed by flame ionization detection\n3. Conversion of the sample of the chlorinated compounds to chloride ions, followed by titration with Ag+\nAnswer: ",
    "answer": 0
  },
  {
    "question": "The 13C spectrum of which isomer of C6H14 has lines with five distinct chemical shifts?\nChoose the best answer from the following options:\n0. hexane\n1. 2-methylpentane\n2. 3-methylpentane\n3. 2,3-dimethylbutane\nAnswer: ",
    "answer": 1
  },
  {
    "question": "The T2 of an NMR line is 15 ms. Ignoring other sources of linebroadening, calculate its linewidth.\nChoose the best answer from the following options:\n0. 0.0471 Hz\n1. 21.2 Hz\n2. 42.4 Hz\n3. 66.7 Hz\nAnswer: ",
    "answer": 1
  },
  {
    "question": "A buffer is made from equal concentrations of a weak acid and its conjugate base. Doubling the volume of the buffer solution by adding water has what effect on its pH?\nChoose the best answer from the following options:\n0. It has little effect.\n1. It significantly increases the pH.\n2. It significantly decreases the pH.\n3. It changes the pH asymptotically to the pKa of the acid.\nAnswer: ",
    "answer": 0
  },
  {
    "question": "All proteins absorb electromagnetic radiation of wavelength around 190 nm, which corresponds to a π → π* excitation in the protein molecule. In which region of the spectrum is this wavelength found?\nChoose the best answer from the following options:\n0. X-ray\n1. Ultraviolet\n2. Visible\n3. Infrared\nAnswer: ",
    "answer": 1
  },
  {
    "question": "Nitronyl nitroxides are stable radicals in which the unpaired electron is coupled to two equivalent nitrogen nuclei. How many lines will appear in the EPR spectrum of a solution of a rigid nitronyl nitroxide diradical with J >> a?\nChoose the best answer from the following options:\n0. 3 lines\n1. 9 lines\n2. 5 lines\n3. 7 lines\nAnswer: ",
    "answer": 3
  },
  {
    "question": "In the vibrational-rotational spectrum of a diatomic molecule, the R-branch of the spectrum is the result of which of the following transitions?\nChoose the best answer from the following options:\n0. ΔJ = 0; Δu = 0\n1. ΔJ = 1; Δu = 0\n2. ΔJ = 2; Δu = 0\n3. ΔJ = 1; Δu = 1\nAnswer: ",
    "answer": 3
  },
  {
    "question": "The equation ΔH = ΔU + PΔV is applicable\nChoose the best answer from the following options:\n0. always\n1. only for constant pressure processes\n2. only for constant temperature processes\n3. only for constant volume processes\nAnswer: ",
    "answer": 1
  },
  {
    "question": "Infrared (IR) spectroscopy is useful for determining certain aspects of the structure of organic molecules because\nChoose the best answer from the following options:\n0. all molecular bonds absorb IR radiation\n1. IR peak intensities are related to molecular mass\n2. most organic functional groups absorb in a characteristic region of the IR spectrum\n3. each element absorbs at a characteristic wavelength\nAnswer: ",
    "answer": 2
  },
  {
    "question": "What is the maximum value of the z-component of the spin angular momentum of 43Ca? [I = 7⁄2]\nChoose the best answer from the following options:\n0. 3.691 x 10^-34 J s\n1. 4.185 x 10^-34 J s\n2. 5.493 x 10^-34 J s\n3. 8.370 x 10^-34 J s\nAnswer: ",
    "answer": 0
  },
  {
    "question": "The 1H Larmor frequency of benzene exceeds that of trifluoroacetic acid by 1.656 kHz on a 400 MHz spectrometer. The 1H chemical shift of benzene is 7.16 ppm. What is the chemical shift of trifluoroacetic acid?\nChoose the best answer from the following options:\n0. 3.02 ppm\n1. 5.03 ppm\n2. 10.56 ppm\n3. 11.30 ppm\nAnswer: ",
    "answer": 3
  },
  {
    "question": "The Henry’s law constant for CO2 dissolved in water at 25°C is 30.0 atm M^−1. The concentration of dissolved CO2 in a vessel pressurized with 2.0 atm of CO2 is\nChoose the best answer from the following options:\n0. 1.5 M\n1. 0.15 M\n2. 0.067 M\n3. 0.015 M\nAnswer: ",
    "answer": 2
  },
  {
    "question": "The +1 oxidation state is more stable than the +3 oxidation state for which group 13 element?\nChoose the best answer from the following options:\n0. B\n1. Al\n2. In\n3. Tl\nAnswer: ",
    "answer": 3
  },
  {
    "question": "The 1H spectrum of a mixture of dimethylsulphoxide (DMSO) and acetonitrile (AN) contains lines with relative intensities α and 3α, respectively. What is the ratio of the two concentrations, [DMSO]:[AN]?\nChoose the best answer from the following options:\n0. 1:1\n1. 1:3\n2. 1:6\n3. 2:3\nAnswer: ",
    "answer": 2
  },
  {
    "question": "Redox enzyme catalysis involves the cyclic oxidation and reduction of metal ions that have at least two stable positive oxidation states. Which of the following groups of metals could be found at the active site of redox enzymes?\nChoose the best answer from the following options:\n0. Cu, Fe, Co\n1. Zn, Ca, Ga\n2. Sr, Ga, Mg\n3. Na, Ba, Al\nAnswer: ",
    "answer": 0
  },
  {
    "question": "Which of the following statements most accurately explains why the 1H spectrum of 12CHCl3 is a singlet?\nChoose the best answer from the following options:\n0. Both 35Cl and 37Cl have I = 0.\n1. The hydrogen atom undergoes rapid intermolecular exchange.\n2. The molecule is not rigid.\n3. Both 35Cl and 37Cl have electric quadrupole moments.\nAnswer: ",
    "answer": 3
  },
  {
    "question": "Which of the following compounds has a 1H resonance approximately 1.55 kHz away from TMS on a spectrometer with a 12.0 T magnet?\nChoose the best answer from the following options:\n0. CH3F\n1. CH3Cl\n2. CH3Br\n3. CH3I\nAnswer: ",
    "answer": 1
  },
  {
    "question": "Of the following ions, which has the smallest radius?\nChoose the best answer from the following options:\n0. K+\n1. Ca2+\n2. Sc3+\n3. Rb+\nAnswer: ",
    "answer": 2
  },
  {
    "question": "The normal modes of a carbon dioxide molecule that are infrared-active include which of the following?\nI. Bending\nII. Symmetric stretching\nIII. Asymmetric stretching\nChoose the best answer from the following options:\n0. I only\n1. II only\n2. III only\n3. I and III only\nAnswer: ",
    "answer": 3
  },
  {
    "question": "The 13C chemical shifts of benzene and chloroform are 128.4 ppm and 77.2 ppm respectively. What is the difference in the 13C NMR frequencies of the two compounds on a 600 MHz spectrometer?\nChoose the best answer from the following options:\n0. 7.73 kHz\n1. 30.7 kHz\n2. 91.6 kHz\n3. 122 kHz\nAnswer: ",
    "answer": 0
  },
  {
    "question": "Which of the following metal ions cannot be used as a paramagnetic quencher?\nChoose the best answer from the following options:\n0. Ti3+\n1. Cr3+\n2. Fe3+\n3. Zn2+\nAnswer: ",
    "answer": 1
  },
  {
    "question": "Calculate the magnetic moment (μI) of a 13C nucleus.\nChoose the best answer from the following options:\n0. 6.1445 x 10^-27 J T-1\n1. 3.1445 x 10^-27 J T-1\n2. 9.1445 x 10^-27 J T-1\n3. 1.1445 x 10^-28 J T-1\nAnswer: ",
    "answer": 2
  },
  {
    "question": "A single line is seen in the 31P spectrum of a solution of sodium phosphate. The 31P chemical shifts of H2PO4‾ and HPO42– are 3.42 ppm and 5.82 ppm respectively. What is the chemical shift when the pH of the solution equals the pKa of H2PO4‾?\nChoose the best answer from the following options:\n0. 3.41 ppm\n1. 3.98 ppm\n2. 4.33 ppm\n3. 4.62 ppm\nAnswer: ",
    "answer": 3
  },
  {
    "question": "The strongest base in liquid ammonia is\nChoose the best answer from the following options:\n0. NH3\n1. NH2−\n2. NH4+\n3. N2H4\nAnswer: ",
    "answer": 1
  },
  {
    "question": "Which of the following is required for both paramagnetism and ferromagnetism?\nChoose the best answer from the following options:\n0. Strong oxidizing conditions\n1. Low-spin electron configuration\n2. Metallic physical properties\n3. Unpaired electrons\nAnswer: ",
    "answer": 3
  },
  {
    "question": "What is the strength (B1) of a 13C 90° pulse of duration 1 μs?\nChoose the best answer from the following options:\n0. 3.72 mT\n1. 5.18 mT\n2. 17.0 mT\n3. 23.3 mT\nAnswer: ",
    "answer": 1
  },
  {
    "question": "The equilibrium populations of the 1H energy levels of a molecule are nα = nαeq and nβ = nβeq. What are the populations after a 5.0 μs pulse when B1 = 4.697 mT?\nChoose the best answer from the following options:\n0. nα = nβeq and nβ = nαeq\n1. nα = nαeq and nβ = nβeq\n2. nα = ½(nαeq + nβeq) and nβ = ½(nαeq + nβeq)\n3. nα = nαeq + nβeq and nβ = nαeq + nβeq\nAnswer: ",
    "answer": 0
  },
  {
    "question": "What is the maximum number of phases that can be at equilibrium with each other in a three component mixture?\nChoose the best answer from the following options:\n0. 2\n1. 3\n2. 4\n3. 5\nAnswer: ",
    "answer": 3
  },
  {
    "question": "Which of the following is an n-type semiconductor?\nChoose the best answer from the following options:\n0. Silicon\n1. Diamond\n2. Silicon carbide\n3. Arsenic-doped silicon\nAnswer: ",
    "answer": 3
  },
  {
    "question": "At 25°C, the maximum amount of PbI2 that can be dissolved in 1.00 L of pure water is 1.0 mmol. Assuming complete dissociation, the solubility product, K_sp, for lead iodide at 25°C is\nChoose the best answer from the following options:\n0. 1.0 × 10^−3\n1. 1.0 × 10^−6\n2. 1.0 × 10^−9\n3. 4.0 × 10^−9\nAnswer: ",
    "answer": 3
  },
  {
    "question": "Suppose that the 13C nuclei in a molecule in a 600 MHz spectrometer can be 100% polarized (p = 1). If T1 = 5.0 s, how long does it take for p to reach a value equal to twice the thermal equilibrium polarization at 298 K?\nChoose the best answer from the following options:\n0. [The polarization relaxes exponentially: p(t) = [p(0) - peq]exp(-t/T1) + peq.]\n1. 72.0 s\n2. 56.6 s\n3. 12.7 s\nAnswer: ",
    "answer": 1
  },
  {
    "question": "Of the following ionic substances, which has the greatest lattice enthalpy?\nChoose the best answer from the following options:\n0. MgO\n1. MgS\n2. NaF\n3. NaCl\nAnswer: ",
    "answer": 0
  },
  {
    "question": "What is the NMR frequency of 31P in a 20.0 T magnetic field?\nChoose the best answer from the following options:\n0. 54.91 MHz\n1. 239.2 MHz\n2. 345.0 MHz\n3. 2167 MHz\nAnswer: ",
    "answer": 2
  },
  {
    "question": "Which one of the following statements is true:\nChoose the best answer from the following options:\n0. Protons and neutrons have orbital and spin angular momentum.\n1. Protons have orbital and spin angular momentum, neutrons have spin angular momentum.\n2. Protons and neutrons possess orbital angular momentum only.\n3. Protons and neutrons possess spin angular momentum only.\nAnswer: ",
    "answer": 2
  },
  {
    "question": "The number of allowed energy levels for the 55Mn nuclide are:\nChoose the best answer from the following options:\n0. 3\n1. 5\n2. 8\n3. 4\nAnswer: ",
    "answer": 0
  },
  {
    "question": "Predict the number of lines in the EPR spectrum of a solution of dimethylnitroxide (CH3)2NO• assuming the lines do not overlap.\nChoose the best answer from the following options:\n0. 21\n1. 3\n2. 7\n3. 24\nAnswer: ",
    "answer": 1
  },
  {
    "question": "A student performs five titrations and obtains a mean result of 0.110 M, with a standard deviation of 0.001 M. If the actual concentration of the titrated solution is 0.100 M, which of the following is true about the titration results?\nChoose the best answer from the following options:\n0. Accurate but not precise\n1. Precise but not accurate\n2. Both accurate and precise\n3. Neither accurate nor precise\nAnswer: ",
    "answer": 1
  },
  {
    "question": "What is the limiting high-temperature molar heat capacity at constant volume (C_V) of a gas-phase diatomic molecule?\nChoose the best answer from the following options:\n0. 1.5R\n1. 2R\n2. 2.5R\n3. 3.5R\nAnswer: ",
    "answer": 3
  }
]