[
  {
    "question": "A certain radioactive material has a half-life of 36 minutes. Starting with 10.00 grams of this material, how many grams will be left after 2 hours?\nChoose the best answer from the following options:\n0. 1.00 grams\n1. 1.5 × 10^-4 grams\n2. 3.33 grams\n3. 0.25 gram\nAnswer: ",
    "answer": 0
  },
  {
    "question": "London dispersion forces are caused by\nChoose the best answer from the following options:\n0. temporary dipoles created by the position of electrons around the nuclei in a molecule\n1. the three-dimensional intermolecular bonding present in all covalent substances\n2. the uneven electron-to-proton ratio found on individual atoms of a molecule\n3. the electronegativity differences between the different atoms in a molecule\nAnswer: ",
    "answer": 0
  },
  {
    "question": "Which of the following molecules is a strong electrolyte when dissolved in water?\nChoose the best answer from the following options:\n0. CH3COOH\n1. HC2H3O2\n2. PCl5\n3. HBr\nAnswer: ",
    "answer": 3
  },
  {
    "question": "S(s) + O2(g) → SO2(g)\nChoose the best answer from the following options:\n0. one atom of S reacts with one molecule of O2 to yield one molecule of SO2\n1. one mole of sulfur atoms reacts with one mole of oxygen molecules to yield one mole of sulfur dioxide molecules\n2. this reaction goes to completion\n3. adding S(s) will change the equilibrium constant\nAnswer: ",
    "answer": 3
  },
  {
    "question": "A student has a liter of a 0.100 M solution of a strong acid. To prepare a buffer, this should be mixed with\nChoose the best answer from the following options:\n0. a strong acid\n1. a weak acid\n2. a weak base\n3. a strong base\nAnswer: ",
    "answer": 2
  },
  {
    "question": "You cannot prepare a buffer by\nChoose the best answer from the following options:\n0. mixing a solution of a weak base with a strong acid\n1. mixing a solution of a weak acid with a strong base\n2. mixing a solution of a strong base with a strong acid\n3. mixing a solution of a weak acid with its conjugate base\nAnswer: ",
    "answer": 2
  },
  {
    "question": "0.25 mol of a weak, monoprotic acid is dissolved in 0.25 L of distilled water. The pH was then measured as 4.26. What is the pKa of this weak acid?\nChoose the best answer from the following options:\n0. 4.26\n1. 8.52\n2. 7.52\n3. 3.66\nAnswer: ",
    "answer": 1
  },
  {
    "question": "How many moles of propane (C3H8) are there in 6.2 g of propane?\nChoose the best answer from the following options:\n0. 14.1 mol\n1. 1.4 × 10^-1 mol\n2. 71 mol\n3. 7.1 mol\nAnswer: ",
    "answer": 1
  },
  {
    "question": "PCl3(g) + Cl2(g) ↔ PCl5(g) ΔH = -92.5 kJ/mol In which of the following ways could the reaction above be manipulated to create more product?\nChoose the best answer from the following options:\n0. Decreasing the concentration of PCl3\n1. Increasing the pressure\n2. Increasing the temperature\n3. None of the above\nAnswer: ",
    "answer": 1
  },
  {
    "question": "Which of the following pair of liquids is expected to be immiscible?\nChoose the best answer from the following options:\n0. H2O and CH3OH\n1. C6H6 and C5H12\n2. C10H22 and CH2CH2CH2OH\n3. CH3CH2NH2 and CH3CH2CH2OH\nAnswer: ",
    "answer": 2
  },
  {
    "question": "What is the molarity of a sodium hydroxide solution that requires 42.6 mL of 0.108 M HCl to neutralize 40.0 mL of the base?\nChoose the best answer from the following options:\n0. 0.0641 M\n1. 1.64 M\n2. 0.115 M\n3. 0.400 mol/L\nAnswer: ",
    "answer": 2
  },
  {
    "question": "The collision theory of reaction rates does not include\nChoose the best answer from the following options:\n0. the number of collisions per second\n1. the transition state\n2. the energy of each collision\n3. the orientation of each collision\nAnswer: ",
    "answer": 1
  },
  {
    "question": "Hypochlorous acid is an unstable compound, and one of the decomposition products is chlorine gas, Cl2. The decomposition of the acid lowers its concentration over time. What effect will the decomposition of one-fourth of the acid have on the agreement between the endpoint of the titration and the equivalence point during a titration with standard sodium hydroxide?\nChoose the best answer from the following options:\n0. The endpoint would still remain near the ideal equivalence point.\n1. The endpoint would be after the ideal equivalence point.\n2. The endpoint would be before the ideal equivalence point.\n3. It is impossible to determine.\nAnswer: ",
    "answer": 2
  },
  {
    "question": "Choose the reaction expected to have the greatest decrease in entropy.\nChoose the best answer from the following options:\n0. C(s) + CO2(g) → 2 CO(g)\n1. 2 Na(s) + O2(g) → Na2O2(s)\n2. CH4(g) + 2 O2(g) → CO2(g) + 2 H2O(g)\n3. 2 NI3(s) → 3 I2(s) + N2(g)\nAnswer: ",
    "answer": 1
  },
  {
    "question": "When a solid melts, the entropy change and enthalpy changes expected are\nChoose the best answer from the following options:\n0. positive enthalpy change and positive entropy change\n1. negative entropy change and a negative enthalpy change\n2. negative entropy change and positive enthalpy change\n3. negative enthalpy change and positive entropy change\nAnswer: ",
    "answer": 0
  },
  {
    "question": "Based on periodic relationships, the concepts related to bond strength, and the concept relating bond strength to acid strength, which of the following correctly predicts the strength of binary acids from strongest to weakest?\nChoose the best answer from the following options:\n0. H2Se > H2O > H2S\n1. H2S > H2Se > H2O\n2. H2O < H2S < H2Se\n3. H2Se > H2S > H2O\nAnswer: ",
    "answer": 3
  },
  {
    "question": "The ideal gas law is successful for most gases because\nChoose the best answer from the following options:\n0. room temperature is high\n1. volumes are small\n2. gas particles do not interact significantly\n3. gases are dimers\nAnswer: ",
    "answer": 2
  },
  {
    "question": "When will Kp and Kc have the same numerical value?\nChoose the best answer from the following options:\n0. At absolute zero for all reactions\n1. When the concentrations are at standard state\n2. When the concentrations are all 1.00 molar\n3. When the reaction exhibits no change in pressure at constant volume\nAnswer: ",
    "answer": 3
  },
  {
    "question": "Which of the following has an octet of electrons around the central atom?\nChoose the best answer from the following options:\n0. BF3\n1. NH4+\n2. PF5\n3. SF6\nAnswer: ",
    "answer": 1
  },
  {
    "question": "Which of the following molecules is expected to have the highest normal boiling point?\nChoose the best answer from the following options:\n0. CH3CH2CH2CH3\n1. CH3CH2CH2CH2OH\n2. CH3CH2CH2CH2Cl\n3. CH3CH2CH2CH2Br\nAnswer: ",
    "answer": 1
  },
  {
    "question": "The molecule with a tetrahedral shape is\nChoose the best answer from the following options:\n0. PCl4F\n1. BF3\n2. CO2\n3. CBr4\nAnswer: ",
    "answer": 3
  },
  {
    "question": "The bond length between any two nonmetal atoms is achieved under which of the following conditions?\nChoose the best answer from the following options:\n0. Where the energy of interaction between the atoms is at its minimum value\n1. Where the nuclei of each atom exhibits the strongest attraction to the electrons of the other atom\n2. The point at which the attractive and repulsive forces between the two atoms are equal\n3. The closest point at which a valence electron from one atom can transfer to the other atom\nAnswer: ",
    "answer": 0
  },
  {
    "question": "The weight percent of sodium hydroxide dissolved in water is 50%. What is the mole fraction of sodium hydroxide?\nChoose the best answer from the following options:\n0. 31.00%\n1. 0.164\n2. 0.311\n3. 0.5\nAnswer: ",
    "answer": 2
  },
  {
    "question": "Joseph Priestly discovered oxygen gas by the decomposition of solid mercury(II) oxide, HgO, to oxygen gas, O2, and liquid mercury metal, Hg. How many moles of oxygen gas will form when 4.32 g of solid mercury(II) oxide decomposes? The formula mass of mercury(II) oxide is 216 g mol^-1.\nChoose the best answer from the following options:\n0. 0.100 mol\n1. 0.0100 mol\n2. 0.0200 mol\n3. 0.0150 mol\nAnswer: ",
    "answer": 1
  },
  {
    "question": "A solution is prepared by dissolving 30.0 grams of Ni(NO3)2 in enough water to make 250 mL of solution. What is the molarity of this solution?\nChoose the best answer from the following options:\n0. 0.496 molar\n1. 0.656 mol/L\n2. 3.3 molar\n3. 6.3 × 10^-3 molar\nAnswer: ",
    "answer": 1
  },
  {
    "question": "Formation of a solution can often be visualized as a three-step process. Step 1. Solvent molecules are separated from each other to make space for the solute. Step 2. Solute molecules are separated so they fit into spaces in the solvent. Step 3. Separated solute and solvent are brought together, filling in the spaces. Which of the following statements about the energy involved in the above is correct?\nChoose the best answer from the following options:\n0. Steps 1 and 2 are exothermic, and step 3 is endothermic.\n1. Steps 1 and 2 are endothermic, and step 3 is exothermic.\n2. All three steps are exothermic.\n3. All three steps are endothermic.\nAnswer: ",
    "answer": 1
  },
  {
    "question": "What is the general relationship between temperature and entropy for diatomic gases?\nChoose the best answer from the following options:\n0. They are completely independent of each other; temperature has no effect on entropy.\n1. There is a direct relationship, because at higher temperatures there is an increase in energy dispersal.\n2. There is an inverse relationship, because at higher temperatures substances are more likely to be in a gaseous state.\n3. It depends on the specific gas and the strength of the intermolecular forces between individual molecules.\nAnswer: ",
    "answer": 1
  },
  {
    "question": "Radon is a health hazard because\nChoose the best answer from the following options:\n0. it is a gas that can be inhaled and then it may decay to a solid that resides in the lungs\n1. it is a gas that is extremely soluble in the bloodstream, and it decays in vital organs\n2. it is a gas that enters the body easily and targets the thyroid because it is chemically similar to iodine\n3. it is a gas that enters the body easily and targets bones because it is chemically similar to calcium\nAnswer: ",
    "answer": 0
  },
  {
    "question": "There are a number of experiments for the determination of the molecular mass of a gas. One method begins by heating a solid or liquid in a flask to produce a gaseous product. The gas passes through a tube and displaces water in an inverted, water-filled bottle. The mass of the starting material is measured, along with the volume of the displaced water and the temperature of the system. The pressure in the inverted water-filled bottle is equal to the external pressure. Once the barometric pressure has been recorded, what other information is needed to finish the experiment?\nChoose the best answer from the following options:\n0. The heat of formation of the gas\n1. The density of the water\n2. The mass of the displaced water\n3. The vapor pressure of the water\nAnswer: ",
    "answer": 3
  },
  {
    "question": "Nitrous acid, HNO2, has a pKa value of 3.3. If a solution of nitrous acid is found to have a pH of 4.2, what can be said about the concentration of the conjugate acid/base pair found in solution?\nChoose the best answer from the following options:\n0. [HNO2] > [NO2-]\n1. [NO2-] > [HNO2]\n2. [H2NO2+] > [HNO2]\n3. [HNO2] > [H2NO2+]\nAnswer: ",
    "answer": 1
  },
  {
    "question": "Which following pair of substances can be used to make a buffer solution?\nChoose the best answer from the following options:\n0. NaCl and HCl\n1. HC2H3O2 and KC2H3O2\n2. NaBr and KBr\n3. HIO3 and KClO3\nAnswer: ",
    "answer": 1
  },
  {
    "question": "Nickel (Z = 28, A = 59) has a first ionization energy of 737 kJ/mol and a boiling point of 2913 °C, while Pt (Z = 78, A = 195) has a first ionization energy of 870 kJ/mol and a boiling point of 3825 °C. Which of the following are the most reasonable values of ionization energy and boiling point for palladium?\nChoose the best answer from the following options:\n0. -200 kJ/mol and 3524 °C\n1. 795 kJ/mol and 2436 °C\n2. 804 kJ/mol and 2963 °C\n3. 932 kJ/mol and 3416 °C\nAnswer: ",
    "answer": 2
  },
  {
    "question": "Which of the following is true for all bases?\nChoose the best answer from the following options:\n0. All bases donate OH- ions into solution.\n1. Only strong bases create solutions in which OH- ions are present.\n2. Only strong bases are good conductors when dissolved in solution.\n3. For weak bases, the concentration of the OH-ions exceeds the concentration of the base in the solution.\nAnswer: ",
    "answer": 2
  },
  {
    "question": "Three steel containers hold gas samples. The containers are all the same size and at the same temperature. One container has 4.0 g of helium, another has 28.0 g of nitrogen, and the third has 44.0 g of carbon dioxide. Pick the FALSE statement from the following list:\nChoose the best answer from the following options:\n0. The densities increase in the order helium < nitrogen < carbon dioxide.\n1. The number of molecules in all the containers is the same.\n2. The pressure in all three containers is the same.\n3. The average speed of all the molecules is the same.\nAnswer: ",
    "answer": 3
  },
  {
    "question": "The net ionic equation expected when solutions of NH4Br and AgNO3 are mixed together is\nChoose the best answer from the following options:\n0. Ag+(aq) + Br-(aq) → AgBr(s)\n1. NH4+(aq) + Ag+(aq) → Ag(NH4)3+2(aq)\n2. Br-(aq) + NO3-(aq) → NO3Br(aq)\n3. NH4Br(aq) + NO3-(aq) → NH4NO3(aq) + Br-(aq)\nAnswer: ",
    "answer": 0
  },
  {
    "question": "The name for CH3CHBrCHClCH2CH3 is\nChoose the best answer from the following options:\n0. dibromotrichloropropane\n1. dibromotrichloropentane\n2. 2-bromo, 3-chloropentane\n3. 2,3-bromochloropentane\nAnswer: ",
    "answer": 2
  },
  {
    "question": "Which pair of reactants will have no net ionic equation (that is, all the ions cancel)?\nChoose the best answer from the following options:\n0. Na2SO3 + FeCl2\n1. CaCl2 + MnSO4\n2. NH4I + Pb(NO3)2\n3. KOH + HClO4\nAnswer: ",
    "answer": 1
  },
  {
    "question": "Which would be the easiest way to burn a copper penny?\nChoose the best answer from the following options:\n0. Hold the copper penny with crucible tongs, and heat strongly in the flame of a Bunsen burner.\n1. Use the method in (A), but use an oxyacetylene torch to reach a higher temperature.\n2. Grind the copper penny into very small, dust-sized particles, and spray the particles into a Bunsen burner flame.\n3. Dissolve the copper penny in acid, precipitate the hydroxide, and heat in a Bunsen burner flame to make the oxide.\nAnswer: ",
    "answer": 2
  },
  {
    "question": "Which of the following best explains why the ionization of atoms can occur during photoelectron spectroscopy, even though ionization is not a thermodynamically favored process?\nChoose the best answer from the following options:\n0. It is an exothermic process due to the release of energy as an electron is liberated from the Coulombic attraction holding it to the nucleus.\n1. The entropy of the system increases due to the separation of the electron from its atom.\n2. Energy contained in the light can be used to overcome the Coulombic attraction between electrons and the nucleus.\n3. The products of the ionization are at a lower energy state than the reactants.\nAnswer: ",
    "answer": 2
  },
  {
    "question": "Of the following pairs of elements, which pair has the second element with the larger electronegativity based on its position in the periodic table?\nChoose the best answer from the following options:\n0. Oxygen, chromium\n1. Chlorine, iodine\n2. Calcium, cesium\n3. Sulfur, nitrogen\nAnswer: ",
    "answer": 3
  },
  {
    "question": "A stock solution of 12.0 M sulfuric acid is made available. What is the best procedure to make up 100. mL of 4.0 M sulfuric acid using the stock solution and water prior to mixing?\nChoose the best answer from the following options:\n0. Add 33.3 mL of water to the flask, and then add 66.7 mL of 12.0 M acid.\n1. Add 33.3 mL of 12.0 M acid to the flask, and then dilute it with 66.7 mL of water.\n2. Add 67.7 mL of 12.0 M acid to the flask, and then dilute it with 33.3 mL of water.\n3. Add 67.7 mL of water to the flask, and then add 33.3 mL of 12.0 M acid.\nAnswer: ",
    "answer": 3
  },
  {
    "question": "Which of the following substances has an asymmetrical molecular structure?\nChoose the best answer from the following options:\n0. SF4\n1. PCl5\n2. BF3\n3. CO2\nAnswer: ",
    "answer": 0
  },
  {
    "question": "How many electrons, neutrons, and protons are in an atom of 52Cr?\nChoose the best answer from the following options:\n0. 24 electrons, 24 protons, 24 neutrons\n1. 27 electrons, 27 protons, 24 neutrons\n2. 24 electrons, 28 protons, 24 neutrons\n3. 24 electrons, 24 protons, 28 neutrons\nAnswer: ",
    "answer": 3
  },
  {
    "question": "Consider the Lewis structures for the following molecules: CO2, CO32-, NO2-, and NO3-. Which molecule or molecules exhibit sp2 hybridization around the central atom?\nChoose the best answer from the following options:\n0. CO2 and CO32-\n1. NO2- and NO3-\n2. CO32- and NO3-\n3. CO32-, NO2- and NO3-\nAnswer: ",
    "answer": 3
  },
  {
    "question": "The first ionization energy for a neutral atom of chlorine is 1.25 MJ/mol and the first ionization energy for a neutral atom of argon is 1.52 MJ/mol. How would the first ionization energy value for a neutral atom of potassum compare to those values?\nChoose the best answer from the following options:\n0. It would be greater than both because potassium carries a greater nuclear charge then either chlorine or argon.\n1. It would be greater than both because the size of a potassium atom is smaller than an atom of either chlorine or argon.\n2. It would be less than both because there are more electrons in potassium, meaning they repel each other more effectively and less energy is needed to remove one.\n3. It would be less than both because a valence electron of potassium is farther from the nucleus than one of either chlorine or argon.\nAnswer: ",
    "answer": 3
  },
  {
    "question": "An unknown substance is found to have a high melting point. In addition, it is a poor conductor of electricity and does not dissolve in water. The substance most likely contains\nChoose the best answer from the following options:\n0. ionic bonding\n1. nonpolar covalent bonding\n2. covalent network bonding\n3. metallic bonding\nAnswer: ",
    "answer": 2
  },
  {
    "question": "Which of the following correctly lists the individual intermolecular attractive forces from the strongest to the weakest?\nChoose the best answer from the following options:\n0. Induced dipole < dipole-dipole < hydrogen bond\n1. Hydrogen bond < dipole-dipole < induced dipole\n2. Induced dipole < hydrogen bond < dipole-dipole\n3. Dipole-dipole < hydrogen bond < induced dipole\nAnswer: ",
    "answer": 1
  },
  {
    "question": "Starting with a stock solution of 18.0 M H2SO4, what is the proper procedure to create a 1.00 L sample of a 3.0 M solution of H2SO4 in a volumetric flask?\nChoose the best answer from the following options:\n0. Add 167 mL of the stock solution to the flask, then fill the flask the rest of the way with distilled water while swirling the solution.\n1. Add 600 mL of the stock solution to the flask, then fill the flask the rest of the way with distilled water while swirling the solution.\n2. Fill the flask partway with water, then add 167 mL of the stock solution, swirling to mix it. Last, fill the flask the rest of the way with distilled water.\n3. Fill the flask partway with water, then add 600 mL of the stock solution, swirling to mix it. Last, fill the flask the rest of the way with distilled water.\nAnswer: ",
    "answer": 2
  },
  {
    "question": "Which of the following does not contain oxygen?\nChoose the best answer from the following options:\n0. An aldehyde\n1. An alkane\n2. An alcohol\n3. An ether\nAnswer: ",
    "answer": 1
  },
  {
    "question": "Magnesium has an atomic radius of 160 pm and a first ionization energy of 737 kJ. Based on periodic trends and the data given above, what are the most probable values for the ionization energy and atomic radius of sodium?\nChoose the best answer from the following options:\n0. 186 pm, 496 kJ/mol\n1. 186 pm, 898 kJ/mol\n2. 135 pm, 523 kJ/mol\n3. 147 pm, 523 kJ/mol\nAnswer: ",
    "answer": 0
  }
]