[
  {
    "question": "The eigenvalues of a Hermitian operator are always\nChoose the best answer from the following options:\n0. real\n1. imaginary\n2. degenerate\n3. linear\nAnswer: ",
    "answer": 0
  },
  {
    "question": "An airplane drops a payload while traveling due north, parallel to the ground, at a constant speed of 100 m/s. If air resistance is neglected, what is the velocity of the payload relative to the plane 4.0 s after it is released?\nChoose the best answer from the following options:\n0. 0\n1. 40 m/s down\n2. 80 m/s down\n3. 100 m/s north and 40 m/s down\nAnswer: ",
    "answer": 1
  },
  {
    "question": "A 10 kg box slides horizontally without friction at a speed of 1 m/s. At one point, a constant force is applied to the box in the direction of its motion. The box travels 5 m with the constant force applied. The force is then removed, leaving the box with a speed of 2 m/s. Which of the following gives the magnitude of the applied force?\nChoose the best answer from the following options:\n0. 1 N\n1. 2 N\n2. 3 N\n3. 4 N\nAnswer: ",
    "answer": 2
  },
  {
    "question": "An organ pipe, closed at one end and open at the other, is designed to have a fundamental frequency of C (131 Hz). What is the frequency of the next higher harmonic for this pipe?\nChoose the best answer from the following options:\n0. 44 Hz\n1. 196 Hz\n2. 262 Hz\n3. 393 Hz\nAnswer: ",
    "answer": 3
  },
  {
    "question": "A student makes 10 one-second measurements of the disintegration of a sample of a long-lived radioactive isotope and obtains the following values: 3, 0, 2, 1, 2, 4, 0, 1, 2, 5. How long should the student count to establish the rate to an uncertainty of 1 percent?\nChoose the best answer from the following options:\n0. 80 s\n1. 160 s\n2. 2,000 s\n3. 5,000 s\nAnswer: ",
    "answer": 3
  },
  {
    "question": "A 3-microfarad capacitor is connected in series with a 6-microfarad capacitor. When a 300-volt potential difference is applied across this combination, the total energy stored in the two capacitors is\nChoose the best answer from the following options:\n0. 0.09 J\n1. 0.18 J\n2. 0.27 J\n3. 0.41 J\nAnswer: ",
    "answer": 0
  },
  {
    "question": "The rest mass of a particle with total energy 5.0 GeV and momentum 4.9 GeV/c is approximately\nChoose the best answer from the following options:\n0. 0.1 GeV/c^2\n1. 0.2 GeV/c^2\n2. 0.5 GeV/c^2\n3. 1.0 GeV/c^2\nAnswer: ",
    "answer": 3
  },
  {
    "question": "The best type of laser with which to do spectroscopy over a range of visible wavelengths is\nChoose the best answer from the following options:\n0. a dye laser\n1. a helium-neon laser\n2. an excimer laser\n3. a ruby laser\nAnswer: ",
    "answer": 0
  },
  {
    "question": "One end of a horizontal, massless spring is attached to a wall. A mass of 0.30 kg is attached to the other end of the spring and rests on a table. The mass is displaced 0.030 m from its equilibrium position and released. It has a speed of 0.040 m/s as it passes through its equilibrium position. In the absence of friction, what is the total mechanical energy of the system?\nChoose the best answer from the following options:\n0. 0.24 mJ\n1. 0.38 mJ\n2. 0.48 mJ\n3. 0.75 mJ\nAnswer: ",
    "answer": 0
  },
  {
    "question": "A net force F_A acts on object A, and a net force F_B acts on object B. The mass of object B is twice the mass of object A, and the acceleration of object B is twice that of object A. Which of the following is true of forces F_A and F_B?\nChoose the best answer from the following options:\n0. F_B = 1/4 F_A\n1. F_B = 1/2 F_A\n2. F_B = 2F_A\n3. F_B = 4F_A\nAnswer: ",
    "answer": 3
  },
  {
    "question": "A uniform solid disk starts from rest and rolls down an inclined plane without slipping. After some time, what fraction of the disk’s total kinetic energy is rotational kinetic energy?\nChoose the best answer from the following options:\n0. 1/4\n1. 1/3\n2. 1/2\n3. 2/3\nAnswer: ",
    "answer": 1
  },
  {
    "question": "Characteristic X rays, appearing as sharp lines on a continuous background, are produced when high-energy electrons bombard a metal target. Which of the following processes results in the characteristic X rays?\nChoose the best answer from the following options:\n0. Electrons producing Čerenkov radiation\n1. Electrons colliding with phonons in the metal\n2. Electrons filling inner shell vacancies that are created in the metal atoms\n3. Electrons combining with protons to form neutrons\nAnswer: ",
    "answer": 2
  },
  {
    "question": "The first five harmonics produced by an organ pipe open at both ends are 50 Hz, 100 Hz, 150 Hz, 200 Hz, and 250 Hz. Which of the harmonics, if any, will survive once the pipe is closed at one end?\nChoose the best answer from the following options:\n0. 50 Hz, 150 Hz, and 250 Hz only\n1. 100 Hz and 200 Hz only\n2. 150 Hz and 250 Hz only\n3. None\nAnswer: ",
    "answer": 3
  },
  {
    "question": "An atom has filled n = 1 and n = 2 levels. How many electrons does the atom have?\nChoose the best answer from the following options:\n0. 2\n1. 4\n2. 6\n3. 10\nAnswer: ",
    "answer": 3
  },
  {
    "question": "A resistor in a circuit dissipates energy at a rate of 1 W. If the voltage across the resistor is doubled, what will be the new rate of energy dissipation?\nChoose the best answer from the following options:\n0. 0.25 W\n1. 0.5 W\n2. 1 W\n3. 4 W\nAnswer: ",
    "answer": 3
  },
  {
    "question": "At 20°C, a pipe open at both ends resonates at a frequency of 440 hertz. At what frequency does the same pipe resonate on a particularly cold day when the speed of sound is 3 percent lower than it would be at 20°C ?\nChoose the best answer from the following options:\n0. 414 Hz\n1. 427 Hz\n2. 433 Hz\n3. 440 Hz\nAnswer: ",
    "answer": 1
  },
  {
    "question": "A rod measures 1.00 m in its rest system. How fast must an observer move parallel to the rod to measure its length to be 0.80 m?\nChoose the best answer from the following options:\n0. 0.50c\n1. 0.60c\n2. 0.70c\n3. 0.80c\nAnswer: ",
    "answer": 1
  },
  {
    "question": "Protons used in cancer therapy are typically accelerated to about 0.6c . How much work must be done on a particle of mass m in order for it to reach this speed, assuming it starts at rest?\nChoose the best answer from the following options:\n0. 0.25mc^2\n1. 0.60mc^2\n2. 0.67mc^2\n3. 1.25mc^2\nAnswer: ",
    "answer": 0
  },
  {
    "question": "Blue light of wavelength 480 nanometers is most strongly reflected off a thin film of oil on a glass slide when viewed near normal incidence. Assuming that the index of refraction of the oil is 1.2 and that of the glass is 1.6, what is the minimum thickness of the oil film (other than zero) ?\nChoose the best answer from the following options:\n0. 150 nm\n1. 200 nm\n2. 300 nm\n3. 400 nm\nAnswer: ",
    "answer": 1
  },
  {
    "question": "A gas cell with an optical path length of 10 cm is placed in one arm of a Michelson interferometer. If the light source for the interferometer is a laser with wavelength 632.2 nm, then 100 fringes are counted as the gas cell is evacuated. What is the index of refraction of the original gas?\nChoose the best answer from the following options:\n0. 1.00063\n1. 1.00032\n2. 1.00016\n3. 0.99968\nAnswer: ",
    "answer": 1
  },
  {
    "question": "A single-electron atom has the electron in the l = 2 state. The number of allowed values of the quantum number m_l is\nChoose the best answer from the following options:\n0. 5\n1. 4\n2. 3\n3. 2\nAnswer: ",
    "answer": 0
  },
  {
    "question": "An object is thrown horizontally from the open window of a building. If the initial speed of the object is 20 m/s and it hits the ground 2.0 s later, from what height was it thrown? (Neglect air resistance and assume the ground is level.)\nChoose the best answer from the following options:\n0. 4.9 m\n1. 9.8 m\n2. 10.0 m\n3. 19.6 m\nAnswer: ",
    "answer": 3
  },
  {
    "question": "If the Sun were suddenly replaced by a black hole of the same mass, it would have a Schwarzschild radius of 3,000 m. What effect, if any, would this change have on the orbits of the planets?\nChoose the best answer from the following options:\n0. The planets would move directly toward the Sun.\n1. The planets would move in spiral orbits.\n2. The planets would oscillate about their former elliptical orbits.\n3. The orbits would remain unchanged.\nAnswer: ",
    "answer": 3
  },
  {
    "question": "At the present time, the temperature of the universe (i.e., the microwave radiation background) is about 3 K. When the temperature was 12 K, typical objects in the universe, such as galaxies, were\nChoose the best answer from the following options:\n0. one-quarter as distant as they are today\n1. one-half as distant as they are today\n2. separated by about the same distances as they are today\n3. two times as distant as they are today\nAnswer: ",
    "answer": 0
  },
  {
    "question": "Unpolarized light is incident on a pair of ideal linear polarizers whose transmission axes make an angle of 45q with each other. The transmitted light intensity through both polarizers is what percentage of the incident intensity?\nChoose the best answer from the following options:\n0. 100%\n1. 75%\n2. 50%\n3. 25%\nAnswer: ",
    "answer": 3
  },
  {
    "question": "Two students perform an experiment in which they drop a ball from rest from a known height above the ground and measure the speed of the ball just before it strikes the ground. From repeated measurement, the students estimate the uncertainty in the measured speed of the ball to be 10 percent. Which of the following gives the uncertainty in the kinetic energy of the ball? (Assume the uncertainty in the ball’s mass is negligibly small.)\nChoose the best answer from the following options:\n0. 5%\n1. 10%\n2. 15%\n3. 20%\nAnswer: ",
    "answer": 3
  },
  {
    "question": "The sign of the charge carriers in a doped semiconductor can be deduced by measuring which of the following properties?\nChoose the best answer from the following options:\n0. Magnetic susceptibility\n1. Hall coefficient\n2. Electrical resistivity\n3. Thermal conductivity\nAnswer: ",
    "answer": 1
  },
  {
    "question": "A spring of force constant k is stretched a certain distance. It takes twice as much work to stretch a second spring by half this distance. The force constant of the second spring is\nChoose the best answer from the following options:\n0. k\n1. 2k\n2. 4k\n3. 8k\nAnswer: ",
    "answer": 3
  },
  {
    "question": "White light is normally incident on a puddle of water (index of refraction 1.33). A thin (500 nm) layer of oil (index of refraction 1.5) floats on the surface of the puddle. Of the following, the most strongly reflected wavelength is\nChoose the best answer from the following options:\n0. 500 nm\n1. 550 nm\n2. 600 nm\n3. 650 nm\nAnswer: ",
    "answer": 2
  },
  {
    "question": "The quantum efficiency of a photon detector is 0.1. If 100 photons are sent into the detector, one after the other, the detector will detect photons\nChoose the best answer from the following options:\n0. an average of 10 times, with an rms deviation of about 4\n1. an average of 10 times, with an rms deviation of about 3\n2. an average of 10 times, with an rms deviation of about 1\n3. an average of 10 times, with an rms deviation of about 0.1\nAnswer: ",
    "answer": 1
  },
  {
    "question": "White light is normally incident on a puddle of water (index of refraction 1.33). A thin (500 nm) layer of oil (index of refraction 1.5) floats on the surface of the puddle. Of the following, the most strongly reflected wavelength is\nChoose the best answer from the following options:\n0. 500 nm\n1. 550 nm\n2. 600 nm\n3. 650 nm\nAnswer: ",
    "answer": 2
  },
  {
    "question": "Two simple pendulums A and B consist of identical masses suspended from strings of length L_A and L_B, respectively. The two pendulums oscillate in equal gravitational fields. If the period of pendulum B is twice the period of pendulum A, which of the following is true of the lengths of the two pendulums?\nChoose the best answer from the following options:\n0. L_B = 4L_A\n1. L_B = 2L_A\n2. L_B = L_A\n3. L_B = 1/2 L_A\nAnswer: ",
    "answer": 0
  },
  {
    "question": "Assume that the solar flux at Earth’s surface is 1,000 W/m^2 and that the sunlight is normal to a completely reflecting surface with an area of 3 m^2. What is the total radiation force exerted on the surface?\nChoose the best answer from the following options:\n0. 2 x 10^-6 N\n1. 1 x 10^-5 N\n2. 2 x 10^-5 N\n3. 3 N\nAnswer: ",
    "answer": 2
  },
  {
    "question": "A uniform solid disk starts from rest and rolls down an inclined plane without slipping. After some time, what fraction of the disk’s total kinetic energy is rotational kinetic energy?\nChoose the best answer from the following options:\n0. 1/4\n1. 1/3\n2. 1/2\n3. 2/3\nAnswer: ",
    "answer": 1
  },
  {
    "question": "Consider an electron in the n = 4, l = 1 state in hydrogen. Which of the following final states can NOT be reached by an allowed transition?\nChoose the best answer from the following options:\n0. n = 3, l = 2\n1. n = 3, l = 1\n2. n = 3, l = 0\n3. n = 2, l = 0\nAnswer: ",
    "answer": 1
  },
  {
    "question": "Which of the following gives the total spin quantum number of the electrons in the ground state of neutral nitrogen (Z = 7)?\nChoose the best answer from the following options:\n0. 1/2\n1. 1\n2. 3/2\n3. 5/2\nAnswer: ",
    "answer": 2
  },
  {
    "question": "The speed of light inside of a nonmagnetic dielectric material with a dielectric constant of 4.0 is\nChoose the best answer from the following options:\n0. 1.2 x 10^9 m/s\n1. 3.0 x 10^8 m/s\n2. 1.5 x 10^8 m/s\n3. 1.0 x 10^8 m/s\nAnswer: ",
    "answer": 2
  },
  {
    "question": "An observer O at rest midway between two sources of light at x = 0 and x = 10 m observes the two sources to flash simultaneously. According to a second observer O', moving at a constant speed parallel to the x-axis, one source of light flashes 13 ns before the other. Which of the following gives the speed of O' relative to O?\nChoose the best answer from the following options:\n0. 0.13c\n1. 0.15c\n2. 0.36c\n3. 0.53c\nAnswer: ",
    "answer": 2
  },
  {
    "question": "A magnetic field is directed perpendicular to the plane of a circular coil of area 0.2 m^2 and 250 turns. If the magnetic field is increased from 0.01 T to 0.06 T during a time interval of 0.25 s, the average induced EMF in the coil is\nChoose the best answer from the following options:\n0. 0.04 V\n1. 0.1 V\n2. 2.5 V\n3. 10 V\nAnswer: ",
    "answer": 3
  },
  {
    "question": "The emission spectrum of the doubly ionized lithium atom Li++ (Z = 3, A = 7) is identical to that of a hydrogen atom in which all the wavelengths are\nChoose the best answer from the following options:\n0. decreased by a factor of 9\n1. decreased by a factor of 49\n2. decreased by a factor of 81\n3. increased by a factor of 9\nAnswer: ",
    "answer": 0
  },
  {
    "question": "Which of the following ions CANNOT be used as a dopant in germanium to make an n-type semiconductor?\nChoose the best answer from the following options:\n0. As\n1. P\n2. Sb\n3. B\nAnswer: ",
    "answer": 3
  },
  {
    "question": "Light of variable frequency shines on the metal surface of a photoelectric tube. Einstein’s theory of the photoelectric effect predicts that the\nChoose the best answer from the following options:\n0. work function of the metal is proportional to the frequency\n1. work function of the metal is proportional to the wavelength\n2. current in the tube is a linear function of the wavelength\n3. potential difference necessary to stop the emitted electrons is a linear function of the frequency above the threshold frequency\nAnswer: ",
    "answer": 3
  },
  {
    "question": "In the diamond structure of elemental carbon, the nearest neighbors of each C atom lie at the corners of a\nChoose the best answer from the following options:\n0. square\n1. hexagon\n2. cube\n3. tetrahedron\nAnswer: ",
    "answer": 3
  },
  {
    "question": "In a nonrelativistic, one-dimensional collision, a particle of mass 2m collides with a particle of mass m at rest. If the particles stick together after the collision, what fraction of the initial kinetic energy is lost in the collision?\nChoose the best answer from the following options:\n0. 0\n1. 1/4\n2. 1/3\n3. 1/2\nAnswer: ",
    "answer": 2
  },
  {
    "question": "The coefficient of static friction between a small coin and the surface of a turntable is 0.30. The turntable rotates at 33.3 revolutions per minute. What is the maximum distance from the center of the turntable at which the coin will not slide?\nChoose the best answer from the following options:\n0. 0.024 m\n1. 0.048 m\n2. 0.121 m\n3. 0.242 m\nAnswer: ",
    "answer": 3
  },
  {
    "question": "Protons used in cancer therapy are typically accelerated to about 0.6c. How much work must be done on a particle of mass m in order for it to reach this speed, assuming it starts at rest?\nChoose the best answer from the following options:\n0. 0.25mc^2\n1. 0.60mc^2\n2. 0.67mc^2\n3. 1.25mc^2\nAnswer: ",
    "answer": 0
  },
  {
    "question": "A magnetic field is directed perpendicular to the plane of a circular coil of area 0.2 m^2 and 250 turns. If the magnetic field is increased from 0.01 T to 0.06 T during a time interval of 0.25 s, the average induced EMF in the coil is\nChoose the best answer from the following options:\n0. 0.04 V\n1. 0.1 V\n2. 2.5 V\n3. 10 V\nAnswer: ",
    "answer": 3
  },
  {
    "question": "If the absolute temperature of a blackbody is increased by a factor of 3, the energy radiated per second per unit area does which of the following?\nChoose the best answer from the following options:\n0. Decreases by a factor of 81.\n1. Decreases by a factor of 9.\n2. Increases by a factor of 9.\n3. Increases by a factor of 81.\nAnswer: ",
    "answer": 3
  },
  {
    "question": "A rod measures 1.00 m in its rest system. How fast must an observer move parallel to the rod to measure its length to be 0.80 m?\nChoose the best answer from the following options:\n0. 0.50c\n1. 0.60c\n2. 0.70c\n3. 0.80c\nAnswer: ",
    "answer": 1
  },
  {
    "question": "The suspension cable of a 1,000 kg elevator snaps, sending the elevator moving downward through its shaft. The emergency brakes of the elevator stop the elevator shortly before it reaches the bottom of the shaft. If the elevator fell a distance of 100 m starting from rest, the heat that the brakes must dissipate to bring the elevator safely to rest is\nChoose the best answer from the following options:\n0. 100 J\n1. 1,000 J\n2. 10,000 J\n3. 1,000,000 J\nAnswer: ",
    "answer": 3
  }
]