[
  {
    "question": "A stone is thrown vertically upward with an initial speed of 5 m/s. What is the velocity of the stone 3 seconds later?\nChoose the best answer from the following options:\n0. 25 m/s, upward\n1. 25 m/s, downward\n2. 35 m/s, upward\n3. 35 m/s, downward\nAnswer: ",
    "answer": 1
  },
  {
    "question": "A rock drops onto a pond with a smooth surface. A few moments later, the wave produced by the rock’s impact arrives at the shore, touching the ankles of a wading child. Which of the following observations provides evidence that the portion of the wave hitting the child’s ankles carries less energy than the wave did when it was first created by the rock’s impact?\nChoose the best answer from the following options:\n0. The wave is moving more slowly.\n1. The wave pulse’s width has become greater.\n2. The wave pulse’s width has become smaller.\n3. The wave’s height has become smaller.\nAnswer: ",
    "answer": 3
  },
  {
    "question": "A soccer ball, at rest on the ground, is kicked with an initial velocity of 10 m/s at a launch angle of 30°. Calculate its total flight time, assuming that air resistance is negligible.\nChoose the best answer from the following options:\n0. 0.5 s\n1. 1 s\n2. 2 s\n3. 4 s\nAnswer: ",
    "answer": 1
  },
  {
    "question": "Which of the following would increase the capacitance of a parallel-plate capacitor?\nChoose the best answer from the following options:\n0. Using smaller plates\n1. Replacing the dielectric material between the plates with one that has a smaller dielectric constant\n2. Decreasing the voltage between the plates\n3. Moving the plates closer together\nAnswer: ",
    "answer": 3
  },
  {
    "question": "A horizontal spring-block oscillator is in motion when a second block of equal mass falls on top of the oscillating block. If the two blocks stick together, what effect will this have on the amplitude of the oscillations?\nChoose the best answer from the following options:\n0. It will increase the amplitude.\n1. It will decrease the amplitude.\n2. It will have no effect.\n3. It would depend on where the original block was in its cycle when the second block fell.\nAnswer: ",
    "answer": 3
  },
  {
    "question": "A guitar string creates a sound wave of known frequency. Which of the following describes a correct and practical method of measuring the wavelength of the sound wave with a meterstick?\nChoose the best answer from the following options:\n0. Lightly touch the guitar string in the middle such that a single node is created. Measure the length of the string; this is the wavelength.\n1. Measure the length of the guitar string; this is half the wavelength.\n2. Adjust the length of a pipe placed near the string so that resonances are heard. Measure the difference between the pipe lengths for consecutive resonances; this is half the wavelength.\n3. Measure the peak-to-peak distance of the wave as it passes; this is the wavelength.\nAnswer: ",
    "answer": 2
  },
  {
    "question": "Two spheres of net charge +5e and -6e briefly come into contact. Afterward, which of the following is a possible combination of net charges for the two spheres?\nChoose the best answer from the following options:\n0. +3e and -4e\n1. +1.5e and -2.5e\n2. Both of the above\n3. None of the above\nAnswer: ",
    "answer": 0
  },
  {
    "question": "In a certain region, the electric field varies with the radius away from origin by the equation Er = –6r^2 + 4r + 3, where r is given in meters and E in N/C. The potential difference between the origin and the point (3, 4) is\nChoose the best answer from the following options:\n0. –165 V\n1. –120 V\n2. 64 V\n3. 185 V\nAnswer: ",
    "answer": 3
  },
  {
    "question": "A rock is dropped off a cliff and strikes the ground with an impact velocity of 30 m/s. How high was the cliff?\nChoose the best answer from the following options:\n0. 20 m\n1. 30 m\n2. 45 m\n3. 60 m\nAnswer: ",
    "answer": 2
  },
  {
    "question": "Two identical containers are filled with different gases. Container 1 is filled with hydrogen and container 2 is filled with nitrogen. Each container is set on a lab table and allowed to come to thermal equilibrium with the room. Which of the following correctly compares the properties of the two gases?\nChoose the best answer from the following options:\n0. The average kinetic energy of the hydrogen gas is greater than the nitrogen gas.\n1. The average force exerted on the container by the hydrogen gas is greater than the nitrogen gas.\n2. The density of the hydrogen gas is less than the nitrogen gas.\n3. The pressures of the gases cannot be compared without knowing the number of molecules in each container.\nAnswer: ",
    "answer": 3
  },
  {
    "question": "A stone is thrown horizontally with an initial speed of 30 m/s from a bridge. Find the stone's total speed when it enters the water 4 seconds later, assuming that air resistance is negligible.\nChoose the best answer from the following options:\n0. 30 m/s\n1. 40 m/s\n2. 50 m/s\n3. 60 m/s\nAnswer: ",
    "answer": 2
  },
  {
    "question": "A girl of mass m and a boy of mass 2m are sitting on opposite sides of a see-saw with its fulcrum in the center. Right now, the boy and girl are equally far from the fulcrum, and it tilts in favor of the boy. Which of the following would NOT be a possible method to balance the see-saw?\nChoose the best answer from the following options:\n0. Move the boy to half his original distance from the fulcrum.\n1. Move the girl to double her original distance from the fulcrum.\n2. Allow a second girl of mass m to join the first.\n3. Move the fulcrum to half its original distance from the boy.\nAnswer: ",
    "answer": 3
  },
  {
    "question": "Which of the following is NOT equal to one tesla?\nChoose the best answer from the following options:\n0. 1 J/(A*m^2)\n1. 1 kg/(C*s)\n2. 1 N/(A*m)\n3. 1 A*N/V\nAnswer: ",
    "answer": 3
  },
  {
    "question": "A person stands on a scale in an elevator. He notices that the scale reading is less than his usual weight. Which of the following could possibly describe the motion of the elevator?\nChoose the best answer from the following options:\n0. It is moving downward and slowing down.\n1. It is moving upward and slowing down.\n2. It is moving upward at a constant speed.\n3. It is moving downward at a constant speed.\nAnswer: ",
    "answer": 1
  },
  {
    "question": "An elevator is rising. In order to determine the tension in the cables pulling it, which values (for the elevator) would you need to know?\nChoose the best answer from the following options:\n0. Mass, velocity, height, and acceleration\n1. Mass, velocity, and acceleration\n2. Mass and velocity\n3. Mass and acceleration\nAnswer: ",
    "answer": 3
  },
  {
    "question": "A beam of monochromatic light entering a glass window pane from the air will experience a change in\nChoose the best answer from the following options:\n0. frequency and wavelength\n1. frequency and speed\n2. speed and wavelength\n3. speed only\nAnswer: ",
    "answer": 2
  },
  {
    "question": "Which of the following changes to a circuit will always bring about an increase in the current?\nChoose the best answer from the following options:\n0. Increased voltage and increased resistance\n1. Decreased voltage and decreased resistance\n2. Increased voltage and decreased resistance\n3. Decreased voltage and increased resistance\nAnswer: ",
    "answer": 0
  },
  {
    "question": "An astronaut lands on a planet whose mass and radius are each twice that of Earth. If the astronaut weighs 800 N on Earth, how much will he weigh on this planet?\nChoose the best answer from the following options:\n0. 200 N\n1. 400 N\n2. 800 N\n3. 1600 N\nAnswer: ",
    "answer": 1
  },
  {
    "question": "A beam of monochromatic light entering a glass window pane from the air will experience a change in\nChoose the best answer from the following options:\n0. frequency and wavelength\n1. speed and wavelength\n2. speed only\n3. wavelength only\nAnswer: ",
    "answer": 1
  },
  {
    "question": "If the force of gravity between the Moon and the Earth were to stop, which statement best describes the resulting motion of the moon?\nChoose the best answer from the following options:\n0. It would continue rotating on its axis, and it would revolve around the Earth as usual.\n1. It would continue rotating on its axis, but it would stop revolving around the Earth.\n2. It would stop rotating on its axis, but it would revolve around the Earth as usual.\n3. It would stop rotating on its axis, and it would stop revolving around the Earth.\nAnswer: ",
    "answer": 1
  },
  {
    "question": "A person standing on a horizontal floor is acted upon by two forces: the downward pull of gravity and the upward normal force of the floor. These two forces\nChoose the best answer from the following options:\n0. have equal magnitudes and form an action-reaction pair\n1. have equal magnitudes and do not form an action-reaction pair\n2. have unequal magnitudes and form an action-reaction pair\n3. have unequal magnitudes and do not form an action-reaction pair\nAnswer: ",
    "answer": 1
  },
  {
    "question": "An object is released from rest and falls a distance h during the first second of time. How far will it fall during the next second of time?\nChoose the best answer from the following options:\n0. h\n1. 2h\n2. 3h\n3. 4h\nAnswer: ",
    "answer": 2
  },
  {
    "question": "A horse is attached to a cart that is at rest behind it. Which force, or combination of forces, explains how the horse-cart system can accelerate from rest?\nChoose the best answer from the following options:\n0. The forward static friction force of the ground on the horse is greater than any friction forces acting backward on the cart, providing a forward acceleration.\n1. The forward force of the horse on the cart is greater than the backward force of the cart on the horse, providing a forward acceleration.\n2. The force of the horse’s muscles on the rest of the horse-cart system provides the necessary acceleration.\n3. The upward normal force of the ground on the horse is greater than the horse’s weight, providing an upward acceleration.\nAnswer: ",
    "answer": 0
  },
  {
    "question": "A block is dragged along a table and experiences a frictional force, f, that opposes its movement. The force exerted on the block by the table is\nChoose the best answer from the following options:\n0. zero\n1. parallel to the table\n2. perpendicular to the table\n3. neither parallel nor perpendicular to the table\nAnswer: ",
    "answer": 3
  },
  {
    "question": "The position of an object is given by the equations x = 2.0t^3 + 4.0t + 6.25, where x is in meters and t is in seconds. What is the acceleration of the object at t = 1.50 s?\nChoose the best answer from the following options:\n0. 6 m/s^2\n1. 12 m/s^2\n2. 18 m/s^2\n3. 24 m/s^2\nAnswer: ",
    "answer": 2
  },
  {
    "question": "Above an infinitely large plane carrying charge density σ, the electric field points up and is equal to σ/2εo. What is the magnitude and direction of the electric field below the plane?\nChoose the best answer from the following options:\n0. σ/2εo, down\n1. σ/2εo, up\n2. σ/εo, down\n3. σ/εo, up\nAnswer: ",
    "answer": 0
  },
  {
    "question": "Which of the following statements about images is true?\nChoose the best answer from the following options:\n0. Images produced by concave lenses are always real.\n1. Images produced by concave mirros are always real.\n2. Images produced by convex lenses can be both real and virtual.\n3. Images produced by convex mirrors can be both real and virtual.\nAnswer: ",
    "answer": 2
  },
  {
    "question": "A car moving with speed v reaches the foot of an incline of angle θ. The car coasts up the incline without using the engine. Neglecting friction and air resistance, which of the following is correct about the magnitude of the car’s horizontal acceleration ax and vertical acceleration ay?\nChoose the best answer from the following options:\n0. ax = 0; ay < g\n1. ax = 0; ay = g\n2. ax < g; ay < g\n3. ax < g; ay = g\nAnswer: ",
    "answer": 2
  },
  {
    "question": "An object carries a charge of –1 C. How many excess electrons does it contain?\nChoose the best answer from the following options:\n0. 6.25 × 10^18\n1. 8.00 × 10^18\n2. 1.60 × 10^19\n3. 3.20 × 10^19\nAnswer: ",
    "answer": 0
  },
  {
    "question": "A man stands on a platform scale in an elevator. The elevator moves upward, speeding up. What is the action-reaction force pair to the man’s weight?\nChoose the best answer from the following options:\n0. The force of the elevator cable on the man\n1. The force of the man on the scale\n2. The force of the elevator cable on the elevator\n3. The force of the man on the Earth\nAnswer: ",
    "answer": 3
  },
  {
    "question": "It is known that a lab cart is moving east at 25 cm/s at time t1 = 0.10 s, and then moving east at 15 cm/s at t2 = 0.20 s. Is this enough information to determine the direction of the net force acting on the cart between t1 and t2?\nChoose the best answer from the following options:\n0. Yes, since we know the cart is slowing down, its momentum change is opposite the direction of movement, and the net force is in the direction of momentum change.\n1. No, because we don’t know whether forces such as friction or air resistance might be acting on the cart.\n2. No, because we don’t know the mass of the cart.\n3. Yes, since we know the cart keeps moving to the east, the net force must be in the direction of motion.\nAnswer: ",
    "answer": 0
  },
  {
    "question": "A rubber ball (mass = 0.08 kg) is dropped from a height of 3.2 m, and after bouncing off the floor, rises almost to its original height. If the impact time with the floor is measured to be 0.04 s, what average force did the floor exert on the ball?\nChoose the best answer from the following options:\n0. 0.16 N\n1. 0.16 N\n2. 0.32 N\n3. 0.36 N\nAnswer: ",
    "answer": 2
  },
  {
    "question": "Two charged, massive particles are isolated from all influence except those between the particles. They have charge and mass such that the net force between them is 0 N. Which of the following is NOT true?\nChoose the best answer from the following options:\n0. The particles must have the same sign of charge.\n1. If the distance between the particles changes, the force will no longer be 0 N.\n2. The particles must have the same mass.\n3. Such a situation is impossible as the net force between the two particles cannot be 0.\nAnswer: ",
    "answer": 0
  },
  {
    "question": "Which of the following types of electromagnetic radiation has the longest wavelength?\nChoose the best answer from the following options:\n0. Gamma rays\n1. Ultraviolet\n2. Blue light\n3. Orange light\nAnswer: ",
    "answer": 3
  },
  {
    "question": "Two people, one of mass 100 kg and the other of mass 50 kg, stand facing each other on an ice-covered (essentially frictionless) pond. If the heavier person pushes on the lighter one with a force F, then\nChoose the best answer from the following options:\n0. the force felt by the heavier person is (-1/2)F\n1. the force felt by the person is -2F\n2. the magnitude of the acceleration of the lighter person will be half of the magnitude of the acceleration of the heavier person\n3. the magnitude of the acceleration of the lighter person will be twice the magnitude of the acceleration of the heavier person\nAnswer: ",
    "answer": 3
  },
  {
    "question": "Which of the following concerning uniform circular motion is true?\nChoose the best answer from the following options:\n0. The centrifugal force is the action-reaction pair of the centripetal force.\n1. The centripetal acceleration and velocity point in the same direction.\n2. The velocity of the object in motion changes whereas the acceleration of the object is constant.\n3. A satellite undergoing uniform circular motion is falling toward the center in a circular path.\nAnswer: ",
    "answer": 3
  },
  {
    "question": "A stone is thrown horizontally with an initial speed of 10 m/s from a bridge. Assuming that air resistance is negligible, how long would it take the stone to strike the water 80 m below the bridge?\nChoose the best answer from the following options:\n0. 1 s\n1. 2 s\n2. 4 s\n3. 8 s\nAnswer: ",
    "answer": 2
  },
  {
    "question": "A proton enters a solenoid. Upon entry, the proton is moving in a straight line along the axis of the solenoid. Which of the following is a correct description of the proton’s motion within the solenoid?\nChoose the best answer from the following options:\n0. The proton will be bent in a parabolic path.\n1. The proton will be bent in a circular path.\n2. The proton will continue in its straight path at constant velocity.\n3. The proton will continue in its straight path and slow down.\nAnswer: ",
    "answer": 2
  },
  {
    "question": "Which of the following conditions are necessary for an object to be in static equilibrium? I. The vector sum of all torques on the object must equal zero. II. The vector sum of all forces on the object must equal zero. III. The sum of the object’s potential and kinetic energies must be zero.\nChoose the best answer from the following options:\n0. I only\n1. II only\n2. III only\n3. I and II only\nAnswer: ",
    "answer": 3
  },
  {
    "question": "A man stands with his hands to his sides on a frictionless platform that is rotating. Which of the following could change the angular momentum of the man-platform system?\nChoose the best answer from the following options:\n0. The man catches a baseball thrown to him by a friend.\n1. The man thrusts his arms out away from his body\n2. The man thrusts his arms out away from his body, and then quickly brings his arms back to his side again.\n3. The man jumps straight up in the air and lands back on the platform.\nAnswer: ",
    "answer": 0
  },
  {
    "question": "An alarm whose frequency is 400 Hz is dropped out of a third-floor window. The student who drops it measures the frequency with a very sensitive oscilloscope. The measured frequency\nChoose the best answer from the following options:\n0. appears higher than 400 Hz and the frequency increase as it falls\n1. appears higher than 400 Hz and the frequency decreases as it falls\n2. appears lower than 400 Hz and the frequency decreases as it falls\n3. appears lower than 400 Hz and the frequency increases as it falls\nAnswer: ",
    "answer": 2
  },
  {
    "question": "Experimenter A uses a very small test charge qo, and experimenter B uses a test charge 2qo to measure an electric field produced by two parallel plates. A finds a field that is\nChoose the best answer from the following options:\n0. greater than the field found by B\n1. the same as the field found by B\n2. less than the field found by B\n3. either greater or less than the field found by B, depending on the accelerations of the test charges\nAnswer: ",
    "answer": 1
  },
  {
    "question": "An object is placed 10 cm in front of a diverging mirror. What is the focal length of the mirror if the image appears 2 cm behind the mirror?\nChoose the best answer from the following options:\n0. -3/5 cm\n1. -5/3 cm\n2. -2/5 cm\n3. -5/2 cm\nAnswer: ",
    "answer": 3
  },
  {
    "question": "Traveling at an initial speed of 1.5 × 10^6 m/s, a proton enters a region of constant magnetic field of magnitude 1.5 T. If the proton's initial velocity vector makes an angle of 30° with the magnetic field, compute the proton's speed 4 s after entering the magnetic field.\nChoose the best answer from the following options:\n0. 5.0 × 10^6 m/s\n1. 7.5 × 10^6 m/s\n2. 1.5 × 10^6 m/s\n3. 3.0 × 10^6 m/s\nAnswer: ",
    "answer": 2
  },
  {
    "question": "A particle of mass m and charge Q and velocity V is directed toward a uniform electric field of strength E and travels a distance d. How far does the particle travel if the original velocity is doubled and the mass is cut in half?\nChoose the best answer from the following options:\n0. 4d\n1. 2d\n2. d\n3. 1/2d\nAnswer: ",
    "answer": 1
  },
  {
    "question": "A ball of mass is attached to a string connected to the ceiling, forming a pendulum. When the string is raised to an angle of 50 degrees below the horizontal (the ceiling) and released, the ball swings back and forth with a period of 0.4 s. Which of the following changes to the pendulum would decrease the period of the pendulum?\nChoose the best answer from the following options:\n0. Increasing the mass of the ball\n1. Decreasing the length of the string\n2. Decreasing the angle of the string from the horizontal when released\n3. Decreasing the mass of the ball\nAnswer: ",
    "answer": 1
  },
  {
    "question": "Which of the following correctly describes the motion of a real object in free fall? Assume that the object experiences drag force proportional to speed and that it strikes the ground before reaching terminal sped.\nChoose the best answer from the following options:\n0. It will fall with increasing speed and increasing acceleration.\n1. It will fall with increasing speed and decreasing acceleration.\n2. It will fall with decreasing speed and increasing acceleration.\n3. It will fall with decreasing speed and decreasing acceleration.\nAnswer: ",
    "answer": 1
  },
  {
    "question": "A wooden block experiences a frictional force, f, as it slides across a table. If a block of the same material with half the height and twice the length were to slide across the table, what would be the frictional force it experienced?\nChoose the best answer from the following options:\n0. (1/2)f\n1. f\n2. 2f\n3. 4f\nAnswer: ",
    "answer": 1
  },
  {
    "question": "A solid, metal object is isolated from other charges and has charge distributed on its surface. The charge distribution is not uniform. It may be correctly concluded that the\nChoose the best answer from the following options:\n0. electric field outside the object is zero\n1. the electric field outside the object is equal to the electric field inside the object\n2. the electric field outside the object is directly proportional to the distance away from the center of mass of the object\n3. the electric field outside the object, but very close to the surface, is equal to the surface charge density at any location divided by the permittivity of free space\nAnswer: ",
    "answer": 3
  },
  {
    "question": "A disk of radius 0.1 m initially at rest undergoes an angular acceleration of 2.0 rad/s^2. If the disk only rotates, find the total distance traveled by a point on the rim of the disk in 4.0 s.\nChoose the best answer from the following options:\n0. 0.4 m\n1. 0.8 m\n2. 1.2 m\n3. 1.6 m\nAnswer: ",
    "answer": 3
  }
]