[
  {
    "question": "A rock drops onto a pond with a smooth surface. A few moments later, the wave produced by the rock’s impact arrives at the shore, touching the ankles of a wading child. Which of the following observations provides evidence that the portion of the wave hitting the child’s ankles carries less energy than the wave did when it was first created by the rock’s impact?\nChoose the best answer from the following options:\n0. The wave is moving more slowly.\n1. The wave pulse’s width has become greater.\n2. The wave pulse’s width has become smaller.\n3. The wave’s height has become smaller.\nAnswer: ",
    "answer": 3
  },
  {
    "question": "A 30 mF capacitor has 6 millicoulombs of charge on each plate. The energy stored in the capacitor is most nearly\nChoose the best answer from the following options:\n0. 5.4 × 10–10 J\n1. 9.0 × 10–8 J\n2. 0.6 J\n3. 12.5 J\nAnswer: ",
    "answer": 2
  },
  {
    "question": "The eigenvalues of a Hermitian operator are always\nChoose the best answer from the following options:\n0. real\n1. imaginary\n2. degenerate\n3. linear\nAnswer: ",
    "answer": 0
  },
  {
    "question": "The circumference of a helium-filled balloon is measured for three different conditions: at room temperature, after being in a warm oven for 30 minutes, and after being in a freezer for 30 minutes. A student plotting the circumference cubed C^3 as a function of temperature T, should expect to find which of the following?\nChoose the best answer from the following options:\n0. a cubic relationship between C^3 and T\n1. an indirect relationship between C^3 and T\n2. an extrapolated temperature T where C^3 reaches zero\n3. a maximum C^3 as the temperature T increases\nAnswer: ",
    "answer": 2
  },
  {
    "question": "White light is normally incident on a puddle of water (index of refraction 1.33). A thin (500 nm) layer of oil (index of refraction 1.5) floats on the surface of the puddle. Of the following, the most strongly reflected wavelength is\nChoose the best answer from the following options:\n0. 500 nm\n1. 550 nm\n2. 600 nm\n3. 650 nm\nAnswer: ",
    "answer": 2
  },
  {
    "question": "A rod measures 1.00 m in its rest system. How fast must an observer move parallel to the rod to measure its length to be 0.80 m?\nChoose the best answer from the following options:\n0. 0.50c\n1. 0.60c\n2. 0.70c\n3. 0.80c\nAnswer: ",
    "answer": 1
  },
  {
    "question": "Which one of the following statements is true concerning the motion of an ideal projectile launched at an angle of 45° to the horizontal?\nChoose the best answer from the following options:\n0. The acceleration vector points opposite to the velocity vector on the way up and in the same direction as the velocity vector on the way down.\n1. The speed at the top of the trajectory is zero.\n2. The object's total speed remains constant during the entire flight.\n3. The vertical speed decreases on the way up and increases on the way down.\nAnswer: ",
    "answer": 3
  },
  {
    "question": "A convex lens of focal length f = 0.2 m is used to examine a small coin lying on a table. During the examination, the lens is held a distance 0.3 m above the coin and is moved slowly to a distance of 0.1 m above the coin. During this process, what happens to the image of the coin?\nChoose the best answer from the following options:\n0. The image continually increases in size.\n1. The image continually decreases in size.\n2. The image gets smaller at first and then bigger in size.\n3. The image flips over.\nAnswer: ",
    "answer": 3
  },
  {
    "question": "A guitar string creates a sound wave of known frequency. Which of the following describes a correct and practical method of measuring the wavelength of the sound wave with a meterstick?\nChoose the best answer from the following options:\n0. Lightly touch the guitar string in the middle such that a single node is created. Measure the length of the string; this is the wavelength.\n1. Measure the length of the guitar string; this is half the wavelength.\n2. Adjust the length of a pipe placed near the string so that resonances are heard. Measure the difference between the pipe lengths for consecutive resonances; this is half the wavelength.\n3. Measure the peak-to-peak distance of the wave as it passes; this is the wavelength.\nAnswer: ",
    "answer": 2
  },
  {
    "question": "A man stands on a platform scale in an elevator. The elevator moves upward, speeding up. What is the action-reaction force pair to the man’s weight?\nChoose the best answer from the following options:\n0. The force of the elevator cable on the man\n1. The force of the man on the scale\n2. The force of the elevator cable on the elevator\n3. The force of the man on the Earth\nAnswer: ",
    "answer": 3
  },
  {
    "question": "A resistor in a circuit dissipates energy at a rate of 1 W. If the voltage across the resistor is doubled, what will be the new rate of energy dissipation?\nChoose the best answer from the following options:\n0. 0.25 W\n1. 0.5 W\n2. 1 W\n3. 4 W\nAnswer: ",
    "answer": 3
  },
  {
    "question": "A block is dragged along a table and experiences a frictional force, f, that opposes its movement. The force exerted on the block by the table is\nChoose the best answer from the following options:\n0. zero\n1. parallel to the table\n2. perpendicular to the table\n3. neither parallel nor perpendicular to the table\nAnswer: ",
    "answer": 3
  },
  {
    "question": "Which of the following concerning uniform circular motion is true?\nChoose the best answer from the following options:\n0. The centrifugal force is the action-reaction pair of the centripetal force.\n1. The centripetal acceleration and velocity point in the same direction.\n2. The velocity of the object in motion changes whereas the acceleration of the object is constant.\n3. A satellite undergoing uniform circular motion is falling toward the center in a circular path.\nAnswer: ",
    "answer": 3
  },
  {
    "question": "An electric dipole consists of a pair of equal but opposite point charges of magnitude 4.0 nC separated by a distance of 2.0 cm. What is the electric field strength at the point midway between the charges?\nChoose the best answer from the following options:\n0. 0\n1. 9.0 × 10^4 N/C\n2. 1.8 × 10^5 N/C\n3. 7.2 × 10^5 N/C\nAnswer: ",
    "answer": 3
  },
  {
    "question": "An object of mass 2 kg is acted upon by three external forces, each of magnitude 4 N. Which of the following could NOT be the resulting acceleration of the object?\nChoose the best answer from the following options:\n0. 0 m/s^2\n1. 2 m/s^2\n2. 4 m/s^2\n3. 8 m/s^2\nAnswer: ",
    "answer": 3
  },
  {
    "question": "An artificial satellite orbits Earth just above the atmosphere in a circle with constant speed. A small meteor collides with the satellite at point P in its orbit, increasing its speed by 1%, but not changing the instantaneous direction of the satellite’s velocity. Which of the following describes the satellite’s new orbit?\nChoose the best answer from the following options:\n0. The satellite now orbits in an ellipse, with P as the farthest approach to Earth.\n1. The satellite now orbits in an ellipse, with P as the closest approach to Earth.\n2. The satellite now orbits in a circle of larger radius.\n3. The satellite now orbits in a circle of smaller radius.\nAnswer: ",
    "answer": 1
  },
  {
    "question": "A textbook weighs 30 N at sea level. Earth’s radius is 6,400 km. Which of the following is the best estimate of the textbook’s weight on a mountain peak located 6,000 m above sea level?\nChoose the best answer from the following options:\n0. 60 N\n1. 15 N\n2. 30 N\n3. 7.5 N\nAnswer: ",
    "answer": 2
  },
  {
    "question": "Each of the following ionized isotopes is projected with the same speed into a uniform magnetic field B such that the isotope's initial velocity is perpendicular to B. Which combination of mass and charge would result in a circular path with the largest radius?\nChoose the best answer from the following options:\n0. m = 16 u, q = –5 e\n1. m = 17 u, q = –4 e\n2. m = 18 u, q = –3 e\n3. m = 20 u, q = –1 e\nAnswer: ",
    "answer": 3
  },
  {
    "question": "Which of these quantities decreases as the inverse square of distance for distances far from the objects producing the fields?\nChoose the best answer from the following options:\n0. the electric field produced by a finite-length charged rod\n1. the electric field produced by an infinitely long charged cylinder\n2. the electric field produced by an infinite plane of charge\n3. the magnetic field produced by an infinitely long, straight current-carrying wire\nAnswer: ",
    "answer": 0
  },
  {
    "question": "A stone is thrown horizontally with an initial speed of 10 m/s from a bridge. Assuming that air resistance is negligible, how long would it take the stone to strike the water 80 m below the bridge?\nChoose the best answer from the following options:\n0. 1 s\n1. 2 s\n2. 4 s\n3. 8 s\nAnswer: ",
    "answer": 2
  },
  {
    "question": "Consider an electron in the n = 4, l = 1 state in hydrogen. Which of the following final states can NOT be reached by an allowed transition?\nChoose the best answer from the following options:\n0. n = 3, l = 2\n1. n = 3, l = 1\n2. n = 3, l = 0\n3. n = 2, l = 0\nAnswer: ",
    "answer": 1
  },
  {
    "question": "If the Sun were suddenly replaced by a black hole of the same mass, it would have a Schwarzschild radius of 3,000 m. What effect, if any, would this change have on the orbits of the planets?\nChoose the best answer from the following options:\n0. The planets would move directly toward the Sun.\n1. The planets would move in spiral orbits.\n2. The planets would oscillate about their former elliptical orbits.\n3. The orbits would remain unchanged.\nAnswer: ",
    "answer": 3
  },
  {
    "question": "The quantum efficiency of a photon detector is 0.1. If 100 photons are sent into the detector, one after the other, the detector will detect photons\nChoose the best answer from the following options:\n0. an average of 10 times, with an rms deviation of about 4\n1. an average of 10 times, with an rms deviation of about 3\n2. an average of 10 times, with an rms deviation of about 1\n3. an average of 10 times, with an rms deviation of about 0.1\nAnswer: ",
    "answer": 1
  },
  {
    "question": "What happens to the force of gravitational attraction between two small objects if the mass of each object is doubled and the distance between their centers is doubled?\nChoose the best answer from the following options:\n0. It is doubled.\n1. It is quadrupled.\n2. It is halved.\n3. It remains the same.\nAnswer: ",
    "answer": 3
  },
  {
    "question": "A fluid of density ρ flows through a horizontal pipe with negligible viscosity. The flow is streamlined with constant flow rate. The diameter of the pipe at Point 1 is d and the flow speed is V. If the diameter of the pipe at Point 2 is d/3, then the pressure at Point 2 is\nChoose the best answer from the following options:\n0. less than the pressure at Point 1 by 4 ρv^2\n1. less than the pressure at Point 1 by 40 ρv^2\n2. more than the pressure at Point 1 by 4 ρv^2\n3. more than the pressure at Point 1 by 40 ρv^2\nAnswer: ",
    "answer": 1
  },
  {
    "question": "In a nonrelativistic, one-dimensional collision, a particle of mass 2m collides with a particle of mass m at rest. If the particles stick together after the collision, what fraction of the initial kinetic energy is lost in the collision?\nChoose the best answer from the following options:\n0. 0\n1. 1/4\n2. 1/3\n3. 1/2\nAnswer: ",
    "answer": 2
  },
  {
    "question": "Ultraviolet light has a wavelength of about 6 × 10^-8 m. What is the frequency of this light?\nChoose the best answer from the following options:\n0. 5 × 10^15 Hz\n1. 0.5 Hz\n2. 2 Hz\n3. 20 Hz\nAnswer: ",
    "answer": 0
  },
  {
    "question": "A sound wave with frequency f travels through air at speed v. With what speed will a sound wave with frequency 4f travel through the air?\nChoose the best answer from the following options:\n0. v/4\n1. v\n2. 2v\n3. 4v\nAnswer: ",
    "answer": 1
  },
  {
    "question": "An astronaut lands on a planet whose mass and radius are each twice that of Earth. If the astronaut weighs 800 N on Earth, how much will he weigh on this planet?\nChoose the best answer from the following options:\n0. 200 N\n1. 400 N\n2. 800 N\n3. 1600 N\nAnswer: ",
    "answer": 1
  },
  {
    "question": "Which of the following conditions are necessary for an object to be in static equilibrium? I. The vector sum of all torques on the object must equal zero. II. The vector sum of all forces on the object must equal zero. III. The sum of the object’s potential and kinetic energies must be zero.\nChoose the best answer from the following options:\n0. I only\n1. II only\n2. III only\n3. I and II only\nAnswer: ",
    "answer": 3
  },
  {
    "question": "The coefficient of static friction between a small coin and the surface of a turntable is 0.30. The turntable rotates at 33.3 revolutions per minute. What is the maximum distance from the center of the turntable at which the coin will not slide?\nChoose the best answer from the following options:\n0. 0.024 m\n1. 0.048 m\n2. 0.121 m\n3. 0.242 m\nAnswer: ",
    "answer": 3
  },
  {
    "question": "White light is normally incident on a puddle of water (index of refraction 1.33). A thin (500 nm) layer of oil (index of refraction 1.5) floats on the surface of the puddle. Of the following, the most strongly reflected wavelength is\nChoose the best answer from the following options:\n0. 500 nm\n1. 550 nm\n2. 600 nm\n3. 650 nm\nAnswer: ",
    "answer": 2
  },
  {
    "question": "A person can stand outside on a cold day for hours without ill effect, but falling into a cold lake can kill a person in a matter of minutes. Which of the following is the primary reason for this phenomenon?\nChoose the best answer from the following options:\n0. The molecules of the person are, on average, moving faster than those of the surroundings.\n1. Thermal energy moves from high concentration areas (hot) to low concentration areas (cold).\n2. As heat flows out of the person and warms the fluid surrounding the person, the warmer fluid rises, allowing fresh cool fluid to come in contact with the person and increasing the rate of heat transfer.\n3. Water has more molecules per volume than air, increasing molecular contact with the person.\nAnswer: ",
    "answer": 3
  },
  {
    "question": "Light of variable frequency shines on the metal surface of a photoelectric tube. Einstein’s theory of the photoelectric effect predicts that the\nChoose the best answer from the following options:\n0. work function of the metal is proportional to the frequency\n1. work function of the metal is proportional to the wavelength\n2. current in the tube is a linear function of the wavelength\n3. potential difference necessary to stop the emitted electrons is a linear function of the frequency above the threshold frequency\nAnswer: ",
    "answer": 3
  },
  {
    "question": "A single-electron atom has the electron in the l = 2 state. The number of allowed values of the quantum number m_l is\nChoose the best answer from the following options:\n0. 5\n1. 4\n2. 3\n3. 2\nAnswer: ",
    "answer": 0
  },
  {
    "question": "Under what conditions is the net electric flux through a closed surface proportional to the enclosed charge?\nChoose the best answer from the following options:\n0. under any conditions\n1. only when the enclosed charge is symmetrically distributed\n2. only when all nearby charges are symmetrically distributed\n3. only when there are no charges outside the surface\nAnswer: ",
    "answer": 0
  },
  {
    "question": "Which of the following correctly describes the motion of a real object in free fall? Assume that the object experiences drag force proportional to speed and that it strikes the ground before reaching terminal sped.\nChoose the best answer from the following options:\n0. It will fall with increasing speed and increasing acceleration.\n1. It will fall with increasing speed and decreasing acceleration.\n2. It will fall with decreasing speed and increasing acceleration.\n3. It will fall with decreasing speed and decreasing acceleration.\nAnswer: ",
    "answer": 1
  },
  {
    "question": "It is known that a lab cart is moving east at 25 cm/s at time t1 = 0.10 s, and then moving east at 15 cm/s at t2 = 0.20 s. Is this enough information to determine the direction of the net force acting on the cart between t1 and t2?\nChoose the best answer from the following options:\n0. Yes, since we know the cart is slowing down, its momentum change is opposite the direction of movement, and the net force is in the direction of momentum change.\n1. No, because we don’t know whether forces such as friction or air resistance might be acting on the cart.\n2. No, because we don’t know the mass of the cart.\n3. Yes, since we know the cart keeps moving to the east, the net force must be in the direction of motion.\nAnswer: ",
    "answer": 0
  },
  {
    "question": "Blue light of wavelength 480 nanometers is most strongly reflected off a thin film of oil on a glass slide when viewed near normal incidence. Assuming that the index of refraction of the oil is 1.2 and that of the glass is 1.6, what is the minimum thickness of the oil film (other than zero) ?\nChoose the best answer from the following options:\n0. 150 nm\n1. 200 nm\n2. 300 nm\n3. 400 nm\nAnswer: ",
    "answer": 1
  },
  {
    "question": "When hot water is poured into a beaker containing cold alcohol, the temperature of the mixture will eventually reach the same temperature. Considering the scale of the size of the molecules of the fluids, which of the following is the primary reason for this phenomenon?\nChoose the best answer from the following options:\n0. The high temperature water will rise to the top of the container until it has cooled and then mixes with the alcohol.\n1. The molecules of the water continue to have a higher kinetic energy than the molecules of the alcohol, but the two liquids mix until the energy is spread evenly throughout the container.\n2. The hot water produces thermal radiation that is absorbed by the cold alcohol until the kinetic energy of all the molecules is the same.\n3. The water molecules collide with the alcohol molecules, transferring energy until the average kinetic energy of both the water and alcohol molecules are the same.\nAnswer: ",
    "answer": 3
  },
  {
    "question": "A soccer ball, at rest on the ground, is kicked with an initial velocity of 10 m/s at a launch angle of 30°. Calculate its total flight time, assuming that air resistance is negligible.\nChoose the best answer from the following options:\n0. 0.5 s\n1. 1 s\n2. 2 s\n3. 4 s\nAnswer: ",
    "answer": 1
  },
  {
    "question": "A rock is dropped off a cliff and strikes the ground with an impact velocity of 30 m/s. How high was the cliff?\nChoose the best answer from the following options:\n0. 20 m\n1. 30 m\n2. 45 m\n3. 60 m\nAnswer: ",
    "answer": 2
  },
  {
    "question": "Which of the following gives the total spin quantum number of the electrons in the ground state of neutral nitrogen (Z = 7)?\nChoose the best answer from the following options:\n0. 1/2\n1. 1\n2. 3/2\n3. 5/2\nAnswer: ",
    "answer": 2
  },
  {
    "question": "At 20°C, a pipe open at both ends resonates at a frequency of 440 hertz. At what frequency does the same pipe resonate on a particularly cold day when the speed of sound is 3 percent lower than it would be at 20°C ?\nChoose the best answer from the following options:\n0. 414 Hz\n1. 427 Hz\n2. 433 Hz\n3. 440 Hz\nAnswer: ",
    "answer": 1
  },
  {
    "question": "A beam of monochromatic light entering a glass window pane from the air will experience a change in\nChoose the best answer from the following options:\n0. frequency and wavelength\n1. frequency and speed\n2. speed and wavelength\n3. speed only\nAnswer: ",
    "answer": 2
  },
  {
    "question": "A stone is thrown horizontally with an initial speed of 30 m/s from a bridge. Find the stone's total speed when it enters the water 4 seconds later, assuming that air resistance is negligible.\nChoose the best answer from the following options:\n0. 30 m/s\n1. 40 m/s\n2. 50 m/s\n3. 60 m/s\nAnswer: ",
    "answer": 2
  },
  {
    "question": "In a certain region, the electric field varies with the radius away from origin by the equation Er = –6r^2 + 4r + 3, where r is given in meters and E in N/C. The potential difference between the origin and the point (3, 4) is\nChoose the best answer from the following options:\n0. –165 V\n1. –120 V\n2. 64 V\n3. 185 V\nAnswer: ",
    "answer": 3
  },
  {
    "question": "A man stands with his hands to his sides on a frictionless platform that is rotating. Which of the following could change the angular momentum of the man-platform system?\nChoose the best answer from the following options:\n0. The man catches a baseball thrown to him by a friend.\n1. The man thrusts his arms out away from his body\n2. The man thrusts his arms out away from his body, and then quickly brings his arms back to his side again.\n3. The man jumps straight up in the air and lands back on the platform.\nAnswer: ",
    "answer": 0
  },
  {
    "question": "A solid, metal object is isolated from other charges and has charge distributed on its surface. The charge distribution is not uniform. It may be correctly concluded that the\nChoose the best answer from the following options:\n0. electric field outside the object is zero\n1. the electric field outside the object is equal to the electric field inside the object\n2. the electric field outside the object is directly proportional to the distance away from the center of mass of the object\n3. the electric field outside the object, but very close to the surface, is equal to the surface charge density at any location divided by the permittivity of free space\nAnswer: ",
    "answer": 3
  },
  {
    "question": "A children’s toy consists of a cart whose very light wheels are attached to a rubber band. This rubber band can wind and unwind around the axle supporting the wheels. This toy is given a shove, after which the toy rolls across a flat surface and up a ramp. It is observed that the toy does not go a consistent distance up the ramp—in some trials it ends up higher than in other trials, even though the shove imparts the same kinetic energy to the cart each time. Which of the following is a reasonable explanation for this phenomenon?\nChoose the best answer from the following options:\n0. Depending on how the rubber band is initially wound, more or less potential energy can be transferred from the rubber band to the kinetic energy of the car’s motion.\n1. The normal force on the cart’s wheels will be different depending on how much the rubber band winds or unwinds.\n2. How much energy is transferred from kinetic energy to gravitational potential energy depends on the vertical height at which the cart ends up.\n3. Some of the cart’s initial kinetic energy will be dissipated due to work done by friction.\nAnswer: ",
    "answer": 0
  },
  {
    "question": "If the force of gravity between the Moon and the Earth were to stop, which statement best describes the resulting motion of the moon?\nChoose the best answer from the following options:\n0. It would continue rotating on its axis, and it would revolve around the Earth as usual.\n1. It would continue rotating on its axis, but it would stop revolving around the Earth.\n2. It would stop rotating on its axis, but it would revolve around the Earth as usual.\n3. It would stop rotating on its axis, and it would stop revolving around the Earth.\nAnswer: ",
    "answer": 1
  },
  {
    "question": "A spring of force constant k is stretched a certain distance. It takes twice as much work to stretch a second spring by half this distance. The force constant of the second spring is\nChoose the best answer from the following options:\n0. k\n1. 2k\n2. 4k\n3. 8k\nAnswer: ",
    "answer": 3
  },
  {
    "question": "A uniform solid disk starts from rest and rolls down an inclined plane without slipping. After some time, what fraction of the disk’s total kinetic energy is rotational kinetic energy?\nChoose the best answer from the following options:\n0. 1/4\n1. 1/3\n2. 1/2\n3. 2/3\nAnswer: ",
    "answer": 1
  },
  {
    "question": "Which of the following types of electromagnetic radiation has the longest wavelength?\nChoose the best answer from the following options:\n0. Gamma rays\n1. Ultraviolet\n2. Blue light\n3. Orange light\nAnswer: ",
    "answer": 3
  },
  {
    "question": "During an isothermal expansion, a confined ideal gas does 150 J of work against its surroundings. Which of the following describes the heat transfer during this process?\nChoose the best answer from the following options:\n0. 150 J of heat was added to the gas.\n1. 150 J of heat was removed from the gas.\n2. 300 J of heat was added to the gas.\n3. 300 J of heat was removed from the gas.\nAnswer: ",
    "answer": 0
  },
  {
    "question": "Two people, one of mass 100 kg and the other of mass 50 kg, stand facing each other on an ice-covered (essentially frictionless) pond. If the heavier person pushes on the lighter one with a force F, then\nChoose the best answer from the following options:\n0. the force felt by the heavier person is (-1/2)F\n1. the force felt by the person is -2F\n2. the magnitude of the acceleration of the lighter person will be half of the magnitude of the acceleration of the heavier person\n3. the magnitude of the acceleration of the lighter person will be twice the magnitude of the acceleration of the heavier person\nAnswer: ",
    "answer": 3
  },
  {
    "question": "Which of the following ions CANNOT be used as a dopant in germanium to make an n-type semiconductor?\nChoose the best answer from the following options:\n0. As\n1. P\n2. Sb\n3. B\nAnswer: ",
    "answer": 3
  },
  {
    "question": "Two charged, massive particles are isolated from all influence except those between the particles. They have charge and mass such that the net force between them is 0 N. Which of the following is NOT true?\nChoose the best answer from the following options:\n0. The particles must have the same sign of charge.\n1. If the distance between the particles changes, the force will no longer be 0 N.\n2. The particles must have the same mass.\n3. Such a situation is impossible as the net force between the two particles cannot be 0.\nAnswer: ",
    "answer": 0
  },
  {
    "question": "A proton enters a solenoid. Upon entry, the proton is moving in a straight line along the axis of the solenoid. Which of the following is a correct description of the proton’s motion within the solenoid?\nChoose the best answer from the following options:\n0. The proton will be bent in a parabolic path.\n1. The proton will be bent in a circular path.\n2. The proton will continue in its straight path at constant velocity.\n3. The proton will continue in its straight path and slow down.\nAnswer: ",
    "answer": 2
  },
  {
    "question": "The plates of a capacitor are charged to a potential difference of 5 V. If the capacitance is 2 mF, what is the charge on the positive plate?\nChoose the best answer from the following options:\n0. 0.005 C\n1. 0.01 C\n2. 0.02 C\n3. 0.5 C\nAnswer: ",
    "answer": 1
  },
  {
    "question": "An electron (mass = m, charge = -E) is rotated with speed V upwards, in the plane of the page, into a region containing a uniform magnetic field B, that is directed into the plane of the page. Describe the electron's subsequent circular motion.\nChoose the best answer from the following options:\n0. Clockwise rotation; radius of path = mv/(eB)\n1. Counterclockwise rotation; radius of path = mv/(eB)\n2. Clockwise rotation; radius of path = eB/(mv)\n3. Counterclockwise rotation; radius of path = eB/(mv)\nAnswer: ",
    "answer": 0
  },
  {
    "question": "A car moving with speed v reaches the foot of an incline of angle θ. The car coasts up the incline without using the engine. Neglecting friction and air resistance, which of the following is correct about the magnitude of the car’s horizontal acceleration ax and vertical acceleration ay?\nChoose the best answer from the following options:\n0. ax = 0; ay < g\n1. ax = 0; ay = g\n2. ax < g; ay < g\n3. ax < g; ay = g\nAnswer: ",
    "answer": 2
  },
  {
    "question": "Protons used in cancer therapy are typically accelerated to about 0.6c. How much work must be done on a particle of mass m in order for it to reach this speed, assuming it starts at rest?\nChoose the best answer from the following options:\n0. 0.25mc^2\n1. 0.60mc^2\n2. 0.67mc^2\n3. 1.25mc^2\nAnswer: ",
    "answer": 0
  },
  {
    "question": "Two simple pendulums A and B consist of identical masses suspended from strings of length L_A and L_B, respectively. The two pendulums oscillate in equal gravitational fields. If the period of pendulum B is twice the period of pendulum A, which of the following is true of the lengths of the two pendulums?\nChoose the best answer from the following options:\n0. L_B = 4L_A\n1. L_B = 2L_A\n2. L_B = L_A\n3. L_B = 1/2 L_A\nAnswer: ",
    "answer": 0
  },
  {
    "question": "A rubber ball (mass = 0.08 kg) is dropped from a height of 3.2 m, and after bouncing off the floor, rises almost to its original height. If the impact time with the floor is measured to be 0.04 s, what average force did the floor exert on the ball?\nChoose the best answer from the following options:\n0. 0.16 N\n1. 0.16 N\n2. 0.32 N\n3. 0.36 N\nAnswer: ",
    "answer": 2
  },
  {
    "question": "The first five harmonics produced by an organ pipe open at both ends are 50 Hz, 100 Hz, 150 Hz, 200 Hz, and 250 Hz. Which of the harmonics, if any, will survive once the pipe is closed at one end?\nChoose the best answer from the following options:\n0. 50 Hz, 150 Hz, and 250 Hz only\n1. 100 Hz and 200 Hz only\n2. 150 Hz and 250 Hz only\n3. None\nAnswer: ",
    "answer": 3
  },
  {
    "question": "A rigid, solid container of constant volume holds an ideal gas of volume v1 and temperature T1 and pressure P1. The temperature is increased in an isochoric process. Which of the following is NOT true?\nChoose the best answer from the following options:\n0. The average speed of the molecules increases.\n1. The pressure increases.\n2. The kinetic energy of the system increases.\n3. The volume increases.\nAnswer: ",
    "answer": 3
  },
  {
    "question": "The mass of the Earth is 5.97 × 10^24 kg. The Moon, whose center is 3.84 × 10^8 m from the Earth’s center, has mass 7.35 × 10^22 kg. Which of the following is the best estimate of the gravitational force of the Earth on the Moon?\nChoose the best answer from the following options:\n0. 10^39 N\n1. 10^29 N\n2. 10^19 N\n3. 10^9 N\nAnswer: ",
    "answer": 2
  },
  {
    "question": "A stone is thrown vertically upward with an initial speed of 5 m/s. What is the velocity of the stone 3 seconds later?\nChoose the best answer from the following options:\n0. 25 m/s, upward\n1. 25 m/s, downward\n2. 35 m/s, upward\n3. 35 m/s, downward\nAnswer: ",
    "answer": 1
  },
  {
    "question": "A rod measures 1.00 m in its rest system. How fast must an observer move parallel to the rod to measure its length to be 0.80 m?\nChoose the best answer from the following options:\n0. 0.50c\n1. 0.60c\n2. 0.70c\n3. 0.80c\nAnswer: ",
    "answer": 1
  },
  {
    "question": "An electric motor has a label on it that reads: Input: 120V AC, 1.0 Amps, 60 Hz - Efficiency - 75%. At what constant speed can the motor lift up a 6 kg mass?\nChoose the best answer from the following options:\n0. 0.5 m/s\n1. 1.0 m/s\n2. 1.5 m/s\n3. 2.0 m/s\nAnswer: ",
    "answer": 2
  },
  {
    "question": "A magnetic field is directed perpendicular to the plane of a circular coil of area 0.2 m^2 and 250 turns. If the magnetic field is increased from 0.01 T to 0.06 T during a time interval of 0.25 s, the average induced EMF in the coil is\nChoose the best answer from the following options:\n0. 0.04 V\n1. 0.1 V\n2. 2.5 V\n3. 10 V\nAnswer: ",
    "answer": 3
  },
  {
    "question": "What happens to the pressure, P, of an ideal gas if the temperature is increased by a factor of 2 and the volume is increased by a factor of 8 ?\nChoose the best answer from the following options:\n0. P decreases by a factor of 16.\n1. P decreases by a factor of 4.\n2. P decreases by a factor of 2.\n3. P increases by a factor of 4.\nAnswer: ",
    "answer": 1
  },
  {
    "question": "A 3-microfarad capacitor is connected in series with a 6-microfarad capacitor. When a 300-volt potential difference is applied across this combination, the total energy stored in the two capacitors is\nChoose the best answer from the following options:\n0. 0.09 J\n1. 0.18 J\n2. 0.27 J\n3. 0.41 J\nAnswer: ",
    "answer": 0
  },
  {
    "question": "Protons used in cancer therapy are typically accelerated to about 0.6c . How much work must be done on a particle of mass m in order for it to reach this speed, assuming it starts at rest?\nChoose the best answer from the following options:\n0. 0.25mc^2\n1. 0.60mc^2\n2. 0.67mc^2\n3. 1.25mc^2\nAnswer: ",
    "answer": 0
  },
  {
    "question": "An alarm whose frequency is 400 Hz is dropped out of a third-floor window. The student who drops it measures the frequency with a very sensitive oscilloscope. The measured frequency\nChoose the best answer from the following options:\n0. appears higher than 400 Hz and the frequency increase as it falls\n1. appears higher than 400 Hz and the frequency decreases as it falls\n2. appears lower than 400 Hz and the frequency decreases as it falls\n3. appears lower than 400 Hz and the frequency increases as it falls\nAnswer: ",
    "answer": 2
  },
  {
    "question": "A person stands on a scale in an elevator. He notices that the scale reading is less than his usual weight. Which of the following could possibly describe the motion of the elevator?\nChoose the best answer from the following options:\n0. It is moving downward and slowing down.\n1. It is moving upward and slowing down.\n2. It is moving upward at a constant speed.\n3. It is moving downward at a constant speed.\nAnswer: ",
    "answer": 1
  },
  {
    "question": "A 1-kg object is released from rest at the top of a rough-surfaced incline. The object slides without rotating to the bottom of the incline. The object’s kinetic energy at the bottom must be\nChoose the best answer from the following options:\n0. Equal to the block’s gravitational potential energy when it was released, because total mechanical energy must be conserved.\n1. Equal to the block’s gravitational potential energy when it was released, because the gain in kinetic energy compensates for the mechanical energy lost to thermal energy on the rough incline.\n2. Less than the block’s gravitational potential energy when it was released, because the gravitational potential energy was converted both to thermal energy and to kinetic energy.\n3. Less than the block’s gravitational potential energy when it was released, because the work done by the friction force must be greater than the block’s gain in kinetic energy.\nAnswer: ",
    "answer": 2
  },
  {
    "question": "The weight of a box on the Earth is 80 N. What is the weight of the box on the moon if the moon has 1/80th the mass and 1/4th the radius of the Earth?\nChoose the best answer from the following options:\n0. 1 N\n1. 10 N\n2. 16 N\n3. 20 N\nAnswer: ",
    "answer": 2
  },
  {
    "question": "Two identical containers are filled with different gases. Container 1 is filled with hydrogen and container 2 is filled with nitrogen. Each container is set on a lab table and allowed to come to thermal equilibrium with the room. Which of the following correctly compares the properties of the two gases?\nChoose the best answer from the following options:\n0. The average kinetic energy of the hydrogen gas is greater than the nitrogen gas.\n1. The average force exerted on the container by the hydrogen gas is greater than the nitrogen gas.\n2. The density of the hydrogen gas is less than the nitrogen gas.\n3. The pressures of the gases cannot be compared without knowing the number of molecules in each container.\nAnswer: ",
    "answer": 3
  },
  {
    "question": "If L, M, and T denote the dimensions of length, mass, and time, respectively, what are the dimensions of impulse?\nChoose the best answer from the following options:\n0. LM/T^3\n1. LM/T^2\n2. LM/T\n3. L^2M/T^2\nAnswer: ",
    "answer": 2
  },
  {
    "question": "A net force F_A acts on object A, and a net force F_B acts on object B. The mass of object B is twice the mass of object A, and the acceleration of object B is twice that of object A. Which of the following is true of forces F_A and F_B?\nChoose the best answer from the following options:\n0. F_B = 1/4 F_A\n1. F_B = 1/2 F_A\n2. F_B = 2F_A\n3. F_B = 4F_A\nAnswer: ",
    "answer": 3
  },
  {
    "question": "An object is placed 10 cm in front of a diverging mirror. What is the focal length of the mirror if the image appears 2 cm behind the mirror?\nChoose the best answer from the following options:\n0. -3/5 cm\n1. -5/3 cm\n2. -2/5 cm\n3. -5/2 cm\nAnswer: ",
    "answer": 3
  },
  {
    "question": "An elevator is rising. In order to determine the tension in the cables pulling it, which values (for the elevator) would you need to know?\nChoose the best answer from the following options:\n0. Mass, velocity, height, and acceleration\n1. Mass, velocity, and acceleration\n2. Mass and velocity\n3. Mass and acceleration\nAnswer: ",
    "answer": 3
  },
  {
    "question": "An object carries a charge of –1 C. How many excess electrons does it contain?\nChoose the best answer from the following options:\n0. 6.25 × 10^18\n1. 8.00 × 10^18\n2. 1.60 × 10^19\n3. 3.20 × 10^19\nAnswer: ",
    "answer": 0
  },
  {
    "question": "The best type of laser with which to do spectroscopy over a range of visible wavelengths is\nChoose the best answer from the following options:\n0. a dye laser\n1. a helium-neon laser\n2. an excimer laser\n3. a ruby laser\nAnswer: ",
    "answer": 0
  },
  {
    "question": "A horizontal spring-block oscillator is in motion when a second block of equal mass falls on top of the oscillating block. If the two blocks stick together, what effect will this have on the amplitude of the oscillations?\nChoose the best answer from the following options:\n0. It will increase the amplitude.\n1. It will decrease the amplitude.\n2. It will have no effect.\n3. It would depend on where the original block was in its cycle when the second block fell.\nAnswer: ",
    "answer": 3
  },
  {
    "question": "A cannon is mounted on a truck that moves forward at a speed of 5 m/s. The operator wants to launch a ball from a cannon so the ball goes as far as possible before hitting the level surface. The muzzle velocity of the cannon is 50 m/s. At what angle from the horizontal should the operator point the cannon?\nChoose the best answer from the following options:\n0. 5°\n1. 41°\n2. 45°\n3. 49°\nAnswer: ",
    "answer": 3
  },
  {
    "question": "Which of the following changes to a circuit will always bring about an increase in the current?\nChoose the best answer from the following options:\n0. Increased voltage and increased resistance\n1. Decreased voltage and decreased resistance\n2. Increased voltage and decreased resistance\n3. Decreased voltage and increased resistance\nAnswer: ",
    "answer": 0
  },
  {
    "question": "A car starts from rest and uniformly accelerates to a final speed of 20.0 m/s in a time of 15.0 s. How far does the car travel during this time?\nChoose the best answer from the following options:\n0. 150 m \n1. 300 m\n2. 450 m\n3. 600 m\nAnswer: ",
    "answer": 0
  },
  {
    "question": "If the absolute temperature of a blackbody is increased by a factor of 3, the energy radiated per second per unit area does which of the following?\nChoose the best answer from the following options:\n0. Decreases by a factor of 81.\n1. Decreases by a factor of 9.\n2. Increases by a factor of 9.\n3. Increases by a factor of 81.\nAnswer: ",
    "answer": 3
  },
  {
    "question": "The charge on an oil drop is measured in the laboratory. Which of the following measurements should be rejected as highly unlikely to be correct?\nChoose the best answer from the following options:\n0. 6.4 × 10^-19 C\n1. 8.0 × 10^-19 C\n2. 4.8 × 10^-19 C\n3. 2.4 × 10^-19 C\nAnswer: ",
    "answer": 3
  },
  {
    "question": "Which of the following statements about images is true?\nChoose the best answer from the following options:\n0. Images produced by concave lenses are always real.\n1. Images produced by concave mirros are always real.\n2. Images produced by convex lenses can be both real and virtual.\n3. Images produced by convex mirrors can be both real and virtual.\nAnswer: ",
    "answer": 2
  },
  {
    "question": "In the diamond structure of elemental carbon, the nearest neighbors of each C atom lie at the corners of a\nChoose the best answer from the following options:\n0. square\n1. hexagon\n2. cube\n3. tetrahedron\nAnswer: ",
    "answer": 3
  },
  {
    "question": "A ball of mass is attached to a string connected to the ceiling, forming a pendulum. When the string is raised to an angle of 50 degrees below the horizontal (the ceiling) and released, the ball swings back and forth with a period of 0.4 s. Which of the following changes to the pendulum would decrease the period of the pendulum?\nChoose the best answer from the following options:\n0. Increasing the mass of the ball\n1. Decreasing the length of the string\n2. Decreasing the angle of the string from the horizontal when released\n3. Decreasing the mass of the ball\nAnswer: ",
    "answer": 1
  },
  {
    "question": "An ideal fluid flows through a pipe with radius Q and flow speed V. If the pipe splits up into three separate paths, each with radius (Q/2), what is the flow speed through each of the paths?\nChoose the best answer from the following options:\n0. 1/3 V\n1. 2/3 V\n2. 4/3 V\n3. 4V\nAnswer: ",
    "answer": 2
  },
  {
    "question": "Mercury orbits the sun in about one-fifth of an Earth year. If 1 AU is defined as the distance from the Earth to the sun, what is the approximate distance between Mercury and the sun?\nChoose the best answer from the following options:\n0. (1/25) AU\n1. (1/9) AU\n2. (1/5) AU\n3. (1/3) AU\nAnswer: ",
    "answer": 3
  },
  {
    "question": "A confined ideal gas undergoes a cyclical process in three steps—an isobaric step, followed by an isochoric step, followed by an isothermal step. Which of the following must be true?\nChoose the best answer from the following options:\n0. The change in internal energy of the gas is equal to the work done during the isobaric step.\n1. The change in internal energy of the gas is equal to the work done during the isobaric step minus the work done during the isothermal step.\n2. The total work done during the cycle is positive.\n3. The total work done during the cycle is equal but opposite to the net amount of heat transferred.\nAnswer: ",
    "answer": 3
  },
  {
    "question": "Assume that the solar flux at Earth’s surface is 1,000 W/m^2 and that the sunlight is normal to a completely reflecting surface with an area of 3 m^2. What is the total radiation force exerted on the surface?\nChoose the best answer from the following options:\n0. 2 x 10^-6 N\n1. 1 x 10^-5 N\n2. 2 x 10^-5 N\n3. 3 N\nAnswer: ",
    "answer": 2
  },
  {
    "question": "Which of the following would increase the capacitance of a parallel-plate capacitor?\nChoose the best answer from the following options:\n0. Using smaller plates\n1. Replacing the dielectric material between the plates with one that has a smaller dielectric constant\n2. Decreasing the voltage between the plates\n3. Moving the plates closer together\nAnswer: ",
    "answer": 3
  },
  {
    "question": "If two non-zero vectors are added together, and the resultant vector is zero, what must be true of the two vectors?\nChoose the best answer from the following options:\n0. They have equal magnitude and are pointed in the same direction.\n1. They have equal magnitude and are pointed in opposite directions.\n2. They have different magnitudes and are pointed in opposite directions.\n3. It is not possible for the sum of two non-zero vectors to be zero.\nAnswer: ",
    "answer": 1
  },
  {
    "question": "A circuit consists of a battery and a light bulb. At first, the circuit is disconnected. Then, the circuit is connected, and the light bulb lights. After the light bulb has been lit for a few moments, how has the net charge residing on the circuit elements changed?\nChoose the best answer from the following options:\n0. The net charge has become more positive.\n1. The net charge has become more negative.\n2. The net charge has not changed.\n3. Whether the net charge becomes more positive or more negative depends on the initial net charge residing on the circuit elements before the bulb was lit.\nAnswer: ",
    "answer": 2
  },
  {
    "question": "A 10 kg box slides horizontally without friction at a speed of 1 m/s. At one point, a constant force is applied to the box in the direction of its motion. The box travels 5 m with the constant force applied. The force is then removed, leaving the box with a speed of 2 m/s. Which of the following gives the magnitude of the applied force?\nChoose the best answer from the following options:\n0. 1 N\n1. 2 N\n2. 3 N\n3. 4 N\nAnswer: ",
    "answer": 2
  },
  {
    "question": "A wooden block experiences a frictional force, f, as it slides across a table. If a block of the same material with half the height and twice the length were to slide across the table, what would be the frictional force it experienced?\nChoose the best answer from the following options:\n0. (1/2)f\n1. f\n2. 2f\n3. 4f\nAnswer: ",
    "answer": 1
  },
  {
    "question": "Above an infinitely large plane carrying charge density σ, the electric field points up and is equal to σ/2εo. What is the magnitude and direction of the electric field below the plane?\nChoose the best answer from the following options:\n0. σ/2εo, down\n1. σ/2εo, up\n2. σ/εo, down\n3. σ/εo, up\nAnswer: ",
    "answer": 0
  },
  {
    "question": "Traveling at an initial speed of 1.5 × 10^6 m/s, a proton enters a region of constant magnetic field of magnitude 1.5 T. If the proton's initial velocity vector makes an angle of 30° with the magnetic field, compute the proton's speed 4 s after entering the magnetic field.\nChoose the best answer from the following options:\n0. 5.0 × 10^6 m/s\n1. 7.5 × 10^6 m/s\n2. 1.5 × 10^6 m/s\n3. 3.0 × 10^6 m/s\nAnswer: ",
    "answer": 2
  },
  {
    "question": "A whiffle ball is tossed straight up, reaches a highest point, and falls back down. Air resistance is not negligible. Which of the following statements are true?\nI. The ball’s speed is zero at the highest point.\nII. The ball’s acceleration is zero at the highest point.\nIII. The ball takes a longer time to travel up to the highest point than to fall back down.\nChoose the best answer from the following options:\n0. I only\n1. II only\n2. I & II only\n3. I & III only\nAnswer: ",
    "answer": 2
  },
  {
    "question": "An object of mass m1 experiences a linear, elastic collision with a stationary object of unknown mass. In addition to m1, what is the minimum necessary information that would allow you to determine the mass of the second object?\nChoose the best answer from the following options:\n0. The final speed of object 1\n1. The initial speed of object 1\n2. The final speed of object 2\n3. Any 2 of the above values\nAnswer: ",
    "answer": 3
  },
  {
    "question": "The sign of the charge carriers in a doped semiconductor can be deduced by measuring which of the following properties?\nChoose the best answer from the following options:\n0. Magnetic susceptibility\n1. Hall coefficient\n2. Electrical resistivity\n3. Thermal conductivity\nAnswer: ",
    "answer": 1
  },
  {
    "question": "The Space Shuttle orbits 300 km above Earth’s surface; Earth’s radius is 6,400 km. What is the gravitational acceleration experienced by the Space Shuttle?\nChoose the best answer from the following options:\n0. Zero\n1. 4.9 m/s^2\n2. 9.8 m/s^2\n3. 8.9 m/s^2\nAnswer: ",
    "answer": 3
  },
  {
    "question": "An airplane drops a payload while traveling due north, parallel to the ground, at a constant speed of 100 m/s. If air resistance is neglected, what is the velocity of the payload relative to the plane 4.0 s after it is released?\nChoose the best answer from the following options:\n0. 0\n1. 40 m/s down\n2. 80 m/s down\n3. 100 m/s north and 40 m/s down\nAnswer: ",
    "answer": 1
  },
  {
    "question": "In an experiment designed to study the photoelectric effect, it is observed that low-intensity visible light of wavelength 550 nm produced no photoelectrons. Which of the following best describes what would occur if the intensity of this light were increased dramatically?\nChoose the best answer from the following options:\n0. Almost immediately, photoelectrons would be produced with a kinetic energy equal to the energy of the incident photons.\n1. Almost immediately, photoelectrons would be produced with a kinetic energy equal to the energy of the incident photons minus the work function of the metal.\n2. After several seconds, necessary for the electrons to absorb sufficient energy from the incident light, photoelectrons would be produced with a kinetic energy equal to the energy of the incident photons minus the work function of the metal.\n3. Nothing would happen.\nAnswer: ",
    "answer": 3
  },
  {
    "question": "A horse is attached to a cart that is at rest behind it. Which force, or combination of forces, explains how the horse-cart system can accelerate from rest?\nChoose the best answer from the following options:\n0. The forward static friction force of the ground on the horse is greater than any friction forces acting backward on the cart, providing a forward acceleration.\n1. The forward force of the horse on the cart is greater than the backward force of the cart on the horse, providing a forward acceleration.\n2. The force of the horse’s muscles on the rest of the horse-cart system provides the necessary acceleration.\n3. The upward normal force of the ground on the horse is greater than the horse’s weight, providing an upward acceleration.\nAnswer: ",
    "answer": 0
  },
  {
    "question": "An electric dipole consists of a pair of equal but opposite point charges of magnitude 4.0 nC separated by a distance of 2.0 cm. What is the electric field strength at the point midway between the charges?\nChoose the best answer from the following options:\n0. 0\n1. 9.0 × 10^4 V/m\n2. 1.8 × 10^5 V/m\n3. 7.2 × 10^5 V/m\nAnswer: ",
    "answer": 3
  },
  {
    "question": "A uniform solid disk starts from rest and rolls down an inclined plane without slipping. After some time, what fraction of the disk’s total kinetic energy is rotational kinetic energy?\nChoose the best answer from the following options:\n0. 1/4\n1. 1/3\n2. 1/2\n3. 2/3\nAnswer: ",
    "answer": 1
  },
  {
    "question": "The emission spectrum of the doubly ionized lithium atom Li++ (Z = 3, A = 7) is identical to that of a hydrogen atom in which all the wavelengths are\nChoose the best answer from the following options:\n0. decreased by a factor of 9\n1. decreased by a factor of 49\n2. decreased by a factor of 81\n3. increased by a factor of 9\nAnswer: ",
    "answer": 0
  },
  {
    "question": "The speed of light inside of a nonmagnetic dielectric material with a dielectric constant of 4.0 is\nChoose the best answer from the following options:\n0. 1.2 x 10^9 m/s\n1. 3.0 x 10^8 m/s\n2. 1.5 x 10^8 m/s\n3. 1.0 x 10^8 m/s\nAnswer: ",
    "answer": 2
  },
  {
    "question": "The position of an object is given by the equations x = 2.0t^3 + 4.0t + 6.25, where x is in meters and t is in seconds. What is the acceleration of the object at t = 1.50 s?\nChoose the best answer from the following options:\n0. 6 m/s^2\n1. 12 m/s^2\n2. 18 m/s^2\n3. 24 m/s^2\nAnswer: ",
    "answer": 2
  },
  {
    "question": "A man stands in an elevator as it begins to ascend. Does the normal force from the floor do work on the man?\nChoose the best answer from the following options:\n0. Yes, and the work done will be positive.\n1. Yes, and the work done will be negative.\n2. Yes, but the sign can’t be determined.\n3. No.\nAnswer: ",
    "answer": 0
  },
  {
    "question": "An atom has filled n = 1 and n = 2 levels. How many electrons does the atom have?\nChoose the best answer from the following options:\n0. 2\n1. 4\n2. 6\n3. 10\nAnswer: ",
    "answer": 3
  },
  {
    "question": "A magnetic field is directed perpendicular to the plane of a circular coil of area 0.2 m^2 and 250 turns. If the magnetic field is increased from 0.01 T to 0.06 T during a time interval of 0.25 s, the average induced EMF in the coil is\nChoose the best answer from the following options:\n0. 0.04 V\n1. 0.1 V\n2. 2.5 V\n3. 10 V\nAnswer: ",
    "answer": 3
  },
  {
    "question": "At the present time, the temperature of the universe (i.e., the microwave radiation background) is about 3 K. When the temperature was 12 K, typical objects in the universe, such as galaxies, were\nChoose the best answer from the following options:\n0. one-quarter as distant as they are today\n1. one-half as distant as they are today\n2. separated by about the same distances as they are today\n3. two times as distant as they are today\nAnswer: ",
    "answer": 0
  },
  {
    "question": "An object is released from rest and falls a distance h during the first second of time. How far will it fall during the next second of time?\nChoose the best answer from the following options:\n0. h\n1. 2h\n2. 3h\n3. 4h\nAnswer: ",
    "answer": 2
  },
  {
    "question": "A car rounds a banked curve of uniform radius. Three forces act on the car: a friction force between the tires and the road, the normal force from the road, and the weight of the car. Which provides the centripetal force which keeps the car in circular motion?\nChoose the best answer from the following options:\n0. the friction force alone\n1. the normal force alone\n2. the weight alone\n3. a combination of the normal force and the friction force\nAnswer: ",
    "answer": 3
  },
  {
    "question": "An observer O at rest midway between two sources of light at x = 0 and x = 10 m observes the two sources to flash simultaneously. According to a second observer O', moving at a constant speed parallel to the x-axis, one source of light flashes 13 ns before the other. Which of the following gives the speed of O' relative to O?\nChoose the best answer from the following options:\n0. 0.13c\n1. 0.15c\n2. 0.36c\n3. 0.53c\nAnswer: ",
    "answer": 2
  },
  {
    "question": "Which of the following is NOT equal to one tesla?\nChoose the best answer from the following options:\n0. 1 J/(A*m^2)\n1. 1 kg/(C*s)\n2. 1 N/(A*m)\n3. 1 A*N/V\nAnswer: ",
    "answer": 3
  },
  {
    "question": "The suspension cable of a 1,000 kg elevator snaps, sending the elevator moving downward through its shaft. The emergency brakes of the elevator stop the elevator shortly before it reaches the bottom of the shaft. If the elevator fell a distance of 100 m starting from rest, the heat that the brakes must dissipate to bring the elevator safely to rest is\nChoose the best answer from the following options:\n0. 100 J\n1. 1,000 J\n2. 10,000 J\n3. 1,000,000 J\nAnswer: ",
    "answer": 3
  },
  {
    "question": "A particle's kinetic energy is changing at a rate of –6.0 J/s when its speed is 3.0 m/s. What is the magnitude of the force on the particle at this moment?\nChoose the best answer from the following options:\n0. 0.5 N\n1. 2.0 N\n2. 4.5 N\n3. 9.0 N\nAnswer: ",
    "answer": 1
  },
  {
    "question": "Which of the following changes to a double-slit interference experiment would increase the widths of the fringes in the interference pattern that appears on the screen?\nChoose the best answer from the following options:\n0. Use light of a shorter wavelength.\n1. Move the screen closer to the slits.\n2. Move the slits closer together.\n3. Use light with a lower wave speed.\nAnswer: ",
    "answer": 2
  },
  {
    "question": "A beam of monochromatic light entering a glass window pane from the air will experience a change in\nChoose the best answer from the following options:\n0. frequency and wavelength\n1. speed and wavelength\n2. speed only\n3. wavelength only\nAnswer: ",
    "answer": 1
  },
  {
    "question": "Traveling at an initial speed of 1.5 × 10^6 m/s, a proton enters a region of constant magnetic field, B, of magnitude 1.0 T. If the proton's initial velocity vector makes an angle of 30° with the direction of B, compute the proton's speed 4 s after entering the magnetic field.\nChoose the best answer from the following options:\n0. 5.0 × 10^5 m/s\n1. 7.5 × 10^5 m/s\n2. 1.5 × 10^6 m/s\n3. 3.0 × 10^6 m/s\nAnswer: ",
    "answer": 2
  },
  {
    "question": "A very slow-moving positron interacts with a stationary electron. Which of the following statements correctly describes a possible outcome of this reaction and why it would occur?\nChoose the best answer from the following options:\n0. Conservation of mass indicates that if a single new particle were created in the reaction, it must have a total mass equal to the combined masses of the electron and positron.\n1. Conservation of charge indicates that all new particles created in the reaction would have no electric charge.\n2. Conservation of momentum indicates that two identical gamma rays moving off in opposite directions could be created.\n3. Conservation of energy indicates that the antimatter positron could annihilate into energy, leaving the stationary electron behind.\nAnswer: ",
    "answer": 2
  },
  {
    "question": "Characteristic X rays, appearing as sharp lines on a continuous background, are produced when high-energy electrons bombard a metal target. Which of the following processes results in the characteristic X rays?\nChoose the best answer from the following options:\n0. Electrons producing Čerenkov radiation\n1. Electrons colliding with phonons in the metal\n2. Electrons filling inner shell vacancies that are created in the metal atoms\n3. Electrons combining with protons to form neutrons\nAnswer: ",
    "answer": 2
  },
  {
    "question": "A student makes 10 one-second measurements of the disintegration of a sample of a long-lived radioactive isotope and obtains the following values: 3, 0, 2, 1, 2, 4, 0, 1, 2, 5. How long should the student count to establish the rate to an uncertainty of 1 percent?\nChoose the best answer from the following options:\n0. 80 s\n1. 160 s\n2. 2,000 s\n3. 5,000 s\nAnswer: ",
    "answer": 3
  },
  {
    "question": "A spherical charge distribution varies with the radius r by the equation ρ = ar, where ρ is the volume charge density and a is a positive constant. The distribution goes out to a radius R. Which of the following is true of the electric field strength due to this charge distribution at a distance r from the center?\nChoose the best answer from the following options:\n0. It increases as r approaches infinity.\n1. It decreases linearly for r > R.\n2. It increases linearly for r > R.\n3. It increases non-linearly for r < R.\nAnswer: ",
    "answer": 3
  },
  {
    "question": "The Gravitron is a carnival ride that looks like a large cylinder. People stand inside the cylinder against the wall as it begins to spin. Eventually, it is rotating fast enough that the floor can be removed without anyone falling. Given then the coefficient of friction between a person’s clothing and the wall is μ, the tangential speed is v, and the radius of the ride is R, what is greatest mass that a person can be to safely go on this ride?\nChoose the best answer from the following options:\n0. μv^2/(rg)\n1. r^2v^2/(μg)\n2. rg/(μv^2)\n3. None of the above.\nAnswer: ",
    "answer": 3
  },
  {
    "question": "Two spheres of net charge +5e and -6e briefly come into contact. Afterward, which of the following is a possible combination of net charges for the two spheres?\nChoose the best answer from the following options:\n0. +3e and -4e\n1. +1.5e and -2.5e\n2. Both of the above\n3. None of the above\nAnswer: ",
    "answer": 0
  },
  {
    "question": "A girl of mass m and a boy of mass 2m are sitting on opposite sides of a see-saw with its fulcrum in the center. Right now, the boy and girl are equally far from the fulcrum, and it tilts in favor of the boy. Which of the following would NOT be a possible method to balance the see-saw?\nChoose the best answer from the following options:\n0. Move the boy to half his original distance from the fulcrum.\n1. Move the girl to double her original distance from the fulcrum.\n2. Allow a second girl of mass m to join the first.\n3. Move the fulcrum to half its original distance from the boy.\nAnswer: ",
    "answer": 3
  },
  {
    "question": "A particle of mass m and charge Q and velocity V is directed toward a uniform electric field of strength E and travels a distance d. How far does the particle travel if the original velocity is doubled and the mass is cut in half?\nChoose the best answer from the following options:\n0. 4d\n1. 2d\n2. d\n3. 1/2d\nAnswer: ",
    "answer": 1
  },
  {
    "question": "A disk of radius 0.1 m initially at rest undergoes an angular acceleration of 2.0 rad/s^2. If the disk only rotates, find the total distance traveled by a point on the rim of the disk in 4.0 s.\nChoose the best answer from the following options:\n0. 0.4 m\n1. 0.8 m\n2. 1.2 m\n3. 1.6 m\nAnswer: ",
    "answer": 3
  },
  {
    "question": "An organ pipe, closed at one end and open at the other, is designed to have a fundamental frequency of C (131 Hz). What is the frequency of the next higher harmonic for this pipe?\nChoose the best answer from the following options:\n0. 44 Hz\n1. 196 Hz\n2. 262 Hz\n3. 393 Hz\nAnswer: ",
    "answer": 3
  },
  {
    "question": "A person standing on a horizontal floor is acted upon by two forces: the downward pull of gravity and the upward normal force of the floor. These two forces\nChoose the best answer from the following options:\n0. have equal magnitudes and form an action-reaction pair\n1. have equal magnitudes and do not form an action-reaction pair\n2. have unequal magnitudes and form an action-reaction pair\n3. have unequal magnitudes and do not form an action-reaction pair\nAnswer: ",
    "answer": 1
  },
  {
    "question": "One end of a horizontal, massless spring is attached to a wall. A mass of 0.30 kg is attached to the other end of the spring and rests on a table. The mass is displaced 0.030 m from its equilibrium position and released. It has a speed of 0.040 m/s as it passes through its equilibrium position. In the absence of friction, what is the total mechanical energy of the system?\nChoose the best answer from the following options:\n0. 0.24 mJ\n1. 0.38 mJ\n2. 0.48 mJ\n3. 0.75 mJ\nAnswer: ",
    "answer": 0
  },
  {
    "question": "Two students perform an experiment in which they drop a ball from rest from a known height above the ground and measure the speed of the ball just before it strikes the ground. From repeated measurement, the students estimate the uncertainty in the measured speed of the ball to be 10 percent. Which of the following gives the uncertainty in the kinetic energy of the ball? (Assume the uncertainty in the ball’s mass is negligibly small.)\nChoose the best answer from the following options:\n0. 5%\n1. 10%\n2. 15%\n3. 20%\nAnswer: ",
    "answer": 3
  },
  {
    "question": "The Space Shuttle orbits 300 km above the Earth’s surface; the Earth’s radius is 6400 km. What is the acceleration due to Earth’s gravity experienced by the Space Shuttle?\nChoose the best answer from the following options:\n0. 4.9 m/s^2\n1. 8.9 m/s^2\n2. 9.8 m/s^2\n3. 10.8 m/s^2\nAnswer: ",
    "answer": 1
  },
  {
    "question": "A gas cell with an optical path length of 10 cm is placed in one arm of a Michelson interferometer. If the light source for the interferometer is a laser with wavelength 632.2 nm, then 100 fringes are counted as the gas cell is evacuated. What is the index of refraction of the original gas?\nChoose the best answer from the following options:\n0. 1.00063\n1. 1.00032\n2. 1.00016\n3. 0.99968\nAnswer: ",
    "answer": 1
  },
  {
    "question": "The rest mass of a particle with total energy 5.0 GeV and momentum 4.9 GeV/c is approximately\nChoose the best answer from the following options:\n0. 0.1 GeV/c^2\n1. 0.2 GeV/c^2\n2. 0.5 GeV/c^2\n3. 1.0 GeV/c^2\nAnswer: ",
    "answer": 3
  },
  {
    "question": "Experimenter A uses a very small test charge qo, and experimenter B uses a test charge 2qo to measure an electric field produced by two parallel plates. A finds a field that is\nChoose the best answer from the following options:\n0. greater than the field found by B\n1. the same as the field found by B\n2. less than the field found by B\n3. either greater or less than the field found by B, depending on the accelerations of the test charges\nAnswer: ",
    "answer": 1
  },
  {
    "question": "An object is thrown horizontally from the open window of a building. If the initial speed of the object is 20 m/s and it hits the ground 2.0 s later, from what height was it thrown? (Neglect air resistance and assume the ground is level.)\nChoose the best answer from the following options:\n0. 4.9 m\n1. 9.8 m\n2. 10.0 m\n3. 19.6 m\nAnswer: ",
    "answer": 3
  },
  {
    "question": "Unpolarized light is incident on a pair of ideal linear polarizers whose transmission axes make an angle of 45q with each other. The transmitted light intensity through both polarizers is what percentage of the incident intensity?\nChoose the best answer from the following options:\n0. 100%\n1. 75%\n2. 50%\n3. 25%\nAnswer: ",
    "answer": 3
  }
]