{
    "0": {
        "question": "What is the NMR frequency of 31P in a 20.0 T magnetic field?\nChoose the best answer from the following options:\n0. 54.91 MHz\n1. 239.2 MHz\n2. 345.0 MHz\n3. 2167 MHz\nAnswer: 2\n\nA 50.0 mL sample of 0.0025 M HBr is mixed with 50.0 mL of 0.0023 M KOH. What is the pH of the resulting mixture?\nChoose the best answer from the following options:\n0. 1\n1. 4\n2. 5\n3. 11\nAnswer: 1\n\nA solution is prepared by dissolving 30.0 grams of Ni(NO3)2 in enough water to make 250 mL of solution. What is the molarity of this solution?\nChoose the best answer from the following options:\n0. 0.496 molar\n1. 0.656 mol/L\n2. 3.3 molar\n3. 6.3 \u00d7 10^-3 molar\nAnswer: 1\n\nCalculate the equilibrium polarization of 13C nuclei in a 20.0 T magnetic field at 300 K.\nChoose the best answer from the following options:\n0. 10.8 x 10^-5\n1. 4.11 x 10^-5\n2. 3.43 x 10^-5\n3. 1.71 x 10^-5\nAnswer: ",
        "answer": 3
    },
    "1": {
        "question": "Which of the following is the correct order of increasing acid strength?\nChoose the best answer from the following options:\n0. H2SeO3 < H2SO3 < HClO < HBrO\n1. HClO < H2SeO3 < HBrO < H2SO3\n2. HBrO < HClO < H2SeO3 < H2SO3\n3. H2SO3 < H2SeO3 < HClO < HBrO\nAnswer: 2\n\nTo prepare a buffer, all of the following are needed except\nChoose the best answer from the following options:\n0. an acid with a pKa close to the desired pH\n1. a conjugate acid along with its conjugate base\n2. a buffer capacity sufficient to react with added acid or base\n3. triple-distilled water\nAnswer: 3\n\nWhat is the magnetic moment of 205Tl?\nChoose the best answer from the following options:\n0. [\u0263 (205TI = 1.569 x 108 T-1 s-1, I = \u00bd]\n1. 0.717 x 10^-26 J T-1\n2. 0.827 x 10^-26 J T-1\n3. 1.433 x 10^-26 J T-1\nAnswer: 2\n\nElements with partially filled 4f or 5f orbitals include all of the following EXCEPT\nChoose the best answer from the following options:\n0. Cu\n1. Gd\n2. Eu\n3. Am\nAnswer: ",
        "answer": 0
    },
    "2": {
        "question": "What is the maximum value of the z-component of the spin angular momentum of 43Ca? [I = 7\u20442]\nChoose the best answer from the following options:\n0. 3.691 x 10^-34 J s\n1. 4.185 x 10^-34 J s\n2. 5.493 x 10^-34 J s\n3. 8.370 x 10^-34 J s\nAnswer: 0\n\nA sample of a compound known to consist of only carbon, hydrogen, and oxygen is found to have a total mass of 29.05 g. If the mass of the carbon is 18.02 g and the mass of the hydrogen is 3.03 g, what is the empirical formula of the compound?\nChoose the best answer from the following options:\n0. C2H4O\n1. C3H6O\n2. C2H6O3\n3. C3H8O2\nAnswer: 1\n\nPotassium-40 is a minor isotope found in naturally occurring potassium. It is radioactive and can be detected on simple radiation counters. How many protons, neutrons, and electrons does potassium-40 have when it is part of K2SO4?\nChoose the best answer from the following options:\n0. 21 neutrons, 19 protons, 18 electrons\n1. 20 neutrons, 19 protons, 19 electrons\n2. 21 neutrons, 19 protons, 19 electrons\n3. 19 neutrons, 19 protons, 19 electrons\nAnswer: 0\n\nNitronyl nitroxides are stable radicals in which the unpaired electron is coupled to two equivalent nitrogen nuclei. How many lines will appear in the EPR spectrum of a solution of a rigid nitronyl nitroxide diradical with J >> a?\nChoose the best answer from the following options:\n0. 3 lines\n1. 9 lines\n2. 5 lines\n3. 7 lines\nAnswer: ",
        "answer": 3
    },
    "3": {
        "question": "Iron(III) hydroxide has Ksp = 1.6 \u00d7 10^-39. What is the molar solubility of this compound?\nChoose the best answer from the following options:\n0. 8.8 \u00d7 10^-11 M\n1. 2.0 \u00d7 10^-10 M\n2. 7.4 \u00d7 10^-14 mol/L\n3. 9.4 \u00d7 10^-6 mol/L\nAnswer: 0\n\n0.0025 mol of a weak, monoprotic acid is dissolved in 0.250 L of distilled water. The pH was then measured as 4.26. What is the pKa of this weak acid?\nChoose the best answer from the following options:\n0. 4.26\n1. 8.52\n2. 7.92\n3. 6.52\nAnswer: 3\n\nWhich of the following statements most accurately explains why the 1H spectrum of 12CHCl3 is a singlet?\nChoose the best answer from the following options:\n0. Both 35Cl and 37Cl have I = 0.\n1. The hydrogen atom undergoes rapid intermolecular exchange.\n2. The molecule is not rigid.\n3. Both 35Cl and 37Cl have electric quadrupole moments.\nAnswer: 3\n\nWhat is the limiting high-temperature molar heat capacity at constant volume (C_V) of a gas-phase diatomic molecule?\nChoose the best answer from the following options:\n0. 1.5R\n1. 2R\n2. 2.5R\n3. 3.5R\nAnswer: ",
        "answer": 3
    },
    "4": {
        "question": "A sample of a compound known to consist of only carbon, hydrogen, and oxygen is found to have a total mass of 29.05 g. If the mass of the carbon is 18.02 g and the mass of the hydrogen is 3.03 g, what is the empirical formula of the compound?\nChoose the best answer from the following options:\n0. C2H4O\n1. C3H6O\n2. C2H6O3\n3. C3H8O2\nAnswer: 1\n\nCalculate the spin angular momentum of 43Ca. [I = 7\u20442]\nChoose the best answer from the following options:\n0. 2.166 x 10^-34 J s\n1. 3.691 x 10^-34 J s\n2. 4.185 x 10^-34 J s\n3. 5.493 x 10^-34 J s\nAnswer: 2\n\nWhich of the following is expected to have the highest electronegativity?\nChoose the best answer from the following options:\n0. S\n1. Fe\n2. W\n3. Ag\nAnswer: 0\n\nThe 13C chemical shifts of benzene and chloroform are 128.4 ppm and 77.2 ppm respectively. What is the difference in the 13C NMR frequencies of the two compounds on a 600 MHz spectrometer?\nChoose the best answer from the following options:\n0. 7.73 kHz\n1. 30.7 kHz\n2. 91.6 kHz\n3. 122 kHz\nAnswer: ",
        "answer": 0
    },
    "5": {
        "question": "What is the orbital angular momentum quantum number, l, of the electron that is most easily removed when ground-state aluminum is ionized?\nChoose the best answer from the following options:\n0. 3\n1. 2\n2. 1\n3. 0\nAnswer: 2\n\nA 50.0 mL sample of 0.0025 M HBr is mixed with 50.0 mL of 0.0023 M KOH. What is the pH of the resulting mixture?\nChoose the best answer from the following options:\n0. 1\n1. 4\n2. 5\n3. 11\nAnswer: 1\n\nFluorine has a normal boiling point of 85 K, and chlorine boils at 239 K. The Cl2 molecule is much larger than F2 (atomic radius is 99 pm for chlorine and is 64 pm for fluorine). Which is the best reason for the large difference in boiling points?\nChoose the best answer from the following options:\n0. Chlorine has a higher dipole moment than fluorine.\n1. The intramolecular bonds in Cl2 are much weaker than those in F2.\n2. The Cl2 electron clouds are much more polarizable than the F2 electron clouds, resulting in much stronger London forces.\n3. The mass of chlorine is much greater than the mass of fluorine.\nAnswer: 2\n\nWhich of the following experimental observations were explained by Planck\u2019s quantum theory?\nChoose the best answer from the following options:\n0. Blackbody radiation curves\n1. Emission spectra of diatomic molecules\n2. Electron diffraction patterns\n3. Temperature dependence of reaction rates\nAnswer: ",
        "answer": 0
    },
    "6": {
        "question": "Calculate the spin angular momentum of 43Ca. [I = 7\u20442]\nChoose the best answer from the following options:\n0. 2.166 x 10^-34 J s\n1. 3.691 x 10^-34 J s\n2. 4.185 x 10^-34 J s\n3. 5.493 x 10^-34 J s\nAnswer: 2\n\nHelium effuses through a pinhole 5.33 times faster than an unknown gas. That gas is most likely\nChoose the best answer from the following options:\n0. CO2\n1. CH4\n2. C5H12\n3. C8H18\nAnswer: 3\n\nWhich of the following should be named using Roman numerals after the cation?\nChoose the best answer from the following options:\n0. CaCl2\n1. CuCl2\n2. AlBr3\n3. K2Cr2O7\nAnswer: 1\n\nThe rate, r, of a zero-order chemical reaction A \u2192 B can be expressed as which of the following?\nChoose the best answer from the following options:\n0. r = k ln[A]\n1. r = k [A]^2\n2. r = k [A]\n3. r = k\nAnswer: ",
        "answer": 3
    },
    "7": {
        "question": "S(s) + O2(g) \u2192 SO2(g)\nChoose the best answer from the following options:\n0. one atom of S reacts with one molecule of O2 to yield one molecule of SO2\n1. one mole of sulfur atoms reacts with one mole of oxygen molecules to yield one mole of sulfur dioxide molecules\n2. this reaction goes to completion\n3. adding S(s) will change the equilibrium constant\nAnswer: 3\n\nChlorofluorocarbons (CFCs) such as F3CCCl3 are implicated in the decomposition of stratospheric ozone. Which of the following methods would be best suited to measurement of trace amounts (sub-ppb) of CFCs in an air sample?\nChoose the best answer from the following options:\n0. Gas chromatographic separation of the air sample on a capillary column followed by electron capture detection\n1. Gas chromatographic separation of the air sample on a packed column followed by thermal conductivity detection\n2. Gas chromatographic separation of the air sample on a capillary column followed by flame ionization detection\n3. Conversion of the sample of the chlorinated compounds to chloride ions, followed by titration with Ag+\nAnswer: 0\n\nThe functional group that represents an organic acid is written as (Note: R represents the rest of the molecule)\nChoose the best answer from the following options:\n0. RCHO\n1. ROH\n2. RCOOH\n3. RCl\nAnswer: 2\n\nThe solid-state structures of the principal allotropes of elemental boron are made up of which of the following structural units?\nChoose the best answer from the following options:\n0. B12 icosahedra\n1. B8 cubes\n2. B6 octahedra\n3. B4 tetrahedra\nAnswer: ",
        "answer": 0
    },
    "8": {
        "question": "Nitronyl nitroxides are stable radicals in which the unpaired electron is coupled to two equivalent nitrogen nuclei. How many lines will appear in the EPR spectrum of a solution of a rigid nitronyl nitroxide diradical with J >> a?\nChoose the best answer from the following options:\n0. 3 lines\n1. 9 lines\n2. 5 lines\n3. 7 lines\nAnswer: 3\n\nIf 1.0 g of rubidium and 1.0 g of bromine are reacted, what will be left in measurable amounts (more than 0.10 mg) in the reaction vessel?\nChoose the best answer from the following options:\n0. RbBr only\n1. RbBr and Rb only\n2. RbBr and Br2 only\n3. RbBr, Rb, and Br2\nAnswer: 2\n\nThe specific rate constant, k, for a certain first-order reaction is 86 h^-1. What mass of a 0.0500 g sample of starting material will remain after 58 s?\nChoose the best answer from the following options:\n0. 0.0500 g\n1. 0.0250 g\n2. 0.0125 g\n3. 0.00625 g\nAnswer: 2\n\nWhich one of the following statements is true:\nChoose the best answer from the following options:\n0. Protons and neutrons have orbital and spin angular momentum.\n1. Protons have orbital and spin angular momentum, neutrons have spin angular momentum.\n2. Protons and neutrons possess orbital angular momentum only.\n3. Protons and neutrons possess spin angular momentum only.\nAnswer: ",
        "answer": 2
    },
    "9": {
        "question": "Which of the following is classified as a conjugate acid-base pair?\nChoose the best answer from the following options:\n0. HCl / NaOH\n1. H3O+ / H2O\n2. O2 / H2O\n3. H+ / Cl\u2212\nAnswer: 1\n\nEach resonance form of the nitrate ion, NO3-, has how many sigma and how many pi bonds?\nChoose the best answer from the following options:\n0. 1 sigma and 2 pi\n1. 2 sigma and 1 pi\n2. 1 sigma and 1 pi\n3. 3 sigma and 1 pi\nAnswer: 3\n\nA 2.35-gram sample was dissolved in water, and the chloride ions were precipitated by adding silver nitrate (Ag+ + Cl- \u2192 AgCl). If 0.435 g of precipitate was obtained, what is the percentage of chlorine in the sample?\nChoose the best answer from the following options:\n0. 10.80%\n1. 4.60%\n2. 43.50%\n3. 18%\nAnswer: 1\n\nWhat is the strength (B1) of a 13C 90\u00b0 pulse of duration 1 \u03bcs?\nChoose the best answer from the following options:\n0. 3.72 mT\n1. 5.18 mT\n2. 17.0 mT\n3. 23.3 mT\nAnswer: ",
        "answer": 1
    },
    "10": {
        "question": "In acid solution the bromate ion, BrO3- can react with other substances, resulting in Br2. Balance the half-reaction for bromate ions forming bromine. The balanced half-reaction has\nChoose the best answer from the following options:\n0. 6 electrons on the left\n1. 6 electrons on the right\n2. 3 electrons on the left\n3. 10 electrons on the left\nAnswer: 3\n\nEstimate the \u03b2-hyperfine value for the cyclobutyl radical (C4H7\u2022) assuming the radical is flat and the HCH angle is 115\u00b0.\nChoose the best answer from the following options:\n0. 4.6 mT\n1. 27 G\n2. 5.4 mT\n3. 3.8 mT\nAnswer: 0\n\nThe oxidation number of chlorine in the perchlorate ion, ClO4\u2013, is\nChoose the best answer from the following options:\n0. 2\n1. -3\n2. -1\n3. 7\nAnswer: 3\n\nAll proteins absorb electromagnetic radiation of wavelength around 190 nm, which corresponds to a \u03c0 \u2192 \u03c0* excitation in the protein molecule. In which region of the spectrum is this wavelength found?\nChoose the best answer from the following options:\n0. X-ray\n1. Ultraviolet\n2. Visible\n3. Infrared\nAnswer: ",
        "answer": 1
    },
    "11": {
        "question": "S(s) + O2(g) \u2192 SO2(g)\nChoose the best answer from the following options:\n0. one atom of S reacts with one molecule of O2 to yield one molecule of SO2\n1. one mole of sulfur atoms reacts with one mole of oxygen molecules to yield one mole of sulfur dioxide molecules\n2. this reaction goes to completion\n3. adding S(s) will change the equilibrium constant\nAnswer: 3\n\nPredict the number of lines in the EPR spectrum of a solution of dimethylnitroxide (CH3)2NO\u2022 assuming the lines do not overlap.\nChoose the best answer from the following options:\n0. 21\n1. 3\n2. 7\n3. 24\nAnswer: 1\n\nFluorine has a normal boiling point of 85 K, and chlorine boils at 239 K. The Cl2 molecule is much larger than F2 (atomic radius is 99 pm for chlorine and is 64 pm for fluorine). Which is the best reason for the large difference in boiling points?\nChoose the best answer from the following options:\n0. Chlorine has a higher dipole moment than fluorine.\n1. The intramolecular bonds in Cl2 are much weaker than those in F2.\n2. The Cl2 electron clouds are much more polarizable than the F2 electron clouds, resulting in much stronger London forces.\n3. The mass of chlorine is much greater than the mass of fluorine.\nAnswer: 2\n\nThe dissociation energy for a hydrogen-bromine bond is defined as the change in enthalpy, DH, for which of the following reactions?\nChoose the best answer from the following options:\n0. 2 HBr(g) \u2192 H2(g) + Br2(l)\n1. HBr(g) \u2192 H+(g) + Br\u2212(g)\n2. H(g) + Br(g) \u2192 HBr(g)\n3. HBr(g) \u2192 H(g) + Br(g)\nAnswer: ",
        "answer": 3
    },
    "12": {
        "question": "What is the maximum number of phases that can be at equilibrium with each other in a three component mixture?\nChoose the best answer from the following options:\n0. 2\n1. 3\n2. 4\n3. 5\nAnswer: 3\n\nWhich of the following pair of liquids is expected to be immiscible?\nChoose the best answer from the following options:\n0. H2O and CH3OH\n1. C6H6 and C5H12\n2. C10H22 and CH2CH2CH2OH\n3. CH3CH2NH2 and CH3CH2CH2OH\nAnswer: 2\n\nThe reaction of Br2(g) with Cl2(g) to form BrCl(g) has an equilibrium constant of 15.0 at a certain temperature. If 10.0 grams of BrCl is initially present in a 15.0-liter reaction vessel, what will the concentration of BrCl be at equilibrium?\nChoose the best answer from the following options:\n0. 3.8 \u00d7 10^-3 mol/L\n1. 5.77 \u00d7 10^-3 mol/L\n2. 1.97 \u00d7 10^-3 M\n3. 9.9 \u00d7 10^-4 M\nAnswer: 0\n\nThe 99Ru chemical shift of [Ru(H2O)6]2+ is 16,050 ppm relative to [Ru(CN)6]2- at 0 ppm. The electronic excitation energies of [Ru(H2O)6]2+, [Ru(CN)6]2- and [Ru(NH3)6]2+ are 18,900, 40,000 and 25,600 cm-1 respectively. Assuming that the chemical shift differences are dominated by paramagnetic currents, determine the chemical shift of [Ru(NH3)6]2+.\nChoose the best answer from the following options:\n0. 7,530 ppm\n1. 8,090 ppm\n2. 11,070 ppm\n3. 14,840 ppm\nAnswer: ",
        "answer": 1
    },
    "13": {
        "question": "What is the work involved if a gas in a 2.0-liter container at 2.4 atmospheres pressure is allowed to expand against a pressure of 0.80 atmosphere?\nChoose the best answer from the following options:\n0. -3.2 L atm\n1. -9.62 L atm\n2. -4.8 L atm\n3. +14.4 L atm\nAnswer: 0\n\nPredict the hyperfine value for the EPR spectrum of fully deuteriated benzene radical anion C6D6\u2022-.\nChoose the best answer from the following options:\n0. 0.375 mT\n1. 3.75 G\n2. 2.35 mT\n3. 0.58 G\nAnswer: 3\n\nWhich would be the easiest way to burn a copper penny?\nChoose the best answer from the following options:\n0. Hold the copper penny with crucible tongs, and heat strongly in the flame of a Bunsen burner.\n1. Use the method in (A), but use an oxyacetylene torch to reach a higher temperature.\n2. Grind the copper penny into very small, dust-sized particles, and spray the particles into a Bunsen burner flame.\n3. Dissolve the copper penny in acid, precipitate the hydroxide, and heat in a Bunsen burner flame to make the oxide.\nAnswer: 2\n\nThe magnetic moment (\u03bcI) of an unknown nuclide is 2.884 x 10^-27 J T-1. Given the nuclear spin is known to be 1, identify the unknown nuclide.\nChoose the best answer from the following options:\n0. 14N\n1. 2H\n2. 19F\n3. 6Li\nAnswer: ",
        "answer": 1
    },
    "14": {
        "question": "Examining data obtained from mass spectrometry supports which of the following?\nChoose the best answer from the following options:\n0. The common oxidation states of elements\n1. Atomic size trends within the periodic table\n2. Ionization energy trends within the periodic table\n3. The existence of isotopes\nAnswer: 3\n\nWhich one of the following statements is true:\nChoose the best answer from the following options:\n0. Large and positive g shifts are observed when the LUMO \u2013 HOMO gap is small and \u03bb is positive.\n1. Large deviations in g occurs when the energy difference between the SOMO and lowest lying excited state is large.\n2. A large deviation of g from ge is expected when \u03bb is large and the energy difference between the SOMO and the lowest lying excited state is small.\n3. A small deviation of g from ge is expected when \u03bb is small and positive.\nAnswer: 2\n\nRadon is a health hazard because\nChoose the best answer from the following options:\n0. it is a gas that can be inhaled and then it may decay to a solid that resides in the lungs\n1. it is a gas that is extremely soluble in the bloodstream, and it decays in vital organs\n2. it is a gas that enters the body easily and targets the thyroid because it is chemically similar to iodine\n3. it is a gas that enters the body easily and targets bones because it is chemically similar to calcium\nAnswer: 0\n\nThe rate, r, of a zero-order chemical reaction A \u2192 B can be expressed as which of the following?\nChoose the best answer from the following options:\n0. r = k ln[A]\n1. r = k [A]^2\n2. r = k [A]\n3. r = k\nAnswer: ",
        "answer": 3
    },
    "15": {
        "question": "There are a number of experiments for the determination of the molecular mass of a gas. One method begins by heating a solid or liquid in a flask to produce a gaseous product. The gas passes through a tube and displaces water in an inverted, water-filled bottle. The mass of the starting material is measured, along with the volume of the displaced water and the temperature of the system. The pressure in the inverted water-filled bottle is equal to the external pressure. Once the barometric pressure has been recorded, what other information is needed to finish the experiment?\nChoose the best answer from the following options:\n0. The heat of formation of the gas\n1. The density of the water\n2. The mass of the displaced water\n3. The vapor pressure of the water\nAnswer: 3\n\nThree steel containers hold gas samples. The containers are all the same size and at the same temperature. One container has 4.0 g of helium, another has 28.0 g of nitrogen, and the third has 44.0 g of carbon dioxide. Pick the FALSE statement from the following list:\nChoose the best answer from the following options:\n0. The densities increase in the order helium < nitrogen < carbon dioxide.\n1. The number of molecules in all the containers is the same.\n2. The pressure in all three containers is the same.\n3. The average speed of all the molecules is the same.\nAnswer: 3\n\nWhich of the following statements is not a reason why tetramethylsilane is used as a 1H chemical shift reference.\nChoose the best answer from the following options:\n0. Its 1H spectrum is a singlet.\n1. Its protons are quite strongly shielded.\n2. It dissolves in most organic solvents.\n3. Most organic compounds do not contain silicon atoms.\nAnswer: 3\n\nOf the following compounds, which is LEAST likely to behave as a Lewis acid?\nChoose the best answer from the following options:\n0. BeCl2\n1. MgCl2\n2. ZnCl2\n3. SCl2\nAnswer: ",
        "answer": 3
    },
    "16": {
        "question": "Which of the following is the most common naturally-occurring form in which silicon is found?\nChoose the best answer from the following options:\n0. Metallic element\n1. Sulfide\n2. Fluoride\n3. Oxide\nAnswer: 3\n\nWhen will Kp and Kc have the same numerical value?\nChoose the best answer from the following options:\n0. At absolute zero for all reactions\n1. When the concentrations are at standard state\n2. When the concentrations are all 1.00 molar\n3. When the reaction exhibits no change in pressure at constant volume\nAnswer: 3\n\nThree 25.00 mL samples of approximately 0.10 M phenol, C6H5OH, Ka = 1.0 \u00d7 10^-10 were removed from a container and placed in separate 250 mL beakers. The samples were titrated with standard potassium hydroxide, KOH, solution. Cresol red was the acid-base indicator used in the titration. The samples required 31.75, 32.38, and 41.75 mL to reach the endpoint. Which of the following might explain why one of the samples required significantly more base to reach the endpoint?\nChoose the best answer from the following options:\n0. The indicator was added too late.\n1. The wrong indicator was used.\n2. There was a base contaminating the unclean beaker.\n3. There was an acid contaminating the unclean beaker.\nAnswer: 3\n\nConsidering 0.1 M aqueous solutions of each of the following, which solution has the lowest pH?\nChoose the best answer from the following options:\n0. Na2CO3\n1. Na3PO4\n2. Na2S\n3. NaCl\nAnswer: ",
        "answer": 3
    },
    "17": {
        "question": "The equation \u0394H = \u0394U + P\u0394V is applicable\nChoose the best answer from the following options:\n0. always\n1. only for constant pressure processes\n2. only for constant temperature processes\n3. only for constant volume processes\nAnswer: 1\n\nIf 1.0 g of rubidium and 1.0 g of bromine are reacted, what will be left in measurable amounts (more than 0.10 mg) in the reaction vessel?\nChoose the best answer from the following options:\n0. RbBr only\n1. RbBr and Rb only\n2. RbBr and Br2 only\n3. RbBr, Rb, and Br2\nAnswer: 2\n\nWhat is the molarity of a sodium hydroxide solution that requires 42.6 mL of 0.108 M HCl to neutralize 40.0 mL of the base?\nChoose the best answer from the following options:\n0. 0.0641 M\n1. 1.64 M\n2. 0.115 M\n3. 0.400 mol/L\nAnswer: 2\n\nWhich of the following is a true statement about optical isomerism of complexes containing achiral ligands?\nChoose the best answer from the following options:\n0. Square planar complexes can display optical isomerism only if all four ligands are identical.\n1. Tetrahedral complexes never display optical isomerism.\n2. Linear complexes can display optical isomerism when both ligands are different.\n3. Octahedral complexes of monodentate ligands can display optical isomerism only when they have at least three different ligands.\nAnswer: ",
        "answer": 3
    },
    "18": {
        "question": "During a chemical reaction, NO(g) gets reduced and no nitrogen-containing compound is oxidized. Which of the following is a possible product of this reaction?\nChoose the best answer from the following options:\n0. NO2(g)\n1. N2(g)\n2. NO3-(aq)\n3. NO2-(aq)\nAnswer: 1\n\nCalculate the Larmor frequency for a proton in a magnetic field of 1 T.\nChoose the best answer from the following options:\n0. 23.56 GHz\n1. 42.58 MHz\n2. 74.34 kHz\n3. 13.93 MHz\nAnswer: 1\n\nWhen the dichromate ion is reacted, one of its most common products is Cr3+. What is the oxidation state (oxidation number) of chromium in the dichromate ion? Does reduction or oxidation occur when dichromate forms Cr3+?\nChoose the best answer from the following options:\n0. 3+, reduction\n1. 12+, reduction\n2. 6+, reduction\n3. 6+, oxidation\nAnswer: 2\n\nOf the following ionic substances, which has the greatest lattice enthalpy?\nChoose the best answer from the following options:\n0. MgO\n1. MgS\n2. NaF\n3. NaCl\nAnswer: ",
        "answer": 0
    },
    "19": {
        "question": "Of the following compounds, which has the lowest melting point?\nChoose the best answer from the following options:\n0. HCl\n1. AgCl\n2. CaCl2\n3. CCl4\nAnswer: 0\n\nAtoms of four elements are examined: carbon, nitrogen, neon, and sulfur. Atoms of which element would have the strongest magnetic moment?\nChoose the best answer from the following options:\n0. Carbon\n1. Nitrogen\n2. Neon\n3. Sulfur\nAnswer: 1\n\nA stock solution of 12.0 M sulfuric acid is made available. What is the best procedure to make up 100. mL of 4.0 M sulfuric acid using the stock solution and water prior to mixing?\nChoose the best answer from the following options:\n0. Add 33.3 mL of water to the flask, and then add 66.7 mL of 12.0 M acid.\n1. Add 33.3 mL of 12.0 M acid to the flask, and then dilute it with 66.7 mL of water.\n2. Add 67.7 mL of 12.0 M acid to the flask, and then dilute it with 33.3 mL of water.\n3. Add 67.7 mL of water to the flask, and then add 33.3 mL of 12.0 M acid.\nAnswer: 3\n\nOf the following solutions, which will have the highest ionic strength? (Assume complete dissociation.)\nChoose the best answer from the following options:\n0. 0.050 M AlCl3\n1. 0.100 M NaCl\n2. 0.050 M CaCl2\n3. 0.100 M HCl\nAnswer: ",
        "answer": 0
    },
    "20": {
        "question": "A proposed mechanism for a reaction is as follows: NO2 + F2 \u2192NO2F + F Slow step. F + NO2 \u2192 NO2F Fast step. What is the order of the overall reaction?\nChoose the best answer from the following options:\n0. Zero order\n1. First order\n2. Second order\n3. Third order\nAnswer: 2\n\nAt 25\u00b0C, the maximum amount of PbI2 that can be dissolved in 1.00 L of pure water is 1.0 mmol. Assuming complete dissociation, the solubility product, K_sp, for lead iodide at 25\u00b0C is\nChoose the best answer from the following options:\n0. 1.0 \u00d7 10^\u22123\n1. 1.0 \u00d7 10^\u22126\n2. 1.0 \u00d7 10^\u22129\n3. 4.0 \u00d7 10^\u22129\nAnswer: 3\n\nBromine has a normal boiling point of 59 \u00b0C, and iodine boils at 184 \u00b0C. The I2 molecule is much larger than Br2 (atomic radii are 114 and 133 pm, respectively). Which is the best reason for the large difference in boiling points?\nChoose the best answer from the following options:\n0. Bromine is a liquid and boils; iodine is a solid and sublimes.\n1. The intramolecular bonds in I2 are much weaker than those in Br2.\n2. The I2 electron clouds are much more polarizable than the Br2 electron clouds, resulting in much stronger London forces.\n3. The mass of iodine is much greater than the mass of bromine.\nAnswer: 2\n\nThe 1H Larmor frequency of benzene exceeds that of trifluoroacetic acid by 1.656 kHz on a 400 MHz spectrometer. The 1H chemical shift of benzene is 7.16 ppm. What is the chemical shift of trifluoroacetic acid?\nChoose the best answer from the following options:\n0. 3.02 ppm\n1. 5.03 ppm\n2. 10.56 ppm\n3. 11.30 ppm\nAnswer: ",
        "answer": 3
    },
    "21": {
        "question": "The net ionic equation expected when solutions of NH4Br and AgNO3 are mixed together is\nChoose the best answer from the following options:\n0. Ag+(aq) + Br-(aq) \u2192 AgBr(s)\n1. NH4+(aq) + Ag+(aq) \u2192 Ag(NH4)3+2(aq)\n2. Br-(aq) + NO3-(aq) \u2192 NO3Br(aq)\n3. NH4Br(aq) + NO3-(aq) \u2192 NH4NO3(aq) + Br-(aq)\nAnswer: 0\n\nCalculate the Larmor frequency for a proton in a magnetic field of 1 T.\nChoose the best answer from the following options:\n0. 23.56 GHz\n1. 42.58 MHz\n2. 74.34 kHz\n3. 13.93 MHz\nAnswer: 1\n\nYou cannot prepare a buffer by\nChoose the best answer from the following options:\n0. mixing a solution of a weak base with a strong acid\n1. mixing a solution of a weak acid with a strong base\n2. mixing a solution of a strong base with a strong acid\n3. mixing a solution of a weak acid with its conjugate base\nAnswer: 2\n\nInfrared (IR) spectroscopy is useful for determining certain aspects of the structure of organic molecules because\nChoose the best answer from the following options:\n0. all molecular bonds absorb IR radiation\n1. IR peak intensities are related to molecular mass\n2. most organic functional groups absorb in a characteristic region of the IR spectrum\n3. each element absorbs at a characteristic wavelength\nAnswer: ",
        "answer": 2
    },
    "22": {
        "question": "Calculate the magnetic field responsible for the polarization of 2.5 x 10^-6 for 13C at 298 K.\nChoose the best answer from the following options:\n0. 0.5 T\n1. 1.2 T\n2. 2.9 T\n3. 100 T\nAnswer: 2\n\nHypochlorous acid is an unstable compound, and one of the decomposition products is chlorine gas, Cl2. The decomposition of the acid lowers its concentration over time. What effect will the decomposition of one-fourth of the acid have on the agreement between the endpoint of the titration and the equivalence point during a titration with standard sodium hydroxide?\nChoose the best answer from the following options:\n0. The endpoint would still remain near the ideal equivalence point.\n1. The endpoint would be after the ideal equivalence point.\n2. The endpoint would be before the ideal equivalence point.\n3. It is impossible to determine.\nAnswer: 2\n\nThe symbol for antimony is\nChoose the best answer from the following options:\n0. W\n1. Sb\n2. Fe\n3. An\nAnswer: 1\n\nWhich of the following is the most common naturally-occurring form in which silicon is found?\nChoose the best answer from the following options:\n0. Metallic element\n1. Sulfide\n2. Fluoride\n3. Oxide\nAnswer: ",
        "answer": 3
    },
    "23": {
        "question": "Three 25.00 mL samples of approximately 0.10 M phenol, C6H5OH, Ka = 1.0 \u00d7 10^-10 were removed from a container and placed in separate 250 mL beakers. The samples were titrated with standard potassium hydroxide, KOH, solution. Cresol red was the acid-base indicator used in the titration. The samples required 31.75, 32.38, and 41.75 mL to reach the endpoint. Which of the following might explain why one of the samples required significantly more base to reach the endpoint?\nChoose the best answer from the following options:\n0. The indicator was added too late.\n1. The wrong indicator was used.\n2. There was a base contaminating the unclean beaker.\n3. There was an acid contaminating the unclean beaker.\nAnswer: 3\n\nWhich of the following is required for both paramagnetism and ferromagnetism?\nChoose the best answer from the following options:\n0. Strong oxidizing conditions\n1. Low-spin electron configuration\n2. Metallic physical properties\n3. Unpaired electrons\nAnswer: 3\n\nIdentify the Br\u00f8nsted-Lowry conjugate acid-base pair in the following list.\nChoose the best answer from the following options:\n0. H3O+ and OH-\n1. H3PO4 and H2PO4-\n2. HClO4 and ClO3-\n3. SO32- and HSO2-\nAnswer: 1\n\nWhich of the following metal ions cannot be used as a paramagnetic quencher?\nChoose the best answer from the following options:\n0. Ti3+\n1. Cr3+\n2. Fe3+\n3. Zn2+\nAnswer: ",
        "answer": 1
    },
    "24": {
        "question": "Three steel containers hold gas samples. The containers are all the same size and at the same temperature. One container has 4.0 g of helium, another has 28.0 g of nitrogen, and the third has 44.0 g of carbon dioxide. Pick the FALSE statement from the following list:\nChoose the best answer from the following options:\n0. The densities increase in the order helium < nitrogen < carbon dioxide.\n1. The number of molecules in all the containers is the same.\n2. The pressure in all three containers is the same.\n3. The average speed of all the molecules is the same.\nAnswer: 3\n\nDuring a delay, spins with an offset frequency \u03a9 = 250 rad s-1 precess through an angle of 60\u00b0. How long is the delay?\nChoose the best answer from the following options:\n0. 4.19 ms\n1. 26.3 ms\n2. 240 ms\n3. 1510 ms\nAnswer: 0\n\npara-dichlorobenzene is used as \"mothballs.\" This compound can also be named\nChoose the best answer from the following options:\n0. 1,2-dichlorobenzene\n1. 1,3-dichlorobenzene\n2. 2,4-dichlorobenzene\n3. 1,4-dichlorobenzene\nAnswer: 3\n\nWhat is the maximum value of the z-component of the spin angular momentum of 43Ca? [I = 7\u20442]\nChoose the best answer from the following options:\n0. 3.691 x 10^-34 J s\n1. 4.185 x 10^-34 J s\n2. 5.493 x 10^-34 J s\n3. 8.370 x 10^-34 J s\nAnswer: ",
        "answer": 0
    },
    "25": {
        "question": "Consider the Lewis structures for the following molecules: CO2, CO32-, NO2-, and NO3-. Which molecule would have the shortest bonds?\nChoose the best answer from the following options:\n0. CO2\n1. CO32-\n2. NO2-\n3. NO3-\nAnswer: 0\n\nWhat is the orbital angular momentum quantum number, l, of the electron that is most easily removed when ground-state aluminum is ionized?\nChoose the best answer from the following options:\n0. 3\n1. 2\n2. 1\n3. 0\nAnswer: 2\n\nWhat is an alpha particle?\nChoose the best answer from the following options:\n0. Another name for an electron\n1. Another name for a helium nucleus\n2. Another name for a positron\n3. Another name for a cosmic ray\nAnswer: 1\n\nThe 13C spectrum of which isomer of C6H14 has lines with five distinct chemical shifts?\nChoose the best answer from the following options:\n0. hexane\n1. 2-methylpentane\n2. 3-methylpentane\n3. 2,3-dimethylbutane\nAnswer: ",
        "answer": 1
    },
    "26": {
        "question": "Nitrous acid, HNO2, has a pKa value of 3.3. If a solution of nitrous acid is found to have a pH of 4.2, what can be said about the concentration of the conjugate acid/base pair found in solution?\nChoose the best answer from the following options:\n0. [HNO2] > [NO2-]\n1. [NO2-] > [HNO2]\n2. [H2NO2+] > [HNO2]\n3. [HNO2] > [H2NO2+]\nAnswer: 1\n\nS(s) + O2(g) \u2192 SO2(g)\nChoose the best answer from the following options:\n0. one atom of S reacts with one molecule of O2 to yield one molecule of SO2\n1. one mole of sulfur atoms reacts with one mole of oxygen molecules to yield one mole of sulfur dioxide molecules\n2. the position of equilibrium must be on the product side\n3. the entropy increase will be large\nAnswer: 3\n\nWhat is the orbital angular momentum quantum number, l, of the electron that is most easily removed when ground-state aluminum is ionized?\nChoose the best answer from the following options:\n0. 3\n1. 2\n2. 1\n3. 0\nAnswer: 2\n\nWhich of the following is the most common naturally-occurring form in which silicon is found?\nChoose the best answer from the following options:\n0. Metallic element\n1. Sulfide\n2. Fluoride\n3. Oxide\nAnswer: ",
        "answer": 3
    },
    "27": {
        "question": "Which one of the following statements is true:\nChoose the best answer from the following options:\n0. Protons and neutrons have orbital and spin angular momentum.\n1. Protons have orbital and spin angular momentum, neutrons have spin angular momentum.\n2. Protons and neutrons possess orbital angular momentum only.\n3. Protons and neutrons possess spin angular momentum only.\nAnswer: 2\n\nWhen the dichromate ion is reacted, one of its most common products is Cr3+. What is the oxidation state (oxidation number) of chromium in the dichromate ion? Does reduction or oxidation occur when dichromate forms Cr3+?\nChoose the best answer from the following options:\n0. 3+, reduction\n1. 12+, reduction\n2. 6+, reduction\n3. 6+, oxidation\nAnswer: 2\n\nConsider the Lewis structures for the following molecules: CO2, CO32-, NO2-, and NO3-. Which molecule or molecules exhibit sp2 hybridization around the central atom?\nChoose the best answer from the following options:\n0. CO2 and CO32-\n1. NO2- and NO3-\n2. CO32- and NO3-\n3. CO32-, NO2- and NO3-\nAnswer: 3\n\nWhat is the maximum value of the z-component of the spin angular momentum of 43Ca? [I = 7\u20442]\nChoose the best answer from the following options:\n0. 3.691 x 10^-34 J s\n1. 4.185 x 10^-34 J s\n2. 5.493 x 10^-34 J s\n3. 8.370 x 10^-34 J s\nAnswer: ",
        "answer": 0
    },
    "28": {
        "question": "Dissolving one mole of each of the following compounds in water results in solutions with different pH values. Under those conditions, which of the following acids will have the highest percentage ionization?\nChoose the best answer from the following options:\n0. HNO2\n1. HClO4\n2. H2S\n3. H3PO4\nAnswer: 1\n\nWhich of the following molecules cannot hydrogen bond with molecules identical to itself but can hydrogen bond with one of the molecules above or below it in the following responses?\nChoose the best answer from the following options:\n0. CH3CH2OH\n1. CH3CH2COOH\n2. CH3CH2CHO\n3. C6H5CHO\nAnswer: 2\n\nOf the following ionic substances, which has the greatest lattice enthalpy?\nChoose the best answer from the following options:\n0. MgO\n1. MgS\n2. NaF\n3. NaCl\nAnswer: 0\n\nNitronyl nitroxides are stable radicals in which the unpaired electron is coupled to two equivalent nitrogen nuclei. How many lines will appear in the EPR spectrum of a solution of a rigid nitronyl nitroxide diradical with J >> a?\nChoose the best answer from the following options:\n0. 3 lines\n1. 9 lines\n2. 5 lines\n3. 7 lines\nAnswer: ",
        "answer": 3
    },
    "29": {
        "question": "Your supervisor asks you to determine the enthalpy of a certain chemical reaction. Which would you do?\nChoose the best answer from the following options:\n0. Measure the \u0394S and the \u0394G for the reaction, and calculate the \u0394H from the Gibbs free energy equation.\n1. Use a bomb calorimeter to measure the heat of the reaction.\n2. Use a solution calorimeter such as a coffee-cup calorimeter to measure the heat.\n3. Use a photoelectron spectrometer to measure the energies of all atoms in the compounds, and use Hess's law to add them.\nAnswer: 2\n\nA 25 g sample of a liquid was heated to 100 \u00b0C and then quickly transferred to an insulated container holding 100 g of water at 22 \u00b0C. The temperature of the mixture rose to reach a final temperature of 35 \u00b0C. Which of the following can be concluded?\nChoose the best answer from the following options:\n0. The sample temperature changed more than the water temperature did; therefore the sample lost more heat energy than the water gained.\n1. The sample temperature changed more than the water temperature did, but the sample lost the same amount of heat energy as the water gained.\n2. The sample temperature changed more than the water temperature did; therefore the CP of the sample must be greater than the CP of the water.\n3. The final temperature is less than the average starting temperature of the sample and the water; therefore the total energy of the sample and water decreased.\nAnswer: 1\n\nWhich of the following statements most accurately explains why the 1H spectrum of 12CHCl3 is a singlet?\nChoose the best answer from the following options:\n0. Both 35Cl and 37Cl have I = 0.\n1. The hydrogen atom undergoes rapid intermolecular exchange.\n2. The molecule is not rigid.\n3. Both 35Cl and 37Cl have electric quadrupole moments.\nAnswer: 3\n\nWhich of the following statements most accurately explains why the 1H spectrum of 12CHCl3 is a singlet?\nChoose the best answer from the following options:\n0. Both 35Cl and 37Cl have I = 0.\n1. The hydrogen atom undergoes rapid intermolecular exchange.\n2. The molecule is not rigid.\n3. Both 35Cl and 37Cl have electric quadrupole moments.\nAnswer: ",
        "answer": 3
    },
    "30": {
        "question": "What is an alpha particle?\nChoose the best answer from the following options:\n0. Another name for an electron\n1. Another name for a helium nucleus\n2. Another name for a positron\n3. Another name for a cosmic ray\nAnswer: 1\n\nThe equilibrium populations of the 1H energy levels of a molecule are n\u03b1 = n\u03b1eq and n\u03b2 = n\u03b2eq. What are the populations after a 5.0 \u03bcs pulse when B1 = 4.697 mT?\nChoose the best answer from the following options:\n0. n\u03b1 = n\u03b2eq and n\u03b2 = n\u03b1eq\n1. n\u03b1 = n\u03b1eq and n\u03b2 = n\u03b2eq\n2. n\u03b1 = \u00bd(n\u03b1eq + n\u03b2eq) and n\u03b2 = \u00bd(n\u03b1eq + n\u03b2eq)\n3. n\u03b1 = n\u03b1eq + n\u03b2eq and n\u03b2 = n\u03b1eq + n\u03b2eq\nAnswer: 0\n\nPotassium-40 is a minor isotope found in naturally occurring potassium. It is radioactive and can be detected on simple radiation counters. How many protons, neutrons, and electrons does potassium-40 have when it is part of K2SO4?\nChoose the best answer from the following options:\n0. 21 neutrons, 19 protons, 18 electrons\n1. 20 neutrons, 19 protons, 19 electrons\n2. 21 neutrons, 19 protons, 19 electrons\n3. 19 neutrons, 19 protons, 19 electrons\nAnswer: 0\n\nAt 25\u00b0C, the maximum amount of PbI2 that can be dissolved in 1.00 L of pure water is 1.0 mmol. Assuming complete dissociation, the solubility product, K_sp, for lead iodide at 25\u00b0C is\nChoose the best answer from the following options:\n0. 1.0 \u00d7 10^\u22123\n1. 1.0 \u00d7 10^\u22126\n2. 1.0 \u00d7 10^\u22129\n3. 4.0 \u00d7 10^\u22129\nAnswer: ",
        "answer": 3
    },
    "31": {
        "question": "Which of the following procedures tend(s) to minimize the influence of random errors on measured results?\nI. Signal averaging\nII. Use of internal standards\nIII. Averaging the results from multiple samples\nChoose the best answer from the following options:\n0. I only\n1. II only\n2. III only\n3. I and III only\nAnswer: 3\n\nWhich of the following reactions is expected to have the greatest decrease in entropy?\nChoose the best answer from the following options:\n0. HCl(aq) + NaOH(aq) \u2192 NaCl(aq) + H2O(l)\n1. CH4(g) + 2 O2(g) \u2192 CO2(g) + 2 H2O(l)\n2. C(s) + O2(g) \u2192 CO2(g)\n3. 2 SO2(g) + O2(g) \u2192 2 SO3(g)\nAnswer: 1\n\nWhat is the conjugate acid of the H2PO4- ion?\nChoose the best answer from the following options:\n0. HPO42-\n1. H2PO4-\n2. H3PO4\n3. PO43-\nAnswer: 2\n\nWhich one of the following statements is true:\nChoose the best answer from the following options:\n0. Large and positive g shifts are observed when the LUMO \u2013 HOMO gap is small and \u03bb is positive.\n1. Large deviations in g occurs when the energy difference between the SOMO and lowest lying excited state is large.\n2. A large deviation of g from ge is expected when \u03bb is large and the energy difference between the SOMO and the lowest lying excited state is small.\n3. A small deviation of g from ge is expected when \u03bb is small and positive.\nAnswer: ",
        "answer": 2
    },
    "32": {
        "question": "What is the limiting high-temperature molar heat capacity at constant volume (C_V) of a gas-phase diatomic molecule?\nChoose the best answer from the following options:\n0. 1.5R\n1. 2R\n2. 2.5R\n3. 3.5R\nAnswer: 3\n\nNitrous acid, HNO2, has a pKa value of 3.3. If a solution of nitrous acid is found to have a pH of 4.2, what can be said about the concentration of the conjugate acid/base pair found in solution?\nChoose the best answer from the following options:\n0. [HNO2] > [NO2-]\n1. [NO2-] > [HNO2]\n2. [H2NO2+] > [HNO2]\n3. [HNO2] > [H2NO2+]\nAnswer: 1\n\nWhich of the following may need to be balanced using the ion-electron method ?\nChoose the best answer from the following options:\n0. BaCl2 + Al2(SO4)3 \u2192 AlCl3 + BaSO4\n1. H+ + OH- \u2192 H2O\n2. NaOH + H3PO4 \u2192 Na2HPO4 + H2O\n3. C2H2(g) + N2O(g) \u2192 CO2(g) + H2O(g) + N2(g)\nAnswer: 3\n\nWhich of the following statements is not a reason why tetramethylsilane is used as a 1H chemical shift reference.\nChoose the best answer from the following options:\n0. Its 1H spectrum is a singlet.\n1. Its protons are quite strongly shielded.\n2. It dissolves in most organic solvents.\n3. Most organic compounds do not contain silicon atoms.\nAnswer: ",
        "answer": 3
    },
    "33": {
        "question": "Which of the following procedures tend(s) to minimize the influence of random errors on measured results?\nI. Signal averaging\nII. Use of internal standards\nIII. Averaging the results from multiple samples\nChoose the best answer from the following options:\n0. I only\n1. II only\n2. III only\n3. I and III only\nAnswer: 3\n\nFormation of a solution can often be visualized as a three-step process. Step 1. Solvent molecules are separated from each other to make space for the solute. Step 2. Solute molecules are separated so they fit into spaces in the solvent. Step 3. Separated solute and solvent are brought together filling in the spaces.All of the fundamental principles below are important in understanding the formation of solutions except which one?\nChoose the best answer from the following options:\n0. Starting at equilibrium, moving particles apart while in the solid or equilibrium phases requires added energy proportional to the attractive forces.\n1. Bringing particles together releases energy in proportion to their attractive forces.\n2. The total of the energies in steps 1 to 3 indicates if a solution will form.\n3. Molecules with similar molecular masses are required to form solutions.\nAnswer: 3\n\nFluorine has a normal boiling point of 85 K, and chlorine boils at 239 K. The Cl2 molecule is much larger than F2 (atomic radius is 99 pm for chlorine and is 64 pm for fluorine). Which is the best reason for the large difference in boiling points?\nChoose the best answer from the following options:\n0. Chlorine has a higher dipole moment than fluorine.\n1. The intramolecular bonds in Cl2 are much weaker than those in F2.\n2. The Cl2 electron clouds are much more polarizable than the F2 electron clouds, resulting in much stronger London forces.\n3. The mass of chlorine is much greater than the mass of fluorine.\nAnswer: 2\n\nAll proteins absorb electromagnetic radiation of wavelength around 190 nm, which corresponds to a \u03c0 \u2192 \u03c0* excitation in the protein molecule. In which region of the spectrum is this wavelength found?\nChoose the best answer from the following options:\n0. X-ray\n1. Ultraviolet\n2. Visible\n3. Infrared\nAnswer: ",
        "answer": 1
    },
    "34": {
        "question": "The Pauli exclusion principle states that\nChoose the best answer from the following options:\n0. no two electrons can have the same energy\n1. no two electrons can have the same four quantum numbers\n2. no two electrons can occupy separate orbitals\n3. no two electrons can pair up if there is an empty orbital available\nAnswer: 1\n\nWhich of the following statements most accurately explains why the 1H spectrum of 12CHCl3 is a singlet?\nChoose the best answer from the following options:\n0. Both 35Cl and 37Cl have I = 0.\n1. The hydrogen atom undergoes rapid intermolecular exchange.\n2. The molecule is not rigid.\n3. Both 35Cl and 37Cl have electric quadrupole moments.\nAnswer: 3\n\nArgon can be liquefied at low temperature because of\nChoose the best answer from the following options:\n0. dipole-dipole attractive forces\n1. hydrogen bonding\n2. instantaneous and induced dipoles\n3. the very low temperature\nAnswer: 2\n\nOf the following solutions, which will have the highest ionic strength? (Assume complete dissociation.)\nChoose the best answer from the following options:\n0. 0.050 M AlCl3\n1. 0.100 M NaCl\n2. 0.050 M CaCl2\n3. 0.100 M HCl\nAnswer: ",
        "answer": 0
    },
    "35": {
        "question": "The 1H spectrum of a mixture of dimethylsulphoxide (DMSO) and acetonitrile (AN) contains lines with relative intensities \u03b1 and 3\u03b1, respectively. What is the ratio of the two concentrations, [DMSO]:[AN]?\nChoose the best answer from the following options:\n0. 1:1\n1. 1:3\n2. 1:6\n3. 2:3\nAnswer: 2\n\nPCl3(g) + Cl2(g) \u2194 PCl5(g) \u0394H = -92.5 kJ/mol In which of the following ways could the reaction above be manipulated to create more product?\nChoose the best answer from the following options:\n0. Decreasing the concentration of PCl3\n1. Increasing the pressure\n2. Increasing the temperature\n3. None of the above\nAnswer: 1\n\nWhen collecting a gas over water, it is important to\nChoose the best answer from the following options:\n0. set the temperature at 0\u00b0C\n1. be sure the gas does not burn\n2. wait until the barometer reads 760\n3. correct for the vapor pressure of water\nAnswer: 3\n\nWhat is the ratio of line intensities in the EPR spectrum of the t-Bu radical (CH3)3C\u2022?\nChoose the best answer from the following options:\n0. 1:19:36:84:126:126:84:36:19:1\n1. 1:9:36:84:126:126:84:36:9:1\n2. 1:9:35:82:120:120:82:35:9:1\n3. 1:8:28:56:70:56:28:8:1\nAnswer: ",
        "answer": 3
    },
    "36": {
        "question": "Which of the following molecules is a strong electrolyte when dissolved in water?\nChoose the best answer from the following options:\n0. CH3COOH\n1. HC2H3O2\n2. PCl5\n3. HBr\nAnswer: 3\n\nWhich of the following should be named using Roman numerals after the cation?\nChoose the best answer from the following options:\n0. CaCl2\n1. CuCl2\n2. AlBr3\n3. K2Cr2O7\nAnswer: 1\n\nOf the following ions, which has the smallest radius?\nChoose the best answer from the following options:\n0. K+\n1. Ca2+\n2. Sc3+\n3. Rb+\nAnswer: 2\n\nThe rate, r, of a zero-order chemical reaction A \u2192 B can be expressed as which of the following?\nChoose the best answer from the following options:\n0. r = k ln[A]\n1. r = k [A]^2\n2. r = k [A]\n3. r = k\nAnswer: ",
        "answer": 3
    },
    "37": {
        "question": "An unknown substance is found to have a high melting point. In addition, it is a poor conductor of electricity and does not dissolve in water. The substance most likely contains\nChoose the best answer from the following options:\n0. ionic bonding\n1. nonpolar covalent bonding\n2. covalent network bonding\n3. metallic bonding\nAnswer: 2\n\nThere are a number of experiments for the determination of the molecular mass of a gas. One method begins by heating a solid or liquid in a flask to produce a gaseous product. The gas passes through a tube and displaces water in an inverted, water-filled bottle. The mass of the starting material is measured, along with the volume of the displaced water and the temperature of the system. The pressure in the inverted water-filled bottle is equal to the external pressure. Once the barometric pressure has been recorded, what other information is needed to finish the experiment?\nChoose the best answer from the following options:\n0. The heat of formation of the gas\n1. The density of the water\n2. The mass of the displaced water\n3. The vapor pressure of the water\nAnswer: 3\n\nIn fluorescence spectroscopy, the quantum yield (\u03a6_f) is best defined as the\nChoose the best answer from the following options:\n0. rate of fluorescence emission\n1. number of photons emitted\n2. number of photons emitted, divided by the number of photons absorbed\n3. number of excitation photons impinging on the sample, divided by the number of photons absorbed\nAnswer: 2\n\nWhich of the following experimental observations were explained by Planck\u2019s quantum theory?\nChoose the best answer from the following options:\n0. Blackbody radiation curves\n1. Emission spectra of diatomic molecules\n2. Electron diffraction patterns\n3. Temperature dependence of reaction rates\nAnswer: ",
        "answer": 0
    },
    "38": {
        "question": "Which of the following geometries corresponds to a substance that has five sigma bonds and one nonbonding pair of electrons?\nChoose the best answer from the following options:\n0. Tetrahedron\n1. Square planar\n2. Octahedron\n3. Square pyramid\nAnswer: 3\n\nWhat is the maximum value of the z-component of the spin angular momentum of 43Ca? [I = 7\u20442]\nChoose the best answer from the following options:\n0. 3.691 x 10^-34 J s\n1. 4.185 x 10^-34 J s\n2. 5.493 x 10^-34 J s\n3. 8.370 x 10^-34 J s\nAnswer: 0\n\nThe simplest alkene has\nChoose the best answer from the following options:\n0. at least two pi bonds\n1. at least four sigma bonds\n2. a tetrahedral configuration\n3. cis-trans isomers\nAnswer: 1\n\nWhich of the following statements is not a reason why tetramethylsilane is used as a 1H chemical shift reference.\nChoose the best answer from the following options:\n0. Its 1H spectrum is a singlet.\n1. Its protons are quite strongly shielded.\n2. It dissolves in most organic solvents.\n3. Most organic compounds do not contain silicon atoms.\nAnswer: ",
        "answer": 3
    },
    "39": {
        "question": "Of the following ionic substances, which has the greatest lattice enthalpy?\nChoose the best answer from the following options:\n0. MgO\n1. MgS\n2. NaF\n3. NaCl\nAnswer: 0\n\nJoseph Priestly discovered oxygen gas by the decomposition of solid mercury(II) oxide, HgO, to oxygen gas, O2, and liquid mercury metal, Hg. How many moles of oxygen gas will form when 4.32 g of solid mercury(II) oxide decomposes? The formula mass of mercury(II) oxide is 216 g mol^-1.\nChoose the best answer from the following options:\n0. 0.100 mol\n1. 0.0100 mol\n2. 0.0200 mol\n3. 0.0150 mol\nAnswer: 1\n\nA stock solution of 12.0 M sulfuric acid is made available. What is the best procedure to make up 100. mL of 4.0 M sulfuric acid using the stock solution and water prior to mixing?\nChoose the best answer from the following options:\n0. Add 33.3 mL of water to the flask, and then add 66.7 mL of 12.0 M acid.\n1. Add 33.3 mL of 12.0 M acid to the flask, and then dilute it with 66.7 mL of water.\n2. Add 67.7 mL of 12.0 M acid to the flask, and then dilute it with 33.3 mL of water.\n3. Add 67.7 mL of water to the flask, and then add 33.3 mL of 12.0 M acid.\nAnswer: 3\n\nWhich of the following is classified as a conjugate acid-base pair?\nChoose the best answer from the following options:\n0. HCl / NaOH\n1. H3O+ / H2O\n2. O2 / H2O\n3. H+ / Cl\u2212\nAnswer: ",
        "answer": 1
    },
    "40": {
        "question": "The 13C chemical shifts of benzene and chloroform are 128.4 ppm and 77.2 ppm respectively. What is the difference in the 13C NMR frequencies of the two compounds on a 600 MHz spectrometer?\nChoose the best answer from the following options:\n0. 7.73 kHz\n1. 30.7 kHz\n2. 91.6 kHz\n3. 122 kHz\nAnswer: 0\n\nThe Pauli exclusion principle states that\nChoose the best answer from the following options:\n0. no two electrons can have the same four quantum numbers\n1. no two electrons with the same spin can occupy an orbital\n2. no two electrons can occupy separate orbitals\n3. no two electrons can pair up if there is an empty orbital available\nAnswer: 0\n\nAccording to the kinetic-molecular theory of gases,\nChoose the best answer from the following options:\n0. the average kinetic energy of a gas particle is directly related to the Kelvin temperature\n1. ideal gas particles do not attract or repel each other\n2. the atoms or molecules of an ideal gas have no volume\n3. (A), (B), and (C) are part of the theory\nAnswer: 3\n\nA molecule has a rotational correlation time of 1 ns. At what magnetic field would protons in this molecule have the fastest spin-lattice relaxation? [Use eqns 5.3 and 5.4.]\nChoose the best answer from the following options:\n0. 3.74 T\n1. 5.19 T\n2. 6.08 T\n3. 9.49 T\nAnswer: ",
        "answer": 0
    },
    "41": {
        "question": "The molecular geometry of thionyl chloride, SOCl2, is best described as\nChoose the best answer from the following options:\n0. trigonal planar\n1. T-shaped\n2. tetrahedral\n3. trigonal pyramidal\nAnswer: 3\n\nWhich of the following can form hydrogen bonds?\nChoose the best answer from the following options:\n0. CH3OCH2CH3\n1. HCN\n2. CH3OCH2Br\n3. CH3NH2\nAnswer: 3\n\nWhich of the following is expected to have the highest electronegativity?\nChoose the best answer from the following options:\n0. S\n1. Fe\n2. W\n3. Ag\nAnswer: 0\n\nChlorofluorocarbons (CFCs) such as F3CCCl3 are implicated in the decomposition of stratospheric ozone. Which of the following methods would be best suited to measurement of trace amounts (sub-ppb) of CFCs in an air sample?\nChoose the best answer from the following options:\n0. Gas chromatographic separation of the air sample on a capillary column followed by electron capture detection\n1. Gas chromatographic separation of the air sample on a packed column followed by thermal conductivity detection\n2. Gas chromatographic separation of the air sample on a capillary column followed by flame ionization detection\n3. Conversion of the sample of the chlorinated compounds to chloride ions, followed by titration with Ag+\nAnswer: ",
        "answer": 0
    },
    "42": {
        "question": "A sample of a compound known to consist of only carbon, hydrogen, and oxygen is found to have a total mass of 29.05 g. If the mass of the carbon is 18.02 g and the mass of the hydrogen is 3.03 g, what is the empirical formula of the compound?\nChoose the best answer from the following options:\n0. C2H4O\n1. C3H6O\n2. C2H6O3\n3. C3H8O2\nAnswer: 1\n\nDissolving one mole of each of the following compounds in water results in solutions with different pH values. Under those conditions, which of the following acids will have the highest percentage ionization?\nChoose the best answer from the following options:\n0. HNO2\n1. HClO4\n2. H2S\n3. H3PO4\nAnswer: 1\n\nCalculate the magnetic moment (\u03bcI) of a 13C nucleus.\nChoose the best answer from the following options:\n0. 6.1445 x 10^-27 J T-1\n1. 3.1445 x 10^-27 J T-1\n2. 9.1445 x 10^-27 J T-1\n3. 1.1445 x 10^-28 J T-1\nAnswer: 2\n\nRedox enzyme catalysis involves the cyclic oxidation and reduction of metal ions that have at least two stable positive oxidation states. Which of the following groups of metals could be found at the active site of redox enzymes?\nChoose the best answer from the following options:\n0. Cu, Fe, Co\n1. Zn, Ca, Ga\n2. Sr, Ga, Mg\n3. Na, Ba, Al\nAnswer: ",
        "answer": 0
    },
    "43": {
        "question": "Your supervisor asks you to determine the enthalpy of a certain chemical reaction. Which would you do?\nChoose the best answer from the following options:\n0. Measure the \u0394S and the \u0394G for the reaction, and calculate the \u0394H from the Gibbs free energy equation.\n1. Use a bomb calorimeter to measure the heat of the reaction.\n2. Use a solution calorimeter such as a coffee-cup calorimeter to measure the heat.\n3. Use a photoelectron spectrometer to measure the energies of all atoms in the compounds, and use Hess's law to add them.\nAnswer: 2\n\nWhich of the following must be true about a binary liquid mixture that obeys Raoult\u2019s law?\nI. The partial pressure of each component at equilibrium is proportional to its mole fraction in the liquid mixture.\nII. The volume of the mixture is equal to the sum of the volumes of each component before mixing.\nIII. Intermolecular interactions in the mixture are identical to intermolecular interactions in the pure components.\nChoose the best answer from the following options:\n0. I only\n1. III only\n2. I and III only\n3. I, II, and III\nAnswer: 3\n\nA sample of solid MgCl2 would be most soluble in which of the following solutions?\nChoose the best answer from the following options:\n0. LiOH(aq)\n1. CBr4(aq)\n2. Mg(NO3)2(aq)\n3. AlCl3(aq)\nAnswer: 0\n\nCalculate the magnetic moment (\u03bcI) of a 13C nucleus.\nChoose the best answer from the following options:\n0. 6.1445 x 10^-27 J T-1\n1. 3.1445 x 10^-27 J T-1\n2. 9.1445 x 10^-27 J T-1\n3. 1.1445 x 10^-28 J T-1\nAnswer: ",
        "answer": 2
    },
    "44": {
        "question": "A solution is prepared by dissolving 30.0 grams of Ni(NO3)2 in enough water to make 250 mL of solution. What is the molarity of this solution?\nChoose the best answer from the following options:\n0. 0.496 molar\n1. 0.656 mol/L\n2. 3.3 molar\n3. 6.3 \u00d7 10^-3 molar\nAnswer: 1\n\nThree 25.00 mL samples of approximately 0.10 M phenol, C6H5OH, Ka = 1.0 \u00d7 10^-10 were removed from a container and placed in separate 250 mL beakers. The samples were titrated with standard potassium hydroxide, KOH, solution. Cresol red was the acid-base indicator used in the titration. The samples required 31.75, 32.38, and 41.75 mL to reach the endpoint. Which of the following might explain why one of the samples required significantly more base to reach the endpoint?\nChoose the best answer from the following options:\n0. The indicator was added too late.\n1. The wrong indicator was used.\n2. There was a base contaminating the unclean beaker.\n3. There was an acid contaminating the unclean beaker.\nAnswer: 3\n\nA silyl radical bearing an Si-H\u00b7 fragment has a g value of 2.0033 and a pair of lines separated by 15.5 MHz. Express the splitting in units of mT, Gauss and cm-1.\nChoose the best answer from the following options:\n0. 15.5 MHz = 11.104 mT = 27.201 Gauss = 0.862 x 10^-4 cm-1\n1. 15.5 MHz = 7.352 mT = 10.104 Gauss = 18.39 x 10^-4 cm-1\n2. 15.5 MHz = 1.55 mT = 0.562 Gauss = 31.0 x 10^-4 cm-1\n3. 15.5 MHz = 0.553 mT = 5.530 Gauss = 5.17 x 10^-4 cm-1\nAnswer: 1\n\nWhich of the following is classified as a conjugate acid-base pair?\nChoose the best answer from the following options:\n0. HCl / NaOH\n1. H3O+ / H2O\n2. O2 / H2O\n3. H+ / Cl\u2212\nAnswer: ",
        "answer": 1
    },
    "45": {
        "question": "What is the maximum value of the z-component of the spin angular momentum of 43Ca? [I = 7\u20442]\nChoose the best answer from the following options:\n0. 3.691 x 10^-34 J s\n1. 4.185 x 10^-34 J s\n2. 5.493 x 10^-34 J s\n3. 8.370 x 10^-34 J s\nAnswer: 0\n\nWhat is the conjugate acid of the H2PO4- ion?\nChoose the best answer from the following options:\n0. HPO42-\n1. H2PO4-\n2. H3PO4\n3. PO43-\nAnswer: 2\n\nWhich of the following indicates that a reaction is spontaneous?\nChoose the best answer from the following options:\n0. at equilibrium there are more products than reactants\n1. the value of \u0394G\u00b0 is greater than zero\n2. the value of \u0394S\u00b0 is greater than zero\n3. the value of Keq is less than one\nAnswer: 0\n\nChlorofluorocarbons (CFCs) such as F3CCCl3 are implicated in the decomposition of stratospheric ozone. Which of the following methods would be best suited to measurement of trace amounts (sub-ppb) of CFCs in an air sample?\nChoose the best answer from the following options:\n0. Gas chromatographic separation of the air sample on a capillary column followed by electron capture detection\n1. Gas chromatographic separation of the air sample on a packed column followed by thermal conductivity detection\n2. Gas chromatographic separation of the air sample on a capillary column followed by flame ionization detection\n3. Conversion of the sample of the chlorinated compounds to chloride ions, followed by titration with Ag+\nAnswer: ",
        "answer": 0
    },
    "46": {
        "question": "NH4+(aq) + NO2- (aq) \u2192 N2(g) + 2H2O(l) Increasing the temperature of the above reaction will increase the rate of reaction. Which of the following is NOT a reason that increased temperature increases reaction rate?\nChoose the best answer from the following options:\n0. The reactants will be more likely to overcome the activation energy.\n1. The number of collisions between reactant molecules will increase.\n2. A greater distribution of reactant molecules will have high velocities.\n3. Alternate reaction pathways become available at higher temperatures.\nAnswer: 3\n\nWhich of the following procedures tend(s) to minimize the influence of random errors on measured results?\nI. Signal averaging\nII. Use of internal standards\nIII. Averaging the results from multiple samples\nChoose the best answer from the following options:\n0. I only\n1. II only\n2. III only\n3. I and III only\nAnswer: 3\n\nWhat is the pH of a solution made by dissolving 0.0300 mol of sodium ethanoate in enough water to make 50 mL of solution (Ka for ethanoic acid is 1.8 \u00d7 10^-5)?\nChoose the best answer from the following options:\n0. 7\n1. 9.26\n2. 4.74\n3. 11.02\nAnswer: 1\n\nWhich of the following metal ions cannot be used as a paramagnetic quencher?\nChoose the best answer from the following options:\n0. Ti3+\n1. Cr3+\n2. Fe3+\n3. Zn2+\nAnswer: ",
        "answer": 1
    },
    "47": {
        "question": "Atoms of four elements are examined: carbon, nitrogen, neon, and sulfur. Atoms of which element would have the strongest magnetic moment?\nChoose the best answer from the following options:\n0. Carbon\n1. Nitrogen\n2. Neon\n3. Sulfur\nAnswer: 1\n\nWhich one of the following statements is true:\nChoose the best answer from the following options:\n0. Protons and neutrons have orbital and spin angular momentum.\n1. Protons have orbital and spin angular momentum, neutrons have spin angular momentum.\n2. Protons and neutrons possess orbital angular momentum only.\n3. Protons and neutrons possess spin angular momentum only.\nAnswer: 2\n\nWhen a solid melts, the entropy change and enthalpy changes expected are\nChoose the best answer from the following options:\n0. positive enthalpy change and positive entropy change\n1. negative entropy change and a negative enthalpy change\n2. negative entropy change and positive enthalpy change\n3. negative enthalpy change and positive entropy change\nAnswer: 0\n\nThe equation \u0394H = \u0394U + P\u0394V is applicable\nChoose the best answer from the following options:\n0. always\n1. only for constant pressure processes\n2. only for constant temperature processes\n3. only for constant volume processes\nAnswer: ",
        "answer": 1
    },
    "48": {
        "question": "The number of allowed energy levels for the 55Mn nuclide are:\nChoose the best answer from the following options:\n0. 3\n1. 5\n2. 8\n3. 4\nAnswer: 0\n\nThe collision theory of reaction rates does not include\nChoose the best answer from the following options:\n0. the number of collisions per second\n1. the transition state\n2. the energy of each collision\n3. the orientation of each collision\nAnswer: 1\n\nThree steel containers hold gas samples. The containers are all the same size and at the same temperature. One container has 4.0 g of helium, another has 28.0 g of nitrogen, and the third has 44.0 g of carbon dioxide. Pick the FALSE statement from the following list:\nChoose the best answer from the following options:\n0. The densities increase in the order helium < nitrogen < carbon dioxide.\n1. The number of molecules in all the containers is the same.\n2. The pressure in all three containers is the same.\n3. The average speed of all the molecules is the same.\nAnswer: 3\n\nWhich of the following is an n-type semiconductor?\nChoose the best answer from the following options:\n0. Silicon\n1. Diamond\n2. Silicon carbide\n3. Arsenic-doped silicon\nAnswer: ",
        "answer": 3
    },
    "49": {
        "question": "When potassium perchlorate, KClO4, dissolves in water, the temperature of the resultant solution is lower than the initial temperature of the components. Which of the following conclusions may be related to this?\nChoose the best answer from the following options:\n0. This is a spontaneous process because it is exothermic.\n1. This is a spontaneous process because of an entropy increase.\n2. This is a spontaneous process because of an entropy decrease.\n3. This is a spontaneous process because it is exothermic.\nAnswer: 1\n\nNitronyl nitroxides are stable radicals in which the unpaired electron is coupled to two equivalent nitrogen nuclei. How many lines will appear in the EPR spectrum of a solution of a rigid nitronyl nitroxide diradical with J >> a?\nChoose the best answer from the following options:\n0. 3 lines\n1. 9 lines\n2. 5 lines\n3. 7 lines\nAnswer: 3\n\nWhat is the mass of one molecule of cholesterol (C27H46O, molecular mass = 386)?\nChoose the best answer from the following options:\n0. 6.41 \u00d7 10^-22 g\n1. 1.5 \u00d7 10^-21 g\n2. 1.38 \u00d7 10^-21 g\n3. 3 \u00d7 10^-23 g\nAnswer: 0\n\nWhich of the following experimental observations were explained by Planck\u2019s quantum theory?\nChoose the best answer from the following options:\n0. Blackbody radiation curves\n1. Emission spectra of diatomic molecules\n2. Electron diffraction patterns\n3. Temperature dependence of reaction rates\nAnswer: ",
        "answer": 0
    }
}