{
    "0": {
        "question": "The 1H Larmor frequency of benzene exceeds that of trifluoroacetic acid by 1.656 kHz on a 400 MHz spectrometer. The 1H chemical shift of benzene is 7.16 ppm. What is the chemical shift of trifluoroacetic acid?\nChoose the best answer from the following options:\n0. 3.02 ppm\n1. 5.03 ppm\n2. 10.56 ppm\n3. 11.30 ppm\nAnswer: 3\n\nWhich of the following statements most accurately explains why the 1H spectrum of 12CHCl3 is a singlet?\nChoose the best answer from the following options:\n0. Both 35Cl and 37Cl have I = 0.\n1. The hydrogen atom undergoes rapid intermolecular exchange.\n2. The molecule is not rigid.\n3. Both 35Cl and 37Cl have electric quadrupole moments.\nAnswer: ",
        "answer": 3
    },
    "1": {
        "question": "What is the orbital angular momentum quantum number, l, of the electron that is most easily removed when ground-state aluminum is ionized?\nChoose the best answer from the following options:\n0. 3\n1. 2\n2. 1\n3. 0\nAnswer: 2\n\nThe 99Ru chemical shift of [Ru(H2O)6]2+ is 16,050 ppm relative to [Ru(CN)6]2- at 0 ppm. The electronic excitation energies of [Ru(H2O)6]2+, [Ru(CN)6]2- and [Ru(NH3)6]2+ are 18,900, 40,000 and 25,600 cm-1 respectively. Assuming that the chemical shift differences are dominated by paramagnetic currents, determine the chemical shift of [Ru(NH3)6]2+.\nChoose the best answer from the following options:\n0. 7,530 ppm\n1. 8,090 ppm\n2. 11,070 ppm\n3. 14,840 ppm\nAnswer: ",
        "answer": 1
    },
    "2": {
        "question": "Which of the following experimental observations were explained by Planck\u2019s quantum theory?\nChoose the best answer from the following options:\n0. Blackbody radiation curves\n1. Emission spectra of diatomic molecules\n2. Electron diffraction patterns\n3. Temperature dependence of reaction rates\nAnswer: 0\n\nWhich of the following statements most accurately explains why the 1H spectrum of 12CHCl3 is a singlet?\nChoose the best answer from the following options:\n0. Both 35Cl and 37Cl have I = 0.\n1. The hydrogen atom undergoes rapid intermolecular exchange.\n2. The molecule is not rigid.\n3. Both 35Cl and 37Cl have electric quadrupole moments.\nAnswer: ",
        "answer": 3
    },
    "3": {
        "question": "The normal modes of a carbon dioxide molecule that are infrared-active include which of the following?\nI. Bending\nII. Symmetric stretching\nIII. Asymmetric stretching\nChoose the best answer from the following options:\n0. I only\n1. II only\n2. III only\n3. I and III only\nAnswer: 3\n\nWhich of the following statements most accurately explains why the 1H spectrum of 12CHCl3 is a singlet?\nChoose the best answer from the following options:\n0. Both 35Cl and 37Cl have I = 0.\n1. The hydrogen atom undergoes rapid intermolecular exchange.\n2. The molecule is not rigid.\n3. Both 35Cl and 37Cl have electric quadrupole moments.\nAnswer: ",
        "answer": 3
    },
    "4": {
        "question": "The equilibrium populations of the 1H energy levels of a molecule are n\u03b1 = n\u03b1eq and n\u03b2 = n\u03b2eq. What are the populations after a 5.0 \u03bcs pulse when B1 = 4.697 mT?\nChoose the best answer from the following options:\n0. n\u03b1 = n\u03b2eq and n\u03b2 = n\u03b1eq\n1. n\u03b1 = n\u03b1eq and n\u03b2 = n\u03b2eq\n2. n\u03b1 = \u00bd(n\u03b1eq + n\u03b2eq) and n\u03b2 = \u00bd(n\u03b1eq + n\u03b2eq)\n3. n\u03b1 = n\u03b1eq + n\u03b2eq and n\u03b2 = n\u03b1eq + n\u03b2eq\nAnswer: 0\n\nWhich of the following statements most accurately explains why the T1 of a nucleus is sometimes longer than its T2?\nChoose the best answer from the following options:\n0. T1, unlike T2, is sensitive to very low-frequency molecular motions.\n1. T2, unlike T1, is sensitive to very low-frequency molecular motions.\n2. T1, unlike T2, is sensitive to molecular motions at the Larmor frequency.\n3. T2, unlike T1, is sensitive to molecular motions at the Larmor frequency.\nAnswer: ",
        "answer": 3
    },
    "5": {
        "question": "The 13C spectrum of which isomer of C6H14 has lines with five distinct chemical shifts?\nChoose the best answer from the following options:\n0. hexane\n1. 2-methylpentane\n2. 3-methylpentane\n3. 2,3-dimethylbutane\nAnswer: 1\n\nCalculate the Q-factor for an X-band EPR cavity with a resonator bandwidth of 1.58 MHz.\nChoose the best answer from the following options:\n0. Q = 1012\n1. Q = 2012\n2. Q = 3012\n3. Q = 6012\nAnswer: ",
        "answer": 3
    },
    "6": {
        "question": "Predict the number of lines in the EPR spectrum of a solution of dimethylnitroxide (CH3)2NO\u2022 assuming the lines do not overlap.\nChoose the best answer from the following options:\n0. 21\n1. 3\n2. 7\n3. 24\nAnswer: 1\n\nWhich of the following experimental observations were explained by Planck\u2019s quantum theory?\nChoose the best answer from the following options:\n0. Blackbody radiation curves\n1. Emission spectra of diatomic molecules\n2. Electron diffraction patterns\n3. Temperature dependence of reaction rates\nAnswer: ",
        "answer": 0
    },
    "7": {
        "question": "Which of the following is a primary standard for use in standardizing bases?\nChoose the best answer from the following options:\n0. Ammonium hydroxide\n1. Sulfuric acid\n2. Acetic acid\n3. Potassium hydrogen phthalate\nAnswer: 3\n\nA radioactive isotope, which is used in diagnostic imaging, has a half-life of 6.0 hours. If a quantity of this isotope has an activity of 150 mCi when it is delivered to a hospital, how much activity will remain 24 hours after delivery? (mCi = microcuries)\nChoose the best answer from the following options:\n0. 150 mCi\n1. 38 mCi\n2. 19 mCi\n3. 9.4 mCi\nAnswer: ",
        "answer": 3
    },
    "8": {
        "question": "Calculate the magnetic field responsible for the polarization of 2.5 x 10^-6 for 13C at 298 K.\nChoose the best answer from the following options:\n0. 0.5 T\n1. 1.2 T\n2. 2.9 T\n3. 100 T\nAnswer: 2\n\nOf the following solutions, which will have the highest ionic strength? (Assume complete dissociation.)\nChoose the best answer from the following options:\n0. 0.050 M AlCl3\n1. 0.100 M NaCl\n2. 0.050 M CaCl2\n3. 0.100 M HCl\nAnswer: ",
        "answer": 0
    },
    "9": {
        "question": "Nitronyl nitroxides are stable radicals in which the unpaired electron is coupled to two equivalent nitrogen nuclei. How many lines will appear in the EPR spectrum of a solution of a rigid nitronyl nitroxide diradical with J >> a?\nChoose the best answer from the following options:\n0. 3 lines\n1. 9 lines\n2. 5 lines\n3. 7 lines\nAnswer: 3\n\nThe 99Ru chemical shift of [Ru(H2O)6]2+ is 16,050 ppm relative to [Ru(CN)6]2- at 0 ppm. The electronic excitation energies of [Ru(H2O)6]2+, [Ru(CN)6]2- and [Ru(NH3)6]2+ are 18,900, 40,000 and 25,600 cm-1 respectively. Assuming that the chemical shift differences are dominated by paramagnetic currents, determine the chemical shift of [Ru(NH3)6]2+.\nChoose the best answer from the following options:\n0. 7,530 ppm\n1. 8,090 ppm\n2. 11,070 ppm\n3. 14,840 ppm\nAnswer: ",
        "answer": 1
    },
    "10": {
        "question": "Which of the following experimental observations were explained by Planck\u2019s quantum theory?\nChoose the best answer from the following options:\n0. Blackbody radiation curves\n1. Emission spectra of diatomic molecules\n2. Electron diffraction patterns\n3. Temperature dependence of reaction rates\nAnswer: 0\n\nCalculate the equilibrium polarization of 13C nuclei in a 20.0 T magnetic field at 300 K.\nChoose the best answer from the following options:\n0. 10.8 x 10^-5\n1. 4.11 x 10^-5\n2. 3.43 x 10^-5\n3. 1.71 x 10^-5\nAnswer: ",
        "answer": 3
    },
    "11": {
        "question": "When the Heisenberg uncertainty principle is applied to a quantum mechanical particle in the lowest energy level of a one-dimensional box, which of the following is true?\nChoose the best answer from the following options:\n0. Momentum is known exactly, but no information about position can be known.\n1. Position is known exactly, but no information about momentum can be known.\n2. No information about either position or momentum can be known.\n3. Neither position nor momentum can be known exactly.\nAnswer: 3\n\nWhich one of the following statements is true:\nChoose the best answer from the following options:\n0. Protons and neutrons have orbital and spin angular momentum.\n1. Protons have orbital and spin angular momentum, neutrons have spin angular momentum.\n2. Protons and neutrons possess orbital angular momentum only.\n3. Protons and neutrons possess spin angular momentum only.\nAnswer: ",
        "answer": 2
    },
    "12": {
        "question": "What is the maximum value of the z-component of the spin angular momentum of 43Ca? [I = 7\u20442]\nChoose the best answer from the following options:\n0. 3.691 x 10^-34 J s\n1. 4.185 x 10^-34 J s\n2. 5.493 x 10^-34 J s\n3. 8.370 x 10^-34 J s\nAnswer: 0\n\nA student performs five titrations and obtains a mean result of 0.110 M, with a standard deviation of 0.001 M. If the actual concentration of the titrated solution is 0.100 M, which of the following is true about the titration results?\nChoose the best answer from the following options:\n0. Accurate but not precise\n1. Precise but not accurate\n2. Both accurate and precise\n3. Neither accurate nor precise\nAnswer: ",
        "answer": 1
    },
    "13": {
        "question": "The magnetic moment (\u03bcI) of an unknown nuclide is 2.884 x 10^-27 J T-1. Given the nuclear spin is known to be 1, identify the unknown nuclide.\nChoose the best answer from the following options:\n0. 14N\n1. 2H\n2. 19F\n3. 6Li\nAnswer: 1\n\nWhich one of the following statements is true:\nChoose the best answer from the following options:\n0. Large and positive g shifts are observed when the LUMO \u2013 HOMO gap is small and \u03bb is positive.\n1. Large deviations in g occurs when the energy difference between the SOMO and lowest lying excited state is large.\n2. A large deviation of g from ge is expected when \u03bb is large and the energy difference between the SOMO and the lowest lying excited state is small.\n3. A small deviation of g from ge is expected when \u03bb is small and positive.\nAnswer: ",
        "answer": 2
    },
    "14": {
        "question": "Which of the following statements is not a reason why tetramethylsilane is used as a 1H chemical shift reference.\nChoose the best answer from the following options:\n0. Its 1H spectrum is a singlet.\n1. Its protons are quite strongly shielded.\n2. It dissolves in most organic solvents.\n3. Most organic compounds do not contain silicon atoms.\nAnswer: 3\n\nThe 1H Larmor frequency of benzene exceeds that of trifluoroacetic acid by 1.656 kHz on a 400 MHz spectrometer. The 1H chemical shift of benzene is 7.16 ppm. What is the chemical shift of trifluoroacetic acid?\nChoose the best answer from the following options:\n0. 3.02 ppm\n1. 5.03 ppm\n2. 10.56 ppm\n3. 11.30 ppm\nAnswer: ",
        "answer": 3
    },
    "15": {
        "question": "Nitronyl nitroxides are stable radicals in which the unpaired electron is coupled to two equivalent nitrogen nuclei. How many lines will appear in the EPR spectrum of a solution of a rigid nitronyl nitroxide diradical with J << a?\nChoose the best answer from the following options:\n0. 3 lines\n1. 9 lines\n2. 5 lines\n3. 7 lines\nAnswer: 1\n\nOf the following compounds, which has the lowest melting point?\nChoose the best answer from the following options:\n0. HCl\n1. AgCl\n2. CaCl2\n3. CCl4\nAnswer: ",
        "answer": 0
    },
    "16": {
        "question": "What is the strength (B1) of a 13C 90\u00b0 pulse of duration 1 \u03bcs?\nChoose the best answer from the following options:\n0. 3.72 mT\n1. 5.18 mT\n2. 17.0 mT\n3. 23.3 mT\nAnswer: 1\n\nWhich of the following statements most accurately explains why the 1H spectrum of 12CHCl3 is a singlet?\nChoose the best answer from the following options:\n0. Both 35Cl and 37Cl have I = 0.\n1. The hydrogen atom undergoes rapid intermolecular exchange.\n2. The molecule is not rigid.\n3. Both 35Cl and 37Cl have electric quadrupole moments.\nAnswer: ",
        "answer": 3
    },
    "17": {
        "question": "Which one of the following statements is true:\nChoose the best answer from the following options:\n0. Protons and neutrons have orbital and spin angular momentum.\n1. Protons have orbital and spin angular momentum, neutrons have spin angular momentum.\n2. Protons and neutrons possess orbital angular momentum only.\n3. Protons and neutrons possess spin angular momentum only.\nAnswer: 2\n\nThe magnetic moment (\u03bcI) of an unknown nuclide is 2.884 x 10^-27 J T-1. Given the nuclear spin is known to be 1, identify the unknown nuclide.\nChoose the best answer from the following options:\n0. 14N\n1. 2H\n2. 19F\n3. 6Li\nAnswer: ",
        "answer": 1
    },
    "18": {
        "question": "Which of the following compounds has a 1H resonance approximately 1.55 kHz away from TMS on a spectrometer with a 12.0 T magnet?\nChoose the best answer from the following options:\n0. CH3F\n1. CH3Cl\n2. CH3Br\n3. CH3I\nAnswer: 1\n\nWhat is the maximum value of the z-component of the spin angular momentum of 43Ca? [I = 7\u20442]\nChoose the best answer from the following options:\n0. 3.691 x 10^-34 J s\n1. 4.185 x 10^-34 J s\n2. 5.493 x 10^-34 J s\n3. 8.370 x 10^-34 J s\nAnswer: ",
        "answer": 0
    },
    "19": {
        "question": "Which of the following must be true about a binary liquid mixture that obeys Raoult\u2019s law?\nI. The partial pressure of each component at equilibrium is proportional to its mole fraction in the liquid mixture.\nII. The volume of the mixture is equal to the sum of the volumes of each component before mixing.\nIII. Intermolecular interactions in the mixture are identical to intermolecular interactions in the pure components.\nChoose the best answer from the following options:\n0. I only\n1. III only\n2. I and III only\n3. I, II, and III\nAnswer: 3\n\nOf the following ionic substances, which has the greatest lattice enthalpy?\nChoose the best answer from the following options:\n0. MgO\n1. MgS\n2. NaF\n3. NaCl\nAnswer: ",
        "answer": 0
    },
    "20": {
        "question": "During a delay, spins with an offset frequency \u03a9 = 250 rad s-1 precess through an angle of 60\u00b0. How long is the delay?\nChoose the best answer from the following options:\n0. 4.19 ms\n1. 26.3 ms\n2. 240 ms\n3. 1510 ms\nAnswer: 0\n\nThe 1H spectrum of a mixture of dimethylsulphoxide (DMSO) and acetonitrile (AN) contains lines with relative intensities \u03b1 and 3\u03b1, respectively. What is the ratio of the two concentrations, [DMSO]:[AN]?\nChoose the best answer from the following options:\n0. 1:1\n1. 1:3\n2. 1:6\n3. 2:3\nAnswer: ",
        "answer": 2
    },
    "21": {
        "question": "A single line is seen in the 31P spectrum of a solution of sodium phosphate. The 31P chemical shifts of H2PO4\u203e and HPO42\u2013 are 3.42 ppm and 5.82 ppm respectively. What is the chemical shift when the pH of the solution equals the pKa of H2PO4\u203e?\nChoose the best answer from the following options:\n0. 3.41 ppm\n1. 3.98 ppm\n2. 4.33 ppm\n3. 4.62 ppm\nAnswer: 3\n\nCalculate the relative occupancies of the \u03b1 and \u03b2 spin energy levels for a radical species with g = 2.05, at L- and W-band frequencies (take TS = 300 K).\nChoose the best answer from the following options:\n0. N\u03b1/N\u03b2 = 0.9800 at L-band; N\u03b1/N\u03b2 = 0.9509 at W-band\n1. N\u03b1/N\u03b2 = 0.9950 at L-band; N\u03b1/N\u03b2 = 0.9609 at W-band\n2. N\u03b1/N\u03b2 = 0.9910 at L-band; N\u03b1/N\u03b2 = 0.9709 at W-band\n3. N\u03b1/N\u03b2 = 0.9850 at L-band; N\u03b1/N\u03b2 = 0.9809 at W-band\nAnswer: ",
        "answer": 3
    },
    "22": {
        "question": "The dissociation energy for a hydrogen-bromine bond is defined as the change in enthalpy, DH, for which of the following reactions?\nChoose the best answer from the following options:\n0. 2 HBr(g) \u2192 H2(g) + Br2(l)\n1. HBr(g) \u2192 H+(g) + Br\u2212(g)\n2. H(g) + Br(g) \u2192 HBr(g)\n3. HBr(g) \u2192 H(g) + Br(g)\nAnswer: 3\n\nOf the following ionic substances, which has the greatest lattice enthalpy?\nChoose the best answer from the following options:\n0. MgO\n1. MgS\n2. NaF\n3. NaCl\nAnswer: ",
        "answer": 0
    },
    "23": {
        "question": "Nitronyl nitroxides are stable radicals in which the unpaired electron is coupled to two equivalent nitrogen nuclei. How many lines will appear in the EPR spectrum of a solution of a rigid nitronyl nitroxide diradical with J << a?\nChoose the best answer from the following options:\n0. 3 lines\n1. 9 lines\n2. 5 lines\n3. 7 lines\nAnswer: 1\n\nElements with partially filled 4f or 5f orbitals include all of the following EXCEPT\nChoose the best answer from the following options:\n0. Cu\n1. Gd\n2. Eu\n3. Am\nAnswer: ",
        "answer": 0
    },
    "24": {
        "question": "Which of the following types of spectroscopy is a light-scattering technique?\nChoose the best answer from the following options:\n0. Nuclear magnetic resonance\n1. Infrared\n2. Raman\n3. Ultraviolet-visible\nAnswer: 2\n\nOf the following ionic substances, which has the greatest lattice enthalpy?\nChoose the best answer from the following options:\n0. MgO\n1. MgS\n2. NaF\n3. NaCl\nAnswer: ",
        "answer": 0
    },
    "25": {
        "question": "Of the following solutions, which will have the highest ionic strength? (Assume complete dissociation.)\nChoose the best answer from the following options:\n0. 0.050 M AlCl3\n1. 0.100 M NaCl\n2. 0.050 M CaCl2\n3. 0.100 M HCl\nAnswer: 0\n\nCalculate the magnetic field responsible for the polarization of 2.5 x 10^-6 for 13C at 298 K.\nChoose the best answer from the following options:\n0. 0.5 T\n1. 1.2 T\n2. 2.9 T\n3. 100 T\nAnswer: ",
        "answer": 2
    },
    "26": {
        "question": "What is the strength (B1) of a 13C 90\u00b0 pulse of duration 1 \u03bcs?\nChoose the best answer from the following options:\n0. 3.72 mT\n1. 5.18 mT\n2. 17.0 mT\n3. 23.3 mT\nAnswer: 1\n\nAt 25\u00b0C, the maximum amount of PbI2 that can be dissolved in 1.00 L of pure water is 1.0 mmol. Assuming complete dissociation, the solubility product, K_sp, for lead iodide at 25\u00b0C is\nChoose the best answer from the following options:\n0. 1.0 \u00d7 10^\u22123\n1. 1.0 \u00d7 10^\u22126\n2. 1.0 \u00d7 10^\u22129\n3. 4.0 \u00d7 10^\u22129\nAnswer: ",
        "answer": 3
    },
    "27": {
        "question": "What is the NMR frequency of 31P in a 20.0 T magnetic field?\nChoose the best answer from the following options:\n0. 54.91 MHz\n1. 239.2 MHz\n2. 345.0 MHz\n3. 2167 MHz\nAnswer: 2\n\nA Cu(II) metal ion (giso = 2.12) produces four lines with a separation of 500 MHz between each line. Express the hyperfine splitting in field units of mT and the hyperfine coupling in units of wavenumbers.\nChoose the best answer from the following options:\n0. 500 MHz = 0.185 mT = 0.29842 cm-1\n1. 500 MHz = 16.850 mT = 0.01667 cm-1\n2. 500 MHz = 32.953 mT = 0.76298 cm-1\n3. 500 MHz = 45.672 mT = 2.86329 cm-1\nAnswer: ",
        "answer": 2
    },
    "28": {
        "question": "Which of the following metal ions cannot be used as a paramagnetic quencher?\nChoose the best answer from the following options:\n0. Ti3+\n1. Cr3+\n2. Fe3+\n3. Zn2+\nAnswer: 1\n\nA substance that is NOT generally considered to be a toxic pollutant in water is\nChoose the best answer from the following options:\n0. carbonic acid\n1. a halogenated hydrocarbon\n2. lead\n3. mercury\nAnswer: ",
        "answer": 0
    },
    "29": {
        "question": "Which of the following types of spectroscopy is a light-scattering technique?\nChoose the best answer from the following options:\n0. Nuclear magnetic resonance\n1. Infrared\n2. Raman\n3. Ultraviolet-visible\nAnswer: 2\n\nA molecule has a rotational correlation time of 1 ns. At what magnetic field would protons in this molecule have the fastest spin-lattice relaxation? [Use eqns 5.3 and 5.4.]\nChoose the best answer from the following options:\n0. 3.74 T\n1. 5.19 T\n2. 6.08 T\n3. 9.49 T\nAnswer: ",
        "answer": 0
    },
    "30": {
        "question": "Which of the following is a primary standard for use in standardizing bases?\nChoose the best answer from the following options:\n0. Ammonium hydroxide\n1. Sulfuric acid\n2. Acetic acid\n3. Potassium hydrogen phthalate\nAnswer: 3\n\nWhich one of the following statements is true:\nChoose the best answer from the following options:\n0. Protons and neutrons have orbital and spin angular momentum.\n1. Protons have orbital and spin angular momentum, neutrons have spin angular momentum.\n2. Protons and neutrons possess orbital angular momentum only.\n3. Protons and neutrons possess spin angular momentum only.\nAnswer: ",
        "answer": 2
    },
    "31": {
        "question": "Which of the following is a primary standard for use in standardizing bases?\nChoose the best answer from the following options:\n0. Ammonium hydroxide\n1. Sulfuric acid\n2. Acetic acid\n3. Potassium hydrogen phthalate\nAnswer: 3\n\nCalculate the relative occupancies of the \u03b1 and \u03b2 spin energy levels for a radical species with g = 2.05, at L- and W-band frequencies (take TS = 300 K).\nChoose the best answer from the following options:\n0. N\u03b1/N\u03b2 = 0.9800 at L-band; N\u03b1/N\u03b2 = 0.9509 at W-band\n1. N\u03b1/N\u03b2 = 0.9950 at L-band; N\u03b1/N\u03b2 = 0.9609 at W-band\n2. N\u03b1/N\u03b2 = 0.9910 at L-band; N\u03b1/N\u03b2 = 0.9709 at W-band\n3. N\u03b1/N\u03b2 = 0.9850 at L-band; N\u03b1/N\u03b2 = 0.9809 at W-band\nAnswer: ",
        "answer": 3
    },
    "32": {
        "question": "The 1H Larmor frequency of benzene exceeds that of trifluoroacetic acid by 1.656 kHz on a 400 MHz spectrometer. The 1H chemical shift of benzene is 7.16 ppm. What is the chemical shift of trifluoroacetic acid?\nChoose the best answer from the following options:\n0. 3.02 ppm\n1. 5.03 ppm\n2. 10.56 ppm\n3. 11.30 ppm\nAnswer: 3\n\nPredict the hyperfine value for the EPR spectrum of fully deuteriated benzene radical anion C6D6\u2022-.\nChoose the best answer from the following options:\n0. 0.375 mT\n1. 3.75 G\n2. 2.35 mT\n3. 0.58 G\nAnswer: ",
        "answer": 3
    },
    "33": {
        "question": "The solid-state structures of the principal allotropes of elemental boron are made up of which of the following structural units?\nChoose the best answer from the following options:\n0. B12 icosahedra\n1. B8 cubes\n2. B6 octahedra\n3. B4 tetrahedra\nAnswer: 0\n\nThe 13C chemical shifts of benzene and chloroform are 128.4 ppm and 77.2 ppm respectively. What is the difference in the 13C NMR frequencies of the two compounds on a 600 MHz spectrometer?\nChoose the best answer from the following options:\n0. 7.73 kHz\n1. 30.7 kHz\n2. 91.6 kHz\n3. 122 kHz\nAnswer: ",
        "answer": 0
    },
    "34": {
        "question": "The equilibrium populations of the 1H energy levels of a molecule are n\u03b1 = n\u03b1eq and n\u03b2 = n\u03b2eq. What are the populations after a 5.0 \u03bcs pulse when B1 = 4.697 mT?\nChoose the best answer from the following options:\n0. n\u03b1 = n\u03b2eq and n\u03b2 = n\u03b1eq\n1. n\u03b1 = n\u03b1eq and n\u03b2 = n\u03b2eq\n2. n\u03b1 = \u00bd(n\u03b1eq + n\u03b2eq) and n\u03b2 = \u00bd(n\u03b1eq + n\u03b2eq)\n3. n\u03b1 = n\u03b1eq + n\u03b2eq and n\u03b2 = n\u03b1eq + n\u03b2eq\nAnswer: 0\n\nElements with partially filled 4f or 5f orbitals include all of the following EXCEPT\nChoose the best answer from the following options:\n0. Cu\n1. Gd\n2. Eu\n3. Am\nAnswer: ",
        "answer": 0
    },
    "35": {
        "question": "The T2 of an NMR line is 15 ms. Ignoring other sources of linebroadening, calculate its linewidth.\nChoose the best answer from the following options:\n0. 0.0471 Hz\n1. 21.2 Hz\n2. 42.4 Hz\n3. 66.7 Hz\nAnswer: 1\n\nThe 1H spectrum of a mixture of dimethylsulphoxide (DMSO) and acetonitrile (AN) contains lines with relative intensities \u03b1 and 3\u03b1, respectively. What is the ratio of the two concentrations, [DMSO]:[AN]?\nChoose the best answer from the following options:\n0. 1:1\n1. 1:3\n2. 1:6\n3. 2:3\nAnswer: ",
        "answer": 2
    },
    "36": {
        "question": "When the following equation is balanced, which of the following is true?\n__ MnO4\u2212 + __ I\u2212 + __ H+ <-> __ Mn2+ + __ IO3\u2212 + __ H2O\nChoose the best answer from the following options:\n0. The I\u2212 : IO3\u2212 ratio is 3:1.\n1. The MnO4- : I- ratio is 6:5.\n2. The MnO4- : Mn2+ ratio is 3:1.\n3. The H+ : I\u2212 ratio is 2:1.\nAnswer: 1\n\nWhich of the following procedures tend(s) to minimize the influence of random errors on measured results?\nI. Signal averaging\nII. Use of internal standards\nIII. Averaging the results from multiple samples\nChoose the best answer from the following options:\n0. I only\n1. II only\n2. III only\n3. I and III only\nAnswer: ",
        "answer": 3
    },
    "37": {
        "question": "Estimate the \u03b2-hyperfine value for the cyclobutyl radical (C4H7\u2022) assuming the radical is flat and the HCH angle is 115\u00b0.\nChoose the best answer from the following options:\n0. 4.6 mT\n1. 27 G\n2. 5.4 mT\n3. 3.8 mT\nAnswer: 0\n\nA silyl radical bearing an Si-H\u00b7 fragment has a g value of 2.0033 and a pair of lines separated by 15.5 MHz. Express the splitting in units of mT, Gauss and cm-1.\nChoose the best answer from the following options:\n0. 15.5 MHz = 11.104 mT = 27.201 Gauss = 0.862 x 10^-4 cm-1\n1. 15.5 MHz = 7.352 mT = 10.104 Gauss = 18.39 x 10^-4 cm-1\n2. 15.5 MHz = 1.55 mT = 0.562 Gauss = 31.0 x 10^-4 cm-1\n3. 15.5 MHz = 0.553 mT = 5.530 Gauss = 5.17 x 10^-4 cm-1\nAnswer: ",
        "answer": 1
    },
    "38": {
        "question": "The dissociation energy for a hydrogen-bromine bond is defined as the change in enthalpy, DH, for which of the following reactions?\nChoose the best answer from the following options:\n0. 2 HBr(g) \u2192 H2(g) + Br2(l)\n1. HBr(g) \u2192 H+(g) + Br\u2212(g)\n2. H(g) + Br(g) \u2192 HBr(g)\n3. HBr(g) \u2192 H(g) + Br(g)\nAnswer: 3\n\nA silyl radical bearing an Si-H\u00b7 fragment has a g value of 2.0033 and a pair of lines separated by 15.5 MHz. Express the splitting in units of mT, Gauss and cm-1.\nChoose the best answer from the following options:\n0. 15.5 MHz = 11.104 mT = 27.201 Gauss = 0.862 x 10^-4 cm-1\n1. 15.5 MHz = 7.352 mT = 10.104 Gauss = 18.39 x 10^-4 cm-1\n2. 15.5 MHz = 1.55 mT = 0.562 Gauss = 31.0 x 10^-4 cm-1\n3. 15.5 MHz = 0.553 mT = 5.530 Gauss = 5.17 x 10^-4 cm-1\nAnswer: ",
        "answer": 1
    },
    "39": {
        "question": "At 25\u00b0C, the maximum amount of PbI2 that can be dissolved in 1.00 L of pure water is 1.0 mmol. Assuming complete dissociation, the solubility product, K_sp, for lead iodide at 25\u00b0C is\nChoose the best answer from the following options:\n0. 1.0 \u00d7 10^\u22123\n1. 1.0 \u00d7 10^\u22126\n2. 1.0 \u00d7 10^\u22129\n3. 4.0 \u00d7 10^\u22129\nAnswer: 3\n\nWhich of the following experimental observations were explained by Planck\u2019s quantum theory?\nChoose the best answer from the following options:\n0. Blackbody radiation curves\n1. Emission spectra of diatomic molecules\n2. Electron diffraction patterns\n3. Temperature dependence of reaction rates\nAnswer: ",
        "answer": 0
    },
    "40": {
        "question": "The equation \u0394H = \u0394U + P\u0394V is applicable\nChoose the best answer from the following options:\n0. always\n1. only for constant pressure processes\n2. only for constant temperature processes\n3. only for constant volume processes\nAnswer: 1\n\nNitronyl nitroxides are stable radicals in which the unpaired electron is coupled to two equivalent nitrogen nuclei. How many lines will appear in the EPR spectrum of a solution of a rigid nitronyl nitroxide diradical with J >> a?\nChoose the best answer from the following options:\n0. 3 lines\n1. 9 lines\n2. 5 lines\n3. 7 lines\nAnswer: ",
        "answer": 3
    },
    "41": {
        "question": "Predict the hyperfine value for the EPR spectrum of fully deuteriated benzene radical anion C6D6\u2022-.\nChoose the best answer from the following options:\n0. 0.375 mT\n1. 3.75 G\n2. 2.35 mT\n3. 0.58 G\nAnswer: 3\n\nSuppose that the 13C nuclei in a molecule in a 600 MHz spectrometer can be 100% polarized (p = 1). If T1 = 5.0 s, how long does it take for p to reach a value equal to twice the thermal equilibrium polarization at 298 K?\nChoose the best answer from the following options:\n0. [The polarization relaxes exponentially: p(t) = [p(0) - peq]exp(-t/T1) + peq.]\n1. 72.0 s\n2. 56.6 s\n3. 12.7 s\nAnswer: ",
        "answer": 1
    },
    "42": {
        "question": "Calculate the magnetic moment (\u03bcI) of a 13C nucleus.\nChoose the best answer from the following options:\n0. 6.1445 x 10^-27 J T-1\n1. 3.1445 x 10^-27 J T-1\n2. 9.1445 x 10^-27 J T-1\n3. 1.1445 x 10^-28 J T-1\nAnswer: 2\n\nWhich of the following is classified as a conjugate acid-base pair?\nChoose the best answer from the following options:\n0. HCl / NaOH\n1. H3O+ / H2O\n2. O2 / H2O\n3. H+ / Cl\u2212\nAnswer: ",
        "answer": 1
    },
    "43": {
        "question": "What is the ratio of line intensities in the EPR spectrum of the t-Bu radical (CH3)3C\u2022?\nChoose the best answer from the following options:\n0. 1:19:36:84:126:126:84:36:19:1\n1. 1:9:36:84:126:126:84:36:9:1\n2. 1:9:35:82:120:120:82:35:9:1\n3. 1:8:28:56:70:56:28:8:1\nAnswer: 3\n\nThe equation \u0394H = \u0394U + P\u0394V is applicable\nChoose the best answer from the following options:\n0. always\n1. only for constant pressure processes\n2. only for constant temperature processes\n3. only for constant volume processes\nAnswer: ",
        "answer": 1
    },
    "44": {
        "question": "When the Heisenberg uncertainty principle is applied to a quantum mechanical particle in the lowest energy level of a one-dimensional box, which of the following is true?\nChoose the best answer from the following options:\n0. Momentum is known exactly, but no information about position can be known.\n1. Position is known exactly, but no information about momentum can be known.\n2. No information about either position or momentum can be known.\n3. Neither position nor momentum can be known exactly.\nAnswer: 3\n\nWhat is the strength (B1) of a 13C 90\u00b0 pulse of duration 1 \u03bcs?\nChoose the best answer from the following options:\n0. 3.72 mT\n1. 5.18 mT\n2. 17.0 mT\n3. 23.3 mT\nAnswer: ",
        "answer": 1
    },
    "45": {
        "question": "Of the following compounds, which has the lowest melting point?\nChoose the best answer from the following options:\n0. HCl\n1. AgCl\n2. CaCl2\n3. CCl4\nAnswer: 0\n\nThe normal modes of a carbon dioxide molecule that are infrared-active include which of the following?\nI. Bending\nII. Symmetric stretching\nIII. Asymmetric stretching\nChoose the best answer from the following options:\n0. I only\n1. II only\n2. III only\n3. I and III only\nAnswer: ",
        "answer": 3
    },
    "46": {
        "question": "The fact that the infrared absorption frequency of deuterium chloride (DCl) is shifted from that of hydrogen chloride (HCl) is due to the differences in their\nChoose the best answer from the following options:\n0. electron distribution\n1. dipole moment\n2. force constant\n3. reduced mass\nAnswer: 3\n\nA substance that is NOT generally considered to be a toxic pollutant in water is\nChoose the best answer from the following options:\n0. carbonic acid\n1. a halogenated hydrocarbon\n2. lead\n3. mercury\nAnswer: ",
        "answer": 0
    },
    "47": {
        "question": "In the vibrational-rotational spectrum of a diatomic molecule, the R-branch of the spectrum is the result of which of the following transitions?\nChoose the best answer from the following options:\n0. \u0394J = 0; \u0394u = 0\n1. \u0394J = 1; \u0394u = 0\n2. \u0394J = 2; \u0394u = 0\n3. \u0394J = 1; \u0394u = 1\nAnswer: 3\n\nWhich of the following statements most accurately explains why the T1 of a nucleus is sometimes longer than its T2?\nChoose the best answer from the following options:\n0. T1, unlike T2, is sensitive to very low-frequency molecular motions.\n1. T2, unlike T1, is sensitive to very low-frequency molecular motions.\n2. T1, unlike T2, is sensitive to molecular motions at the Larmor frequency.\n3. T2, unlike T1, is sensitive to molecular motions at the Larmor frequency.\nAnswer: ",
        "answer": 3
    },
    "48": {
        "question": "Which of the following compounds has a 1H resonance approximately 1.55 kHz away from TMS on a spectrometer with a 12.0 T magnet?\nChoose the best answer from the following options:\n0. CH3F\n1. CH3Cl\n2. CH3Br\n3. CH3I\nAnswer: 1\n\nA buffer is made from equal concentrations of a weak acid and its conjugate base. Doubling the volume of the buffer solution by adding water has what effect on its pH?\nChoose the best answer from the following options:\n0. It has little effect.\n1. It significantly increases the pH.\n2. It significantly decreases the pH.\n3. It changes the pH asymptotically to the pKa of the acid.\nAnswer: ",
        "answer": 0
    },
    "49": {
        "question": "Elements with partially filled 4f or 5f orbitals include all of the following EXCEPT\nChoose the best answer from the following options:\n0. Cu\n1. Gd\n2. Eu\n3. Am\nAnswer: 0\n\nSuppose that the 13C nuclei in a molecule in a 600 MHz spectrometer can be 100% polarized (p = 1). If T1 = 5.0 s, how long does it take for p to reach a value equal to twice the thermal equilibrium polarization at 298 K?\nChoose the best answer from the following options:\n0. [The polarization relaxes exponentially: p(t) = [p(0) - peq]exp(-t/T1) + peq.]\n1. 72.0 s\n2. 56.6 s\n3. 12.7 s\nAnswer: ",
        "answer": 1
    }
}