[
  {
    "question": "Which of the following adaptive features would least likely be found in an animal living in a hot arid environment?\nChoose the best answer from the following options:\n0. Long loops of Henle to maximize water reabsorption\n1. Storage of water in fatty tissues\n2. Large ears to aid in heat dispersion\n3. Short loops of Henle to maximize water secretion\nAnswer: ",
    "answer": 3
  },
  {
    "question": "All of the following are examples of connective tissue EXCEPT\nChoose the best answer from the following options:\n0. ligaments\n1. muscle\n2. blood\n3. cartilage\nAnswer: ",
    "answer": 1
  },
  {
    "question": "You observe a species that gives birth to only one offspring at a time and has a relatively long life-span for its body size. Which of the following is probably also true of this organism?\nChoose the best answer from the following options:\n0. It lives in a newly colonized habitat.\n1. It is an aquatic organism.\n2. It requires relatively high parental care of offspring.\n3. The age at which the offspring themselves can give birth is relatively young.\nAnswer: ",
    "answer": 2
  },
  {
    "question": "In a population of giraffes, an environmental change occurs that favors individuals that are tallest. As a result, more of the taller individuals are able to obtain nutrients and survive to pass along their genetic information. This is an example of\nChoose the best answer from the following options:\n0. directional selection.\n1. stabilizing selection.\n2. sexual selection.\n3. disruptive selection.\nAnswer: ",
    "answer": 0
  },
  {
    "question": "Which of the following is correct about organisms that are the first to colonize a habitat undergoing ecological succession?\nChoose the best answer from the following options:\n0. They are the fiercest competitors in the area.\n1. They maintain the habitat as it is for their own kind.\n2. They change the habitat in a way that makes it more habitable for other organisms.\n3. They are small invertebrates.\nAnswer: ",
    "answer": 2
  },
  {
    "question": "Which of the following is most correct concerning cell differentiation in vertebrates?\nChoose the best answer from the following options:\n0. Cells in different tissues contain different sets of genes, leading to structural and functional differences.\n1. Differences in the timing and expression levels of different genes leads to structural and functional differences.\n2. Differences in the reading frame of mRNA leads to structural and functional differences.\n3. Differences between tissues result from spontaneous morphogenesis.\nAnswer: ",
    "answer": 1
  },
  {
    "question": "A researcher grows a population of ferns in her laboratory. She notices, after a few generations, a new variant that has a distinct phenotype. When she tries to breed the original phenotype with the new one, no offspring are produced. When she breeds the new variants, however, offspring that look like the new variant result. Which of the following could possibly characterize the new variant?\nChoose the best answer from the following options:\n0. Adaptive radiation\n1. Divergent selection\n2. Equilibrium\n3. Polyploidy\nAnswer: ",
    "answer": 3
  },
  {
    "question": "When oxygen becomes unavailable, this process regenerates NAD+, allowing respiration to continue.\nChoose the best answer from the following options:\n0. Glycolysis\n1. Chemiosmosis\n2. Fermentation\n3. Calvin cycle\nAnswer: ",
    "answer": 2
  },
  {
    "question": "In the process of generating ATP, hydrogen ions (H+, or protons) are transported across the inner mitochondrial membrane and the thylakoid membrane by a proton pump (an ATPase). You would expect to find similar proton pumps in the plasma membranes of\nChoose the best answer from the following options:\n0. bacteria\n1. mammalian muscle cells\n2. mammalian nerve cells\n3. plants and fungi\nAnswer: ",
    "answer": 0
  },
  {
    "question": "Organisms in which of the following phyla have a true coelom?\nChoose the best answer from the following options:\n0. Platyhelminthes\n1. Porifera\n2. Annelida\n3. Nematoda\nAnswer: ",
    "answer": 1
  },
  {
    "question": "A researcher is experimenting with nerve transmission using neurons from a giant squid. At the beginning of the experiment, the axon is at rest and has a threshold measured at –70 mV at 37oC. The axon receives one stimulus that triggers one action potential in the axon. Subsequent stimuli are much stronger. Which of the following statements explains what happens when several strong stimuli are experienced by the axon?\nChoose the best answer from the following options:\n0. The axon becomes hyperpolarized to –90 mV.\n1. The axon becomes hyperpolarized to –50 mV.\n2. The strength of the action potential becomes greater.\n3. The frequency of the action potential increases.\nAnswer: ",
    "answer": 3
  },
  {
    "question": "Within a few weeks of treatment with the drug 3TC, a patient's HIV population consists entirely of 3TC-resistant viruses. How can this result best be explained?\nChoose the best answer from the following options:\n0. HIV can change its surface proteins and resist vaccines.\n1. The patient must have become reinfected with 3TC-resistant viruses.\n2. HIV began making drug-resistant versions of reverse transcriptase in response to the drug.\n3. A few drug-resistant viruses were present at the start of treatment, and natural selection increased their frequency.\nAnswer: ",
    "answer": 3
  },
  {
    "question": "Which of the following statements about post-transcriptional modification are incorrect?\nChoose the best answer from the following options:\n0. A poly-A tail is added to the 3′ end of the mRNA.\n1. A guanine cap is added to the 5′ end of the mRNA.\n2. Introns are removed from the mRNA.\n3. Posttranscriptional modification occurs in the cytoplasm.\nAnswer: ",
    "answer": 3
  },
  {
    "question": "Which of the following statements about lipids is correct?\nChoose the best answer from the following options:\n0. Unsaturated fatty acids are linked to heart disease.\n1. Lipids make up most cell surface receptors.\n2. Phospholipids are water soluble.\n3. Steroids are lipids that consist of glycerol and fatty acids.\nAnswer: ",
    "answer": 2
  },
  {
    "question": "The fluidity of the plasma membrane can vary in response to temperature changes. For bacteria and yeast cells, which of the following would be a viable strategy to maintain homeostasis of the plasma membrane in a temperature-varying environment?\nChoose the best answer from the following options:\n0. Increase the concentration of solutes in the cytosol.\n1. Change the ratio of phospholipids with double covalent bonds in their tails to those without double covalent bonds in their tails.\n2. Replace phospholipids with glucose molecules.\n3. Exchange phospholipids from one side of the plasma membrane to the other.\nAnswer: ",
    "answer": 1
  },
  {
    "question": "If neutral variation is truly \"neutral,\" then it should have no effect on\nChoose the best answer from the following options:\n0. nucleotide diversity.\n1. average heterozygosity.\n2. our ability to measure the rate of evolution.\n3. relative fitness.\nAnswer: ",
    "answer": 3
  },
  {
    "question": "Which of the following properties is responsible for holding together the water molecules in a vertical column of water in xylem vessels of a plant?\nChoose the best answer from the following options:\n0. the strong adhesion property of water\n1. the strong cohesion of property of water\n2. the high heat capacity of water\n3. the strong cohesion property of cellulose in the xylem cell wall\nAnswer: ",
    "answer": 1
  },
  {
    "question": "Which of the following best explains why a population is described as the evolutionary unit?\nChoose the best answer from the following options:\n0. Genetic changes can only occur at the population level.\n1. The gene pool in a population remains fixed over time.\n2. Natural selection affects individuals, not populations.\n3. Individuals cannot evolve, but populations can.\nAnswer: ",
    "answer": 3
  },
  {
    "question": "Which of the following represents an idea that Darwin learned from the writings of Thomas Malthus?\nChoose the best answer from the following options:\n0. All species are fixed in the form in which they are created.\n1. Populations tend to increase at a faster rate than their food supply normally allows.\n2. Earth changed over the years through a series of catastrophic upheavals.\n3. The environment is responsible for natural selection.\nAnswer: ",
    "answer": 1
  },
  {
    "question": "Although mutations occur at a regular and predictable rate, which of the following statements is the LEAST likely reason the frequency of mutation appears to be low?\nChoose the best answer from the following options:\n0. Some mutations produce alleles that are recessive and may not be expressed.\n1. Some undesirable phenotypic traits may be prevented from reproducing.\n2. Some mutations cause such drastic phenotypic changes that they are removed from the gene pool.\n3. The predictable rate of mutation results in ongoing variability in a gene pool.\nAnswer: ",
    "answer": 3
  },
  {
    "question": "A lizard lacking a chemical defense mechanism that is colored in the same way as a lizard that has a defense mechanism is displaying\nChoose the best answer from the following options:\n0. aposometric coloration.\n1. cryptic coloration.\n2. Batesian mimicry.\n3. Müllerian mimicry.\nAnswer: ",
    "answer": 2
  },
  {
    "question": "The energy given up by electrons as they move through the electron transport chain is used to\nChoose the best answer from the following options:\n0. break down glucose\n1. make glucose\n2. produce ATP\n3. make NADH\nAnswer: ",
    "answer": 2
  },
  {
    "question": "Which of the following statements about cellular respiration is correct?\nChoose the best answer from the following options:\n0. Most CO2 produced during cellular respiration is released from glycolysis.\n1. Protons are pumped through ATP synthase by active transport.\n2. The final electron acceptor of the electron transport chain is NAD+.\n3. ATP is formed because an endergonic reaction is coupled with an exergonic reaction.\nAnswer: ",
    "answer": 3
  },
  {
    "question": "Of the following anatomical structures, which is homologous to the wing of a bird?\nChoose the best answer from the following options:\n0. Dorsal fin of a shark\n1. Hindlimb of a kangaroo\n2. Wing of a butterfly\n3. Flipper of a cetacean\nAnswer: ",
    "answer": 3
  },
  {
    "question": "According to the heterotroph hypothesis, which event had to occur before oxygen filled the atmosphere?\nChoose the best answer from the following options:\n0. Heterotrophs had to remove carbon dioxide from the air.\n1. Autotrophs, which make their own food, had to evolve.\n2. Heterotrophs had to evolve.\n3. Autotrophs had to convert atmospheric nitrogen to nitrate.\nAnswer: ",
    "answer": 1
  },
  {
    "question": "In plants, the tendency of climbing vines to twine their tendrils around a trellis is called\nChoose the best answer from the following options:\n0. thigmotropism\n1. hydrotropism\n2. phototropism\n3. geotropism\nAnswer: ",
    "answer": 0
  },
  {
    "question": "Refer to question 15 for details on the squirrel population. Which of the following conditions is required to keep this population in Hardy-Weinberg equilibrium?\nChoose the best answer from the following options:\n0. Random mating\n1. Genetic drift\n2. Mutation\n3. Gene flow\nAnswer: ",
    "answer": 0
  },
  {
    "question": "A student conducts an experiment to test the efficiency of a certain enzyme. Which of the following protocols would probably not result in a change in the enzyme’s efficiency?\nChoose the best answer from the following options:\n0. Bringing the temperature of the experimental setup from 20°C to 50°C\n1. Adding an acidic solution to the setup\n2. Adding substrate but not enzyme\n3. Placing the substrate and enzyme in a container with double the capacity\nAnswer: ",
    "answer": 3
  },
  {
    "question": "All of the following are modes of asexual reproduction EXCEPT\nChoose the best answer from the following options:\n0. sporulation\n1. fission\n2. budding\n3. meiosis\nAnswer: ",
    "answer": 3
  },
  {
    "question": "Which of the following about meiosis is NOT true?\nChoose the best answer from the following options:\n0. Meiosis produces two haploid gametes.\n1. Homologous chromosomes join during synapsis.\n2. Sister chromatids separate during meiosis I.\n3. Crossing-over increases genetic variation in gametes.\nAnswer: ",
    "answer": 2
  },
  {
    "question": "In most ecosystems, net primary productivity is important because it represents the\nChoose the best answer from the following options:\n0. energy available to producers\n1. total solar energy converted to chemical energy by producers\n2. biomass of all producers\n3. energy available to heterotrophs\nAnswer: ",
    "answer": 3
  },
  {
    "question": "What was the prevailing notion prior to the time of Lyell and Darwin?\nChoose the best answer from the following options:\n0. Earth is a few thousand years old, and populations are unchanging.\n1. Earth is a few thousand years old, and populations gradually change.\n2. Earth is millions of years old, and populations rapidly change.\n3. Earth is millions of years old, and populations are unchanging.\nAnswer: ",
    "answer": 0
  },
  {
    "question": "A chemical agent is found to denature all enzymes in the synaptic cleft. What effect will this agent have on acetylcholine?\nChoose the best answer from the following options:\n0. Acetylcholine will not be released from the presynaptic membrane.\n1. Acetylcholine will not bind to receptor proteins on the postsynaptic membrane.\n2. Acetylcholine will not diffuse across the cleft to the postsynaptic membrane.\n3. Acetylcholine will not be degraded in the synaptic cleft.\nAnswer: ",
    "answer": 3
  },
  {
    "question": "All of the following organs in the digestive system secrete digestive enzymes EXCEPT the\nChoose the best answer from the following options:\n0. mouth\n1. stomach\n2. gall bladder\n3. small intestine\nAnswer: ",
    "answer": 2
  },
  {
    "question": "The base composition of DNA varies from one species to another. Which of the following ratios would you expect to remain constant in the DNA?\nChoose the best answer from the following options:\n0. Cytosine : Adenine\n1. Pyrimidine : Purine\n2. Adenine : Guanine\n3. Guanine : Deoxyribose\nAnswer: ",
    "answer": 1
  },
  {
    "question": "snRNPs are most closely associated with which of the following?\nChoose the best answer from the following options:\n0. Cell division\n1. Apoptosis\n2. Replication of DNA\n3. RNA processing\nAnswer: ",
    "answer": 3
  },
  {
    "question": "When imbalances occur in the sex ratio of sexual species that have two sexes (i.e., other than a 50:50 ratio), the members of the minority sex often receive a greater proportion of care and resources from parents than do the offspring of the majority sex. This is most clearly an example of\nChoose the best answer from the following options:\n0. sexual selection.\n1. disruptive selection.\n2. balancing selection.\n3. frequency-dependent selection.\nAnswer: ",
    "answer": 3
  },
  {
    "question": "A rooster with gray feathers and a hen with the same phenotype produce 17 gray, 7 black, and 8 white chicks. What is the simplest explanation for the inheritance of these colors in chickens?\nChoose the best answer from the following options:\n0. The trait for gray is epistatic over the trait for black.\n1. The trait for gray is epistatic over the trait for white.\n2. The traits for black and white color demonstrate incomplete dominance.\n3. The traits for black and white color demonstrate codominance.\nAnswer: ",
    "answer": 2
  },
  {
    "question": "When the first tiny prokaryotic cell took up residence inside a larger prokaryotic cell, it heralded the advent of the eukaryotic cell and led to an explosion of new life on Earth. Since then, most cells on Earth have internal organelles. Which of the following best summarizes an advantage of having internal membranes and organelles?\nChoose the best answer from the following options:\n0. DNA can reproduce more efficiently.\n1. Even though prokaryotes do not have mitochondria, they contain structures that carry out the same function.\n2. Organelles separate specific reactions in the cell and increase metabolic efficiency.\n3. Compartmentalization enables prokaryotes to reproduce more quickly.\nAnswer: ",
    "answer": 2
  },
  {
    "question": "In a hypothetical population's gene pool, an autosomal gene, which had previously been fixed, undergoes a mutation that introduces a new allele, one inherited according to incomplete dominance. Natural selection then causes stabilizing selection at this locus. Consequently, what should happen over the course of many generations?\nChoose the best answer from the following options:\n0. The proportions of both types of homozygote should decrease.\n1. The proportion of the population that is heterozygous at this locus should remain constant.\n2. The population's average heterozygosity should increase.\n3. Both A and C\nAnswer: ",
    "answer": 3
  },
  {
    "question": "Which of the following is a property that is shared by Zika fever‚ West Nile fever‚ and malaria?\nChoose the best answer from the following options:\n0. The diseases are caused by viruses.\n1. The diseases occur only in individuals who visit or live in tropical countries.\n2. The pathogens that cause the diseases have developed resistance to antibiotics.\n3. The pathogens that cause the diseases are primarily transmitted by the bite of an infected mosquito.\nAnswer: ",
    "answer": 3
  },
  {
    "question": "What is the best explanation for the fact that tuna, sharks, and dolphins all have a similar streamlined appearance?\nChoose the best answer from the following options:\n0. They all share a recent common ancestor.\n1. They all sustained the same set of mutations.\n2. They acquire a streamlined body type to survive in their particular environment.\n3. The streamlined body has a selective advantage in that environment.\nAnswer: ",
    "answer": 3
  },
  {
    "question": "Warning coloration adopted by animals that possess a chemical defense mechanism.\nChoose the best answer from the following options:\n0. Aposomatic coloration\n1. Batesian mimicry\n2. Deceptive markings\n3. Cryptic coloration\nAnswer: ",
    "answer": 0
  },
  {
    "question": "Two unrelated species evolve in a way that makes them more similar.\nChoose the best answer from the following options:\n0. Divergent evolution\n1. Convergent evolution\n2. Parallel evolution\n3. Coevolution\nAnswer: ",
    "answer": 1
  },
  {
    "question": "When water evaporates from the surface of a pond, what happens to the remaining liquid water?\nChoose the best answer from the following options:\n0. The surface water cools.\n1. The surface water warms.\n2. The surface water temperature remains unchanged.\n3. The pH of the remaining water decreases.\nAnswer: ",
    "answer": 0
  },
  {
    "question": "No two people are genetically identical, except for identical twins. The chief cause of genetic variation among human individuals is\nChoose the best answer from the following options:\n0. new mutations that occurred in the preceding generation.\n1. the reshuffling of alleles in sexual reproduction.\n2. genetic drift due to the small size of the population.\n3. geographic variation within the population.\nAnswer: ",
    "answer": 1
  },
  {
    "question": "Which of the following statements about the light-dependent reactions of photosynthesis is correct?\nChoose the best answer from the following options:\n0. They provide the carbon that becomes incorporated into sugar.\n1. They produce PGA, which is converted to glucose by carbon fixation in the light-independent reactions.\n2. Water is split apart, providing hydrogen ions and electrons to NADP for temporary storage.\n3. They occur in the stroma of chloroplasts.\nAnswer: ",
    "answer": 2
  },
  {
    "question": "A trend toward the decrease in the size of plants on the slopes of mountains as altitudes increase is an example of\nChoose the best answer from the following options:\n0. a cline.\n1. a bottleneck.\n2. relative fitness.\n3. genetic drift.\nAnswer: ",
    "answer": 0
  },
  {
    "question": "In reference to a segment of DNA, which of the following molecules contains the fewest number of nucleotides?\nChoose the best answer from the following options:\n0. a single strand of the original DNA segment\n1. a single strand of the original DNA segment after a point mutation\n2. the primary RNA transcript (before splicing) from the original DNA\n3. a single strand of complementary DNA (cDNA) made from the original DNA\nAnswer: ",
    "answer": 3
  },
  {
    "question": "Crossing-over occurs during which of the following phases in meiosis?\nChoose the best answer from the following options:\n0. Prophase I\n1. Metaphase I\n2. Anaphase I\n3. Prophase II\nAnswer: ",
    "answer": 0
  }
]