[
  {
    "question": "Which of the following is typically NOT found in normal somatic cells of a human male?\nChoose the best answer from the following options:\n0. The entire genetic information possessed by the original zygote\n1. An inactivated X chromosome\n2. Forty-four autosomes\n3. A diploid nucleus\nAnswer: ",
    "answer": 1
  },
  {
    "question": "Double fertilization is a unique feature of flowering plants. In this process, one sperm unites with the egg to yield a zygote. The second sperm unites with the polar nuclei to initiate the formation of the\nChoose the best answer from the following options:\n0. megagametophyte\n1. endodermis\n2. embryo\n3. endosperm\nAnswer: ",
    "answer": 3
  },
  {
    "question": "Monoclonal antisera are distinguished from polyclonal antisera in which of the following ways?\nChoose the best answer from the following options:\n0. Each type of antibody in a monoclonal antiserum reacts against a single region of a single antigen; each type of antibody in a polyclonal antiserum reacts against multiple regions of different antigens.\n1. A monoclonal antibody reacts against multiple regions of a single antigen; a polyclonal antibody reacts against a single region of related antigens.\n2. A monoclonal antiserum contains antibodies secreted from the descendants of a single B lymphocyte; a polyclonal antiserum contains antibodies secreted from the descendants of different B lymphocytes.\n3. A monoclonal antiserum contains antibodies secreted from the descendants of a single B lymphocyte; a polyclonal antiserum contains antibodies secreted from the descendants of both B and T lymphocytes.\nAnswer: ",
    "answer": 2
  },
  {
    "question": "The following pairs were placed in solution together. Which two could be separated by performing low-speed centrifugation?\nChoose the best answer from the following options:\n0. DNA and mRNA\n1. Nuclei and secretory vesicles\n2. Golgi apparatus and endoplasmic reticulum\n3. Lysosomes and endosomes\nAnswer: ",
    "answer": 1
  },
  {
    "question": "During the mammalian cardiac cycle, a volume of blood equivalent to ventricular stroke volume is transferred from the more compliant venous side to the less compliant arterial side of the circulation. In terms of pressures within the venous and arterial compartments, this transfer results in\nChoose the best answer from the following options:\n0. no change in pressure in either compartment\n1. no effect on venous pressure and a small increase in arterial pressure\n2. an increase in venous pressure and an equal but opposite decrease in arterial pressure\n3. little effect on venous pressure and a large increase in arterial pressure\nAnswer: ",
    "answer": 3
  },
  {
    "question": "Which of the following characteristics distinguishes angiosperms from gymnosperms?\nChoose the best answer from the following options:\n0. Perennial growth\n1. True roots\n2. Apical growth\n3. Seeds enclosed in ovaries\nAnswer: ",
    "answer": 3
  },
  {
    "question": "Mammals are homeostatic for all of the following EXCEPT\nChoose the best answer from the following options:\n0. body temperature\n1. blood glucose concentration\n2. blood pH\n3. metabolic rate\nAnswer: ",
    "answer": 3
  },
  {
    "question": "Which of the following is NOT a source of atmospheric carbon?\nChoose the best answer from the following options:\n0. Respiration\n1. Photosynthesis\n2. Bacterial decomposition\n3. Combustion of fossil fuels\nAnswer: ",
    "answer": 1
  },
  {
    "question": "Mouse sperm contain receptor proteins that bind to a glycoprotein (ZP3) in the zona pellucida of mouse eggs. Binding of ZP3 receptors to ZP3 initiates the sperm’s acrosomal reaction. All of the following experimental observations would be expected EXCEPT:\nChoose the best answer from the following options:\n0. Injecting eggs with antibodies that bind to ZP3 blocks in vitro fertilization.\n1. Incubating sperm with purified ZP3 prior to mixing sperm and eggs blocks in vitro fertilization.\n2. Incubating eggs with antibodies that bind to ZP3 blocks in vitro fertilization.\n3. Coating synthetic beads with a different glycoprotein, ZP2, fails to lead to sperm aggregation on the beads.\nAnswer: ",
    "answer": 0
  },
  {
    "question": "The first groups of animals to develop lung tissue adequate to support their respiratory requirements without the use of supplementary gas exchange organs were the\nChoose the best answer from the following options:\n0. amphibians\n1. reptiles\n2. mammals\n3. trematoda\nAnswer: ",
    "answer": 1
  },
  {
    "question": "Many marine birds drink seawater yet maintain their internal osmolarity at a constant level that is hypoosmotic to seawater. Which of the following physiological strategies best explains how the birds maintain their tissue osmolarity?\nChoose the best answer from the following options:\n0. Marine birds absorb water from the environment through specialized salt-exchange glands and produce large volumes of dilute urine in the kidneys.\n1. Marine birds absorb salts from the environment through specialized salt-exchange glands and produce large volumes of concentrated urine in the kidneys.\n2. Marine birds excrete salts through specialized salt-exchange glands and excrete small volumes of urine.\n3. Marine birds excrete salts and nitrogenous wastes through specialized nasal glands.\nAnswer: ",
    "answer": 2
  },
  {
    "question": "Stabilization of the unique coiled structure of an alpha helix in a protein is primarily attributed to (A) hydrogen bonding between the peptide backbone atoms\nChoose the best answer from the following options:\n0. hydrogen bonding between the peptide backbone atoms\n1. disulfide bridges between cysteine side chains\n2. carbohydrate moieties attached to polar amino acids\n3. peptide linkages that covalently bond amino acids\nAnswer: ",
    "answer": 0
  },
  {
    "question": "A plant that grows along a trellis exhibits\nChoose the best answer from the following options:\n0. thigmotropism\n1. phototropism\n2. gravidotropism\n3. negative gravidotropism\nAnswer: ",
    "answer": 0
  },
  {
    "question": "A healthy person sitting at rest consciously begins to breathe too fast. Which of the following describes the change in the person’s blood caused by this hyperventilation?\nChoose the best answer from the following options:\n0. A decrease in partial pressure of carbon dioxide and an increase in concentration of hydrogen ions\n1. A decrease in partial pressure of carbon dioxide and a decrease in concentration of hydrogen ions\n2. An increase in partial pressure of carbon dioxide and an increase in concentration of hydrogen ions\n3. An increase in partial pressure of carbon dioxide and a decrease in concentration of hydrogen ions\nAnswer: ",
    "answer": 1
  },
  {
    "question": "All of the following characteristics are typical of r-selected species EXCEPT\nChoose the best answer from the following options:\n0. high reproductive rate\n1. small body size\n2. occupancy of unstable environments\n3. high competitive ability\nAnswer: ",
    "answer": 3
  },
  {
    "question": "The target of digestion of a nucleosome dimer to nucleosome monomers by DNase is\nChoose the best answer from the following options:\n0. the H1 histone\n1. histones H2A, H2B, H3, and H4\n2. the nucleosome core\n3. linker DNA\nAnswer: ",
    "answer": 3
  },
  {
    "question": "The process in which pioneer species colonize a bare substrate such as rock, sand, or glacial till is known as\nChoose the best answer from the following options:\n0. weathering\n1. stabilizing succession\n2. secondary succession\n3. primary succession\nAnswer: ",
    "answer": 3
  },
  {
    "question": "A competitive inhibitor of an enzyme exerts its effect by\nChoose the best answer from the following options:\n0. irreversibly forming covalent links with the enzyme, effectively preventing the enzyme's dissociation from it\n1. irreversibly modifying some of the amino acid residues that help to comprise the enzyme's active site\n2. competing with the substrate molecule for the same enzyme but a different binding site than the substrate binding site\n3. reversibly decreasing the number of enzyme molecules that are available to bind substrates\nAnswer: ",
    "answer": 3
  },
  {
    "question": "The soils of which of the following biomes has the highest rate of leaching and cycling of nutrients?\nChoose the best answer from the following options:\n0. Tropical rain forest\n1. Tundra\n2. Taiga\n3. Desert\nAnswer: ",
    "answer": 0
  },
  {
    "question": "Hardy-Weinberg equilibrium generally assumes all of the following EXCEPT\nChoose the best answer from the following options:\n0. a large population\n1. genetic drift\n2. random mating\n3. absence of selection\nAnswer: ",
    "answer": 1
  },
  {
    "question": "Which of the following characteristics is predicted for an early-successional plant community?\nChoose the best answer from the following options:\n0. High niche divergence among co-occurring species\n1. High ratios of primary production to standing-crop biomass\n2. High frequency of K-selected species\n3. High detrital biomass\nAnswer: ",
    "answer": 1
  },
  {
    "question": "The first point of entry of water at the roots of a monocot plant is through the cytoplasm of cells of the\nChoose the best answer from the following options:\n0. root cap\n1. Casparian strip\n2. pericycle\n3. endoderm\nAnswer: ",
    "answer": 3
  },
  {
    "question": "In chloroplasts, a certain protein is found in the lumen of the thylakoid (thylakoid space). It is transcribed in the nucleus and synthesized on cytoplasmic ribosomes. How many membrane bilayers must this protein cross to reach its final location?\nChoose the best answer from the following options:\n0. One\n1. Two\n2. Three\n3. Four\nAnswer: ",
    "answer": 2
  },
  {
    "question": "In garden peas, the allele for tall plants (D) is completely dominant to the allele for dwarf plants (d) and the allele for violet flower color (W) is completely dominant to the allele for white flower color (w). In a cross between a tall violet plant, with the genotype DDWw, and a dwarf white plant, what phenotypic ratio of the progeny would be expected from this cross?\nChoose the best answer from the following options:\n0. All tall violet\n1. 1 tall violet: 1 dwarf violet\n2. 1 tall violet: 1 tall white: 1 dwarf violet: 1 dwarf white\n3. 1 tall violet: 1 tall white\nAnswer: ",
    "answer": 3
  },
  {
    "question": "Mitochondria isolated and placed in a buffered solution with a low pH begin to manufacture ATP. Which of the following is the best explanation for the effect of low external pH?\nChoose the best answer from the following options:\n0. It increases the concentration of OH-, causing the mitochondria to pump H+ to the intermembrane space.\n1. It increases the OH- concentration in the mitochondria matrix.\n2. It increases the acid concentration in the mitochondria matrix.\n3. It increases diffusion of H+ from the intermembrane space to the matrix.\nAnswer: ",
    "answer": 3
  },
  {
    "question": "In eukaryotic photosynthetic cells, which of the following occurs when electrons flow cyclically through the electron transport chain associated with photosystem I?\nChoose the best answer from the following options:\n0. Synthesis of ATP\n1. Reduction of NADP+ to NADPH\n2. Release of O2\n3. Reduction of CO2 to sugar\nAnswer: ",
    "answer": 0
  },
  {
    "question": "Which of the following best explains how mutations in DNA can result in the expression of a new phenotype?\nChoose the best answer from the following options:\n0. A different polypeptide is produced.\n1. The polarity of tRNA becomes the opposite of that of DNA.\n2. Nucleic acids are methylated.\n3. The gene is now read in the 3′ to 5′ direction.\nAnswer: ",
    "answer": 0
  },
  {
    "question": "Two xylem plant cell types that provide support and conduct water and minerals are the\nChoose the best answer from the following options:\n0. collenchyma and sclerenchyma\n1. sieve tube members and companion cells\n2. tracheids and vessel elements\n3. vessel elements and companion cells\nAnswer: ",
    "answer": 2
  },
  {
    "question": "All of the following statements about plant embryogenesis are correct EXCEPT:\nChoose the best answer from the following options:\n0. The suspensor is derived from the basal cell.\n1. Cotyledons are derived from the apical cell.\n2. Shoot apical meristem formation occurs after seed formation.\n3. Precursors of all three plant tissue systems are formed during embryogenesis.\nAnswer: ",
    "answer": 2
  },
  {
    "question": "The wings of a bat and the wings of a butterfly are\nChoose the best answer from the following options:\n0. homologous structures\n1. analogous structures\n2. vestigial structures\n3. dissimilar in form and function\nAnswer: ",
    "answer": 1
  },
  {
    "question": "Gene flow between populations results in\nChoose the best answer from the following options:\n0. an increase in genetic homogeneity in the metapopulation\n1. an increase in the rate of deleterious mutations in the metapopulation\n2. an increased likelihood of speciation\n3. disruption of Hardy-Weinberg equilibrium in the metapopulation\nAnswer: ",
    "answer": 0
  },
  {
    "question": "Among primates, a high degree of sexual dimorphism in a species usually indicates intense competition between\nChoose the best answer from the following options:\n0. males in order to obtain individual food resources\n1. males in order to obtain mates\n2. females in order to obtain individual food resources\n3. females in order to obtain mates\nAnswer: ",
    "answer": 1
  },
  {
    "question": "Adaptations of plants to minimize water loss in environments with high temperatures include which of the following?\nChoose the best answer from the following options:\n0. Numerous stomata\n1. Thin cuticles\n2. Spines instead of leaves\n3. Large surface-to-volume ratios\nAnswer: ",
    "answer": 2
  },
  {
    "question": "Which of the following statements about excretory organs is true?\nChoose the best answer from the following options:\n0. The kidneys of saltwater fishes produce urine hyperosmotic to their tissues.\n1. The kidneys of desert mammals produce urine that is hypoosmotic to the urine of freshwater fishes.\n2. Malpighian tubules allow insects to excrete waste through the exoskeleton.\n3. Juxtamedullary nephrons in the mammalian kidney allow the organism to produce hyperosmotic urine.\nAnswer: ",
    "answer": 3
  },
  {
    "question": "Which of the following most accurately describes a retrotransposon?\nChoose the best answer from the following options:\n0. A DNA sequence that can move from one site in the genome to another without replicating\n1. A DNA sequence that can be deleted from the genome without consequence\n2. A DNA sequence that replicates via an RNA intermediate\n3. A DNA sequence that replicates via a protein intermediate\nAnswer: ",
    "answer": 2
  },
  {
    "question": "Ferns undergo alternation of generations in which a\nChoose the best answer from the following options:\n0. dominant sporophyte alternates with an independent gametophyte\n1. dominant gametophyte alternates with a dependent sporophyte\n2. sporophyte and a gametophyte have equal life spans\n3. gametophyte produces gametes by meiosis\nAnswer: ",
    "answer": 0
  },
  {
    "question": "Cancer cells grown in culture are similar to normal cells grown in culture in that they\nChoose the best answer from the following options:\n0. divide an indefinite number of times\n1. do not display contact inhibition\n2. require a surface for attachment in order to grow\n3. proliferate to the same cell density\nAnswer: ",
    "answer": 2
  },
  {
    "question": "In the presence of alcohol dehydrogenase, the rate of reduction of acetaldehyde to ethanol increases as the concentration of acetaldehyde is increased. Eventually, the rate of the reaction reaches a maximum, after which point further increases in the concentration of acetaldehyde have no effect. Which of the following is true at the maximal rate of reaction?\nChoose the best answer from the following options:\n0. Nearly all of the enzyme molecules are interacting with acetaldehyde molecules.\n1. The activation energy of the reaction decreases.\n2. The change in free energy of the reaction decreases.\n3. The enzyme is no longer specific for acetaldehyde.\nAnswer: ",
    "answer": 0
  },
  {
    "question": "Which of the following depicts the correct sequence of membranes of the chloroplast, beginning with the innermost membrane and ending with the outermost membrane?\nChoose the best answer from the following options:\n0. Thylakoid membrane, inner membrane, outer membrane\n1. Inner membrane, outer membrane, thylakoid membrane\n2. Outer membrane, inner membrane, thylakoid membrane\n3. Strama, outer membrane, inner membrane\nAnswer: ",
    "answer": 0
  },
  {
    "question": "Both C4 and CAM plants employ physiological and biochemical strategies to reduce photorespiration. Which of the following is an accurate comparison of the two strategies?\nChoose the best answer from the following options:\n0. C4 plants fix CO2 as the 4-carbon acid oxaloacetate, while CAM plants fix CO2 as the 5-carbon acid ribulose 1, 5-bisphosphate.\n1. C4 plants fix CO2 in the mesophyll but carry out the Calvin cycle in the bundle sheath, while CAM plants fix CO2 and carry out the Calvin cycle in the mesophyll.\n2. C4 plants fix CO2 in the bundle sheath but carry out the Calvin cycle in the mesophyll, while CAM plants fix CO2 and carry out the Calvin cycle in the bundle sheath.\n3. C4 plants store CO2 as phosphoglycolate, while CAM plants store CO2 as oxaloacetate.\nAnswer: ",
    "answer": 1
  },
  {
    "question": "The members of a bird species capable of nesting in treetops or on the ledges of nearby cliffs make their homes only in the treetops due to the established presence of a more aggressive bird species on the cliff ledges. With respect to habitat, the treetop-nesting birds are utilizing\nChoose the best answer from the following options:\n0. their fundamental niche only\n1. their realistic niche only\n2. their ecological niche only\n3. neither their fundamental niche nor their realistic niche\nAnswer: ",
    "answer": 1
  },
  {
    "question": "Which of the following is the correct anatomical order of structures in the mammalian female reproductive tract?\nChoose the best answer from the following options:\n0. Oviduct, uterus, rete, vagina\n1. Oviduct, epididymis, uterus, vagina\n2. Ovary, oviduct, uterus, vagina\n3. Ovary, uterus, vagina, rete\nAnswer: ",
    "answer": 2
  },
  {
    "question": "Which of the following is the symplastic pathway for the movement of sucrose from the site of photosynthesis in mesophyll cells into the phloem?\nChoose the best answer from the following options:\n0. Fibers, phloem parenchyma, companion cell, sieve tube\n1. Phloem parenchyma, fibers, bundle sheath, tracheids\n2. Companion cells, phloem parenchyma, fibers, sieve tube\n3. Bundle sheath, phloem parenchyma, companion cell, sieve tube\nAnswer: ",
    "answer": 3
  },
  {
    "question": "Which of the following techniques could be used to demonstrate protein binding to specific DNA sequences?\nChoose the best answer from the following options:\n0. Western blot hybridization\n1. Northern blot hybridization\n2. Southern blot hybridization\n3. Electrophoretic mobility shift assay\nAnswer: ",
    "answer": 3
  },
  {
    "question": "Which of the following must be true in order for evolution to have occurred?\nChoose the best answer from the following options:\n0. The frequencies of some alleles in a population's gene pool has changed over successive generations.\n1. The frequencies of some alleles in a population's gene pool has changed during the organisms' lifetimes.\n2. The frequencies of each allele in a population's gene pool has remained constant over successive generations.\n3. The frequencies of each allele in an organism's genotype has remained constant within the organism's lifetime.\nAnswer: ",
    "answer": 0
  },
  {
    "question": "Which of the following statements about fungi is NOT true?\nChoose the best answer from the following options:\n0. They all are eukaryotic.\n1. They all have rigid cell walls.\n2. Most are filamentous.\n3. Some are photosynthetic.\nAnswer: ",
    "answer": 3
  },
  {
    "question": "To prevent desiccation and injury, the embryos of terrestrial vertebrates are encased within a fluid secreted by the\nChoose the best answer from the following options:\n0. amnion\n1. chorion\n2. allantois\n3. yolk sac\nAnswer: ",
    "answer": 0
  },
  {
    "question": "The amino acid ornithine is regenerated during each turn of the urea cycle in a similar manner to which of the following participants in the citric acid cycle?\nChoose the best answer from the following options:\n0. Succinate\n1. Fumarate\n2. Oxaloacetate\n3. Citrate\nAnswer: ",
    "answer": 2
  },
  {
    "question": "Mutation of homeotic cluster genes often results in which of the following developmental defects in Drosophila?\nChoose the best answer from the following options:\n0. Absence of a group of contiguous segments\n1. Transformation of one segment into another\n2. Polarity defects in every segment along the anterior-posterior axis\n3. Tumor formation in imaginal discs\nAnswer: ",
    "answer": 1
  },
  {
    "question": "Mimicry is a strategy that has evolved through natural selection to increase the fitness of organisms to their environment. Which of the following represents a form of Batesian mimicry?\nChoose the best answer from the following options:\n0. A type of millipede that is toxic to a toad is permanently avoided by the toad following the toad's initial attempt to consume it.\n1. A moth exhibits false eyes at its tail end in order to disorient predators.\n2. A moth exhibits nearly identical coloration to that of a stinging bee.\n3. A ground-nesting gull chick displays a coloration pattern that is nearly indistinguishable from its surroundings.\nAnswer: ",
    "answer": 2
  }
]