[
  {
    "question": "Natural selection is based on all of the following except\nChoose the best answer from the following options:\n0. genetic variation exists within populations.\n1. the best-adapted individuals tend to leave the most offspring.\n2. individuals who survive longer tend to leave more offspring than those who die young.\n3. individuals adapt to their environments and, thereby, evolve.\nAnswer: ",
    "answer": 3
  },
  {
    "question": "Hemoglobin is a molecule that binds to both O2 and CO2. There is an allosteric relationship between the concentrations of O2 and CO2. Hemoglobin's affinity for O2\nChoose the best answer from the following options:\n0. decreases as blood pH decreases\n1. increases as H+ concentration increases\n2. increases in exercising muscle tissue\n3. decreases as CO2 concentration decreases\nAnswer: ",
    "answer": 0
  },
  {
    "question": "Members of which of the following groups are most likely to be surrounded by a protein coat?\nChoose the best answer from the following options:\n0. Viruses\n1. Bacteria\n2. Eukaryotes\n3. Archaea\nAnswer: ",
    "answer": 0
  },
  {
    "question": "Which of the following is a frameshift mutation?\nChoose the best answer from the following options:\n0. CAT HAS HIS → CAT HAS HIT\n1. CAT HAS HIS → CAT HSH ISA\n2. CAT HAS HIS → CAT HIS HAT\n3. CAT HAS HIS → CAT WAS HIT\nAnswer: ",
    "answer": 1
  },
  {
    "question": "Fossil evidence indicates that horses have gradually increased in size over geologic time. Which of the following terms best describes this?\nChoose the best answer from the following options:\n0. artificial selection\n1. directional selection\n2. stabilizing selection\n3. disruptive selection\nAnswer: ",
    "answer": 1
  },
  {
    "question": "Stomata allow gases, such as H2O and CO2, to exchange between the inside of a plant leaf and the surrounding environment. Which of the following occurs under normal daytime environmental conditions?\nChoose the best answer from the following options:\n0. H2O diffuses out of the leaf faster than CO2 enters.\n1. H2O diffuses out of the leaf slower than CO2 enters.\n2. CO2 diffuses out of the leaf faster than H2O enters.\n3. H2O exchanges with CO2 at equal rates.\nAnswer: ",
    "answer": 0
  },
  {
    "question": "In the inherited disorder called Pompe disease, glycogen breakdown in the cytosol occurs normally and blood glucose levels are normal, yet glycogen accumulates in lysosomes. This suggests a malfunction with\nChoose the best answer from the following options:\n0. enzymes in the lysosomes\n1. enzymes in the mitochondria\n2. membrane transport during exocytosis\n3. membrane transport during endocytosis\nAnswer: ",
    "answer": 0
  },
  {
    "question": "Charles Darwin was the first person to propose\nChoose the best answer from the following options:\n0. that evolution occurs.\n1. a mechanism for how evolution occurs.\n2. that the Earth is older than a few thousand years.\n3. a mechanism for evolution that was supported by evidence.\nAnswer: ",
    "answer": 3
  },
  {
    "question": "DNA sequences in many human genes are very similar to the sequences of corresponding genes in chimpanzees. The most likely explanation for this result is that\nChoose the best answer from the following options:\n0. humans and chimpanzees share a relatively recent common ancestor.\n1. humans evolved from chimpanzees.\n2. chimpanzees evolved from humans.\n3. convergent evolution led to the DNA similarities.\nAnswer: ",
    "answer": 0
  },
  {
    "question": "All of the following support the endosymbiotic theory that ancestors of mitochondria and chloroplasts were once independent, free-living prokaryotes EXCEPT:\nChoose the best answer from the following options:\n0. Mitochondria and chloroplasts divide independently of the eukaryotic host cell by a process similar to binary fission.\n1. Mitochondria and chloroplasts have ribosomes that more closely resemble those of bacteria than of eukaryotic cells.\n2. Mitochondria and chloroplasts function independently from the eukaryotic host cell.\n3. Mitochondria, chloroplasts, and bacteria have a single, circular chromosome without histones or proteins.\nAnswer: ",
    "answer": 2
  },
  {
    "question": "Females with Turner's syndrome have a high incidence of hemophilia, a recessive, X-linked trait. Based on this information, it can be inferred that females with this condition\nChoose the best answer from the following options:\n0. have an extra X chromosome\n1. have an extra Y chromosome\n2. lack an X chromosome\n3. have red blood cells that clump\nAnswer: ",
    "answer": 2
  },
  {
    "question": "Regarding meiosis and mitosis, one difference between the two forms of cellular reproduction is that in meiosis\nChoose the best answer from the following options:\n0. there is one round of cell division, whereas in mitosis there are two rounds of cell division\n1. separation of sister chromatids occurs during the second division, whereas in mitosis separation of sister chromatids occurs during the first division\n2. chromosomes are replicated during interphase, whereas in mitosis chromosomes are replicated during prophase\n3. spindle fibers form during prophase, whereas in mitosis the spindle fibers form during metaphase\nAnswer: ",
    "answer": 1
  },
  {
    "question": "Which statement about the beak size of finches on the island of Daphne Major during prolonged drought is true?\nChoose the best answer from the following options:\n0. Each bird evolved a deeper, stronger beak as the drought persisted.\n1. Each bird developed a deeper, stronger beak as the drought persisted.\n2. Each bird's survival was strongly influenced by the depth and strength of its beak as the drought persisted.\n3. Each bird that survived the drought produced only offspring with deeper, stronger beaks than seen in the previous generation.\nAnswer: ",
    "answer": 2
  },
  {
    "question": "Which of the following best explains why people can digest starch but cannot digest cellulose even though both molecules are composed of glucose monomers?\nChoose the best answer from the following options:\n0. The bonds linking the monomers of starch differ in shape from the bonds linking the monomers of cellulose.\n1. Molecules of starch are much smaller than molecules of cellulose.\n2. Starch is an intracellular molecule, while cellulose is an extracellular molecule.\n3. Starch is hydrated by water, but cellulose is not.\nAnswer: ",
    "answer": 0
  },
  {
    "question": "A heterotroph\nChoose the best answer from the following options:\n0. obtains its energy from sunlight, harnessed by pigments\n1. obtains its energy by oxidizing organic molecules\n2. makes organic molecules from CO2\n3. obtains its energy by consuming exclusively autotrophs\nAnswer: ",
    "answer": 1
  },
  {
    "question": "Which of the following cells is most closely associated with phagocytosis?\nChoose the best answer from the following options:\n0. Neutrophils\n1. Plasma cells\n2. B cells\n3. Memory cells\nAnswer: ",
    "answer": 0
  },
  {
    "question": "Which of the following best accounts for the ability of legumes to grow well in nitrogen-poor soils?\nChoose the best answer from the following options:\n0. These plants make their own proteins.\n1. These plants have a mutualistic relationship with nitrogen-fixing bacteria.\n2. These plants are capable of directly converting nitrogen gas into nitrates.\n3. These plants do not require nitrogen to make plant proteins.\nAnswer: ",
    "answer": 1
  },
  {
    "question": "A certain autosomal recessive trait is expressed in 1% of a population. Assuming that the population is in Hardy-Weinberg equilibrium, what percent of the population are carriers but do not express the trait?\nChoose the best answer from the following options:\n0. 10%\n1. 18%\n2. 27%\n3. 50%\nAnswer: ",
    "answer": 1
  },
  {
    "question": "A reaction that includes energy as one of its reactants is called a(n)\nChoose the best answer from the following options:\n0. exergonic reaction.\n1. hydrolysis reaction.\n2. endergonic reaction.\n3. redox reaction.\nAnswer: ",
    "answer": 2
  },
  {
    "question": "When we say that an individual organism has a greater fitness than another individual, we specifically mean that the organism\nChoose the best answer from the following options:\n0. lives longer than others of its species.\n1. competes for resources more successfully than others of its species.\n2. mates more frequently than others of its species.\n3. leaves more viable offspring than others of its species.\nAnswer: ",
    "answer": 3
  },
  {
    "question": "Which of the following is an example of a cline?\nChoose the best answer from the following options:\n0. The hybrid tomato plant is stronger and produces better fruit than the pure genotype.\n1. There are two distinct varieties in one population of snail that inhabits an island in the Pacific Ocean.\n2. Males of some species have long antlers to fight other males for females.\n3. In one species of rabbit, the ones that evolved in the cold, snowy north are white, while the ones that evolved in the south are brown.\nAnswer: ",
    "answer": 3
  },
  {
    "question": "Which of the following best summarizes the process of allopatric speciation?\nChoose the best answer from the following options:\n0. differential changes in allele frequencies → reproductive isolation → reproductive barriers → new species\n1. catastrophic event → reproductive isolation → reproductive barriers → new species\n2. reproductive isolation → differential changes in allele frequencies → reproductive barriers → new species\n3. geographic isolation → reproductive isolation → differential changes in allele frequencies → reproductive barriers → new species\nAnswer: ",
    "answer": 3
  },
  {
    "question": "Which is a true statement concerning genetic variation?\nChoose the best answer from the following options:\n0. It is created by the direct action of natural selection.\n1. It arises in response to changes in the environment.\n2. It must be present in a population before natural selection can act upon the population.\n3. It tends to be reduced by the processes involved when diploid organisms produce gametes.\nAnswer: ",
    "answer": 2
  },
  {
    "question": "During the period when life is believed to have begun, the atmosphere on primitive Earth contained abundant amounts of all the following gases EXCEPT\nChoose the best answer from the following options:\n0. oxygen\n1. hydrogen\n2. ammonia\n3. methane\nAnswer: ",
    "answer": 0
  },
  {
    "question": "Except for identical twins, no two people are genetically identical. Which of the following statements most accurately describes the main source of variation in humans?\nChoose the best answer from the following options:\n0. The main source of variation in humans is genetic drift.\n1. Changes in the environment cause rapid changes in different human populations.\n2. Shuffling of alleles is responsible for the greatest variation in humans.\n3. Mutations are responsible for the greatest changes in different human populations.\nAnswer: ",
    "answer": 2
  },
  {
    "question": "An animal cell that is permeable to water but not salts has an internal NaCl concentration of 10%. If placed in freshwater the cell will\nChoose the best answer from the following options:\n0. plasmolyze\n1. swell and eventually lyse\n2. endocytose water into a large central vacuole\n3. shrivel\nAnswer: ",
    "answer": 1
  },
  {
    "question": "The development of an egg without fertilization is known as\nChoose the best answer from the following options:\n0. meiosis\n1. parthenogenesis\n2. embryogenesis\n3. vegetative propagation\nAnswer: ",
    "answer": 1
  },
  {
    "question": "The geneticist Mary Lyon hypothesized the existence of structures visible just under the nuclear membrane in mammals, which were later named Barr bodies. Which of the following statement is NOT correct about Barr bodies?\nChoose the best answer from the following options:\n0. In the early female embryo, one copy of the X chromosome becomes inactivated in every body cell.\n1. The same chromosome in every cell of a normal female is inactivated.\n2. A male with the XXY genotype will have one Barr body.\n3. Barr bodies consist of highly methylated DNA.\nAnswer: ",
    "answer": 1
  },
  {
    "question": "Apoptosis, which is programmed cell death, is a necessary process in living organisms. Which of the following is NOT correct about apoptosis?\nChoose the best answer from the following options:\n0. It occurs randomly.\n1. A particular cell dies when it is no longer needed by the organism.\n2. A cell carries out apoptosis when too many mutations have accumulated.\n3. Plant cells carry out apoptosis as a defense measure in cells that have been infected by parasites.\nAnswer: ",
    "answer": 0
  },
  {
    "question": "Which of the following contributes the MOST to genetic variability in a population?\nChoose the best answer from the following options:\n0. Sporulation\n1. Binary fission\n2. Vegetative propagation\n3. Mutation\nAnswer: ",
    "answer": 3
  },
  {
    "question": "Compared to DNA viral replication, RNA viral replication is more susceptible to mutation because\nChoose the best answer from the following options:\n0. RNA replication takes place in the cytoplasm, whereas DNA replication takes place in the nucleus.\n1. RNA viruses replicate much faster than DNA viruses.\n2. RNA viruses use uracil instead of thymine.\n3. RNA replication lacks the proofreading functions characteristic of DNA replication.\nAnswer: ",
    "answer": 3
  },
  {
    "question": "A researcher grows a population of ferns in her laboratory. She notices, after a few generations, a new variant that has a distinct phenotype. When she tries to breed the original phenotype with the new one, no offspring are produced. When she breeds the new variants, however, offspring that look like the new variant result. What kind of speciation does this example illustrate?\nChoose the best answer from the following options:\n0. Allopatric\n1. Sympatric\n2. Isolated\n3. Polyploidy\nAnswer: ",
    "answer": 1
  },
  {
    "question": "Unlike large populations, small populations are vulnerable to various processes that draw populations down an extinction vortex toward smaller and smaller populations until no individuals survive. Which of the following statements correctly identifies the factors that endanger a population?\nChoose the best answer from the following options:\n0. Inbreeding and loss of genetic variation threaten a population.\n1. Migration of new individuals into the population threatens a population.\n2. Mutation reduces the health of a population.\n3. Breeding with individuals from a different population may cause the extinction of the first population due to a decrease in diversity.\nAnswer: ",
    "answer": 0
  },
  {
    "question": "Which of the following statements most accurately explains what EcoR1 is?\nChoose the best answer from the following options:\n0. It is a bacterium that lives in the human large intestine.\n1. It is the best-studied bacteriophage, a virus that attacks E. coli.\n2. It is a restriction enzyme extracted from E. coli.\n3. It is a type of DNA used extensively in research.\nAnswer: ",
    "answer": 2
  },
  {
    "question": "You are told that in a population of guinea pigs, 4 percent are black (recessive) and 96 percent are brown. Which of the following is the frequency of the heterozygous condition?\nChoose the best answer from the following options:\n0. 16 percent\n1. 32 percent\n2. 40 percent\n3. 48 percent\nAnswer: ",
    "answer": 1
  },
  {
    "question": "Which of the following statements is NOT correct about apoptosis?\nChoose the best answer from the following options:\n0. Apoptosis, a special type of cell division, requires multiple cell signaling.\n1. The fact that apoptosis is widespread across several kingdoms is evidence that it evolved early in the evolution of eukaryotes.\n2. Apoptosis plays a crucial role in the development of fingers in embryonic development.\n3. Apoptosis prevents an aging and dying cell from damaging neighboring cells.\nAnswer: ",
    "answer": 0
  },
  {
    "question": "Memory loss would most likely be due to a malfunction of which part of the brain?\nChoose the best answer from the following options:\n0. Medulla\n1. Cerebellum\n2. Cerebrum\n3. Pons\nAnswer: ",
    "answer": 2
  },
  {
    "question": "Which of the following statements about the DNA in one of your liver cells is correct?\nChoose the best answer from the following options:\n0. Your liver cells contain the same DNA as your white blood cells.\n1. Most of the DNA in your liver cells will be transcribed but not translated.\n2. Most of the DNA in your liver cells will be transcribed in the nucleus and translated in the cytoplasm.\n3. DNA in your liver cells contains genes unique to storing glycogen, while other cells do not contain those genes.\nAnswer: ",
    "answer": 0
  },
  {
    "question": "A small population of birds is blown to an isolated island by a hurricane and establishes a colony. The gene pool of the newly established population of birds is likely to reflect the effects of which of the following?\nChoose the best answer from the following options:\n0. Directed mutation\n1. Genetic drift\n2. Adaptive radiation\n3. Disruptive selection\nAnswer: ",
    "answer": 1
  },
  {
    "question": "When driving from east to west in the U.S. from a forest ecosystem to grasslands, trees gradually give way to grasses. Which of the following is the critical factor responsible for this shift?\nChoose the best answer from the following options:\n0. Amount of sunlight\n1. Availability of oxygen\n2. Availability of water\n3. Length of growing season\nAnswer: ",
    "answer": 2
  },
  {
    "question": "Which of the changes below following the start codon in an mRNA would most likely have the greatest deleterious effect?\nChoose the best answer from the following options:\n0. a deletion of a single nucleotide\n1. a deletion of a nucleotide triplet\n2. a single nucleotide substitution of the nucleotide occupying the first codon position\n3. a single nucleotide substitution of the nucleotide occupying the third codon position\nAnswer: ",
    "answer": 0
  },
  {
    "question": "Heterozygote advantage should be most closely linked to which of the following?\nChoose the best answer from the following options:\n0. sexual selection\n1. stabilizing selection\n2. random selection\n3. directional selection\nAnswer: ",
    "answer": 1
  },
  {
    "question": "The Darwinian fitness of an individual is measured most directly by\nChoose the best answer from the following options:\n0. the number of its offspring that survive to reproduce.\n1. the number of \"good genes\" it possesses.\n2. the number of mates it attracts.\n3. its physical strength.\nAnswer: ",
    "answer": 0
  },
  {
    "question": "Short sequence by promoter that assists transcription by interacting with regulatory proteins.\nChoose the best answer from the following options:\n0. Enhancer\n1. Repressor\n2. Operator\n3. Promoter\nAnswer: ",
    "answer": 2
  },
  {
    "question": "The frequency of a particular allele in a population of 1,000 birds in Hardy-Weinberg equilibrium is 0.3. If the population remains in equilibrium, what would be the expected frequency of that allele after 500 years?\nChoose the best answer from the following options:\n0. It will increase if the allele is favorable or will decrease if it is unfavorable for individuals in that population.\n1. Not enough information is provided to determine if the frequency of the allele will remain the same or change.\n2. The frequency of the allele will remain at 0.3 because the population is at Hardy-Weinberg equilibrium.\n3. The frequency of the allele will remain the same; this is an example of the bottleneck effect.\nAnswer: ",
    "answer": 2
  },
  {
    "question": "Once a plasmid has incorporated specific genes, such as the gene coding for the antibiotic ampicillin, into its genome, the plasmid may be cloned by\nChoose the best answer from the following options:\n0. inserting it into a virus to generate multiple copies\n1. treating it with a restriction enzyme in order to cut the molecule into small pieces\n2. inserting it into a suitable bacterium in order to produce multiple copies\n3. running it on a gel electrophoresis in order to determine the size of the gene of interest\nAnswer: ",
    "answer": 2
  },
  {
    "question": "Recently, seasonal dead zones in low-oxygen waters have been occurring annually in the Gulf of Mexico near the mouth of the Mississippi River. The dead zones result from the rapid growth of photosynthetic phytoplankton (algal blooms) and their subsequent decay by oxygen-depleting microbes in the water column. Which of the following factors most likely triggers the algal blooms and the associated dead zones?\nChoose the best answer from the following options:\n0. A decrease in the light level in surface waters as day length starts to shorten after the summer solstice\n1. Increased predation by marine larvae and other zooplankton during the summer months\n2. A summer influx of nutrients derived from chemical fertilizers that are high in nitrogen and phosphorus\n3. Decreased competition from other marine phytoplankton during the summer months\nAnswer: ",
    "answer": 2
  },
  {
    "question": "The structure of ATP synthase in the plasma membranes of bacteria is nearly identical to that in the mitochondria and chloroplasts of eukaryotic cells. This similarity best supports which of the following hypotheses?\nChoose the best answer from the following options:\n0. Eukaryotic and prokaryotic cells share a common ancestor.\n1. Mitochondria are derived from ancient aerobic bacteria, and chloroplasts are derived from ancient photosynthetic bacteria.\n2. The similarity of ATP synthase in bacteria, mitochondria, and chloroplasts is an example of convergent evolution.\n3. Mitochondria and chloroplasts escaped from eukaryotic cells and formed aerobic and photosynthetic prokaryotes.\nAnswer: ",
    "answer": 1
  },
  {
    "question": "Photosynthesis requires\nChoose the best answer from the following options:\n0. glucose, light, CO2\n1. light, CO2, water\n2. water, soil, O2\n3. O2, water, light\nAnswer: ",
    "answer": 1
  },
  {
    "question": "Which of the following must exist in a population before natural selection can act upon that population?\nChoose the best answer from the following options:\n0. Genetic variation among individuals\n1. Variation among individuals caused by environmental factors\n2. Sexual reproduction\n3. B and C only\nAnswer: ",
    "answer": 0
  }
]