[
  {
    "question": "During the mammalian cardiac cycle, a volume of blood equivalent to ventricular stroke volume is transferred from the more compliant venous side to the less compliant arterial side of the circulation. In terms of pressures within the venous and arterial compartments, this transfer results in\nChoose the best answer from the following options:\n0. no change in pressure in either compartment\n1. no effect on venous pressure and a small increase in arterial pressure\n2. an increase in venous pressure and an equal but opposite decrease in arterial pressure\n3. little effect on venous pressure and a large increase in arterial pressure\nAnswer: ",
    "answer": 3
  },
  {
    "question": "The process in which pioneer species colonize a bare substrate such as rock, sand, or glacial till is known as\nChoose the best answer from the following options:\n0. weathering\n1. stabilizing succession\n2. secondary succession\n3. primary succession\nAnswer: ",
    "answer": 3
  },
  {
    "question": "In most ecosystems, net primary productivity is important because it represents the\nChoose the best answer from the following options:\n0. energy available to producers\n1. total solar energy converted to chemical energy by producers\n2. biomass of all producers\n3. energy available to heterotrophs\nAnswer: ",
    "answer": 3
  },
  {
    "question": "snRNPs are most closely associated with which of the following?\nChoose the best answer from the following options:\n0. Cell division\n1. Apoptosis\n2. Replication of DNA\n3. RNA processing\nAnswer: ",
    "answer": 3
  },
  {
    "question": "The target of digestion of a nucleosome dimer to nucleosome monomers by DNase is\nChoose the best answer from the following options:\n0. the H1 histone\n1. histones H2A, H2B, H3, and H4\n2. the nucleosome core\n3. linker DNA\nAnswer: ",
    "answer": 3
  },
  {
    "question": "Except for identical twins, no two people are genetically identical. Which of the following statements most accurately describes the main source of variation in humans?\nChoose the best answer from the following options:\n0. The main source of variation in humans is genetic drift.\n1. Changes in the environment cause rapid changes in different human populations.\n2. Shuffling of alleles is responsible for the greatest variation in humans.\n3. Mutations are responsible for the greatest changes in different human populations.\nAnswer: ",
    "answer": 2
  },
  {
    "question": "Photosynthesis requires\nChoose the best answer from the following options:\n0. glucose, light, CO2\n1. light, CO2, water\n2. water, soil, O2\n3. O2, water, light\nAnswer: ",
    "answer": 1
  },
  {
    "question": "Natural selection is based on all of the following except\nChoose the best answer from the following options:\n0. genetic variation exists within populations.\n1. the best-adapted individuals tend to leave the most offspring.\n2. individuals who survive longer tend to leave more offspring than those who die young.\n3. individuals adapt to their environments and, thereby, evolve.\nAnswer: ",
    "answer": 3
  },
  {
    "question": "The members of a bird species capable of nesting in treetops or on the ledges of nearby cliffs make their homes only in the treetops due to the established presence of a more aggressive bird species on the cliff ledges. With respect to habitat, the treetop-nesting birds are utilizing\nChoose the best answer from the following options:\n0. their fundamental niche only\n1. their realistic niche only\n2. their ecological niche only\n3. neither their fundamental niche nor their realistic niche\nAnswer: ",
    "answer": 1
  },
  {
    "question": "Which of the following statements about lipids is correct?\nChoose the best answer from the following options:\n0. Unsaturated fatty acids are linked to heart disease.\n1. Lipids make up most cell surface receptors.\n2. Phospholipids are water soluble.\n3. Steroids are lipids that consist of glycerol and fatty acids.\nAnswer: ",
    "answer": 2
  },
  {
    "question": "When the first tiny prokaryotic cell took up residence inside a larger prokaryotic cell, it heralded the advent of the eukaryotic cell and led to an explosion of new life on Earth. Since then, most cells on Earth have internal organelles. Which of the following best summarizes an advantage of having internal membranes and organelles?\nChoose the best answer from the following options:\n0. DNA can reproduce more efficiently.\n1. Even though prokaryotes do not have mitochondria, they contain structures that carry out the same function.\n2. Organelles separate specific reactions in the cell and increase metabolic efficiency.\n3. Compartmentalization enables prokaryotes to reproduce more quickly.\nAnswer: ",
    "answer": 2
  },
  {
    "question": "All of the following organs in the digestive system secrete digestive enzymes EXCEPT the\nChoose the best answer from the following options:\n0. mouth\n1. stomach\n2. gall bladder\n3. small intestine\nAnswer: ",
    "answer": 2
  },
  {
    "question": "A plant that grows along a trellis exhibits\nChoose the best answer from the following options:\n0. thigmotropism\n1. phototropism\n2. gravidotropism\n3. negative gravidotropism\nAnswer: ",
    "answer": 0
  },
  {
    "question": "Stabilization of the unique coiled structure of an alpha helix in a protein is primarily attributed to (A) hydrogen bonding between the peptide backbone atoms\nChoose the best answer from the following options:\n0. hydrogen bonding between the peptide backbone atoms\n1. disulfide bridges between cysteine side chains\n2. carbohydrate moieties attached to polar amino acids\n3. peptide linkages that covalently bond amino acids\nAnswer: ",
    "answer": 0
  },
  {
    "question": "Which of the following best explains how mutations in DNA can result in the expression of a new phenotype?\nChoose the best answer from the following options:\n0. A different polypeptide is produced.\n1. The polarity of tRNA becomes the opposite of that of DNA.\n2. Nucleic acids are methylated.\n3. The gene is now read in the 3′ to 5′ direction.\nAnswer: ",
    "answer": 0
  },
  {
    "question": "Which of the following is NOT a source of atmospheric carbon?\nChoose the best answer from the following options:\n0. Respiration\n1. Photosynthesis\n2. Bacterial decomposition\n3. Combustion of fossil fuels\nAnswer: ",
    "answer": 1
  },
  {
    "question": "Mitochondria isolated and placed in a buffered solution with a low pH begin to manufacture ATP. Which of the following is the best explanation for the effect of low external pH?\nChoose the best answer from the following options:\n0. It increases the concentration of OH-, causing the mitochondria to pump H+ to the intermembrane space.\n1. It increases the OH- concentration in the mitochondria matrix.\n2. It increases the acid concentration in the mitochondria matrix.\n3. It increases diffusion of H+ from the intermembrane space to the matrix.\nAnswer: ",
    "answer": 3
  },
  {
    "question": "Hemoglobin is a molecule that binds to both O2 and CO2. There is an allosteric relationship between the concentrations of O2 and CO2. Hemoglobin's affinity for O2\nChoose the best answer from the following options:\n0. decreases as blood pH decreases\n1. increases as H+ concentration increases\n2. increases in exercising muscle tissue\n3. decreases as CO2 concentration decreases\nAnswer: ",
    "answer": 0
  },
  {
    "question": "The first groups of animals to develop lung tissue adequate to support their respiratory requirements without the use of supplementary gas exchange organs were the\nChoose the best answer from the following options:\n0. amphibians\n1. reptiles\n2. mammals\n3. trematoda\nAnswer: ",
    "answer": 1
  },
  {
    "question": "Which of the following statements about the light-dependent reactions of photosynthesis is correct?\nChoose the best answer from the following options:\n0. They provide the carbon that becomes incorporated into sugar.\n1. They produce PGA, which is converted to glucose by carbon fixation in the light-independent reactions.\n2. Water is split apart, providing hydrogen ions and electrons to NADP for temporary storage.\n3. They occur in the stroma of chloroplasts.\nAnswer: ",
    "answer": 2
  },
  {
    "question": "Recently, seasonal dead zones in low-oxygen waters have been occurring annually in the Gulf of Mexico near the mouth of the Mississippi River. The dead zones result from the rapid growth of photosynthetic phytoplankton (algal blooms) and their subsequent decay by oxygen-depleting microbes in the water column. Which of the following factors most likely triggers the algal blooms and the associated dead zones?\nChoose the best answer from the following options:\n0. A decrease in the light level in surface waters as day length starts to shorten after the summer solstice\n1. Increased predation by marine larvae and other zooplankton during the summer months\n2. A summer influx of nutrients derived from chemical fertilizers that are high in nitrogen and phosphorus\n3. Decreased competition from other marine phytoplankton during the summer months\nAnswer: ",
    "answer": 2
  },
  {
    "question": "A heterotroph\nChoose the best answer from the following options:\n0. obtains its energy from sunlight, harnessed by pigments\n1. obtains its energy by oxidizing organic molecules\n2. makes organic molecules from CO2\n3. obtains its energy by consuming exclusively autotrophs\nAnswer: ",
    "answer": 1
  },
  {
    "question": "When we say that an individual organism has a greater fitness than another individual, we specifically mean that the organism\nChoose the best answer from the following options:\n0. lives longer than others of its species.\n1. competes for resources more successfully than others of its species.\n2. mates more frequently than others of its species.\n3. leaves more viable offspring than others of its species.\nAnswer: ",
    "answer": 3
  },
  {
    "question": "The wings of a bat and the wings of a butterfly are\nChoose the best answer from the following options:\n0. homologous structures\n1. analogous structures\n2. vestigial structures\n3. dissimilar in form and function\nAnswer: ",
    "answer": 1
  },
  {
    "question": "What is the best explanation for the fact that tuna, sharks, and dolphins all have a similar streamlined appearance?\nChoose the best answer from the following options:\n0. They all share a recent common ancestor.\n1. They all sustained the same set of mutations.\n2. They acquire a streamlined body type to survive in their particular environment.\n3. The streamlined body has a selective advantage in that environment.\nAnswer: ",
    "answer": 3
  },
  {
    "question": "Short sequence by promoter that assists transcription by interacting with regulatory proteins.\nChoose the best answer from the following options:\n0. Enhancer\n1. Repressor\n2. Operator\n3. Promoter\nAnswer: ",
    "answer": 2
  },
  {
    "question": "Which of the following best accounts for the ability of legumes to grow well in nitrogen-poor soils?\nChoose the best answer from the following options:\n0. These plants make their own proteins.\n1. These plants have a mutualistic relationship with nitrogen-fixing bacteria.\n2. These plants are capable of directly converting nitrogen gas into nitrates.\n3. These plants do not require nitrogen to make plant proteins.\nAnswer: ",
    "answer": 1
  },
  {
    "question": "If neutral variation is truly \"neutral,\" then it should have no effect on\nChoose the best answer from the following options:\n0. nucleotide diversity.\n1. average heterozygosity.\n2. our ability to measure the rate of evolution.\n3. relative fitness.\nAnswer: ",
    "answer": 3
  },
  {
    "question": "Refer to question 15 for details on the squirrel population. Which of the following conditions is required to keep this population in Hardy-Weinberg equilibrium?\nChoose the best answer from the following options:\n0. Random mating\n1. Genetic drift\n2. Mutation\n3. Gene flow\nAnswer: ",
    "answer": 0
  },
  {
    "question": "The geneticist Mary Lyon hypothesized the existence of structures visible just under the nuclear membrane in mammals, which were later named Barr bodies. Which of the following statement is NOT correct about Barr bodies?\nChoose the best answer from the following options:\n0. In the early female embryo, one copy of the X chromosome becomes inactivated in every body cell.\n1. The same chromosome in every cell of a normal female is inactivated.\n2. A male with the XXY genotype will have one Barr body.\n3. Barr bodies consist of highly methylated DNA.\nAnswer: ",
    "answer": 1
  },
  {
    "question": "Which of the following best explains why a population is described as the evolutionary unit?\nChoose the best answer from the following options:\n0. Genetic changes can only occur at the population level.\n1. The gene pool in a population remains fixed over time.\n2. Natural selection affects individuals, not populations.\n3. Individuals cannot evolve, but populations can.\nAnswer: ",
    "answer": 3
  },
  {
    "question": "In the inherited disorder called Pompe disease, glycogen breakdown in the cytosol occurs normally and blood glucose levels are normal, yet glycogen accumulates in lysosomes. This suggests a malfunction with\nChoose the best answer from the following options:\n0. enzymes in the lysosomes\n1. enzymes in the mitochondria\n2. membrane transport during exocytosis\n3. membrane transport during endocytosis\nAnswer: ",
    "answer": 0
  },
  {
    "question": "A lizard lacking a chemical defense mechanism that is colored in the same way as a lizard that has a defense mechanism is displaying\nChoose the best answer from the following options:\n0. aposometric coloration.\n1. cryptic coloration.\n2. Batesian mimicry.\n3. Müllerian mimicry.\nAnswer: ",
    "answer": 2
  },
  {
    "question": "Double fertilization is a unique feature of flowering plants. In this process, one sperm unites with the egg to yield a zygote. The second sperm unites with the polar nuclei to initiate the formation of the\nChoose the best answer from the following options:\n0. megagametophyte\n1. endodermis\n2. embryo\n3. endosperm\nAnswer: ",
    "answer": 3
  },
  {
    "question": "Heterozygote advantage should be most closely linked to which of the following?\nChoose the best answer from the following options:\n0. sexual selection\n1. stabilizing selection\n2. random selection\n3. directional selection\nAnswer: ",
    "answer": 1
  },
  {
    "question": "Which of the following is a property that is shared by Zika fever‚ West Nile fever‚ and malaria?\nChoose the best answer from the following options:\n0. The diseases are caused by viruses.\n1. The diseases occur only in individuals who visit or live in tropical countries.\n2. The pathogens that cause the diseases have developed resistance to antibiotics.\n3. The pathogens that cause the diseases are primarily transmitted by the bite of an infected mosquito.\nAnswer: ",
    "answer": 3
  },
  {
    "question": "What was the prevailing notion prior to the time of Lyell and Darwin?\nChoose the best answer from the following options:\n0. Earth is a few thousand years old, and populations are unchanging.\n1. Earth is a few thousand years old, and populations gradually change.\n2. Earth is millions of years old, and populations rapidly change.\n3. Earth is millions of years old, and populations are unchanging.\nAnswer: ",
    "answer": 0
  },
  {
    "question": "You are told that in a population of guinea pigs, 4 percent are black (recessive) and 96 percent are brown. Which of the following is the frequency of the heterozygous condition?\nChoose the best answer from the following options:\n0. 16 percent\n1. 32 percent\n2. 40 percent\n3. 48 percent\nAnswer: ",
    "answer": 1
  },
  {
    "question": "In garden peas, the allele for tall plants (D) is completely dominant to the allele for dwarf plants (d) and the allele for violet flower color (W) is completely dominant to the allele for white flower color (w). In a cross between a tall violet plant, with the genotype DDWw, and a dwarf white plant, what phenotypic ratio of the progeny would be expected from this cross?\nChoose the best answer from the following options:\n0. All tall violet\n1. 1 tall violet: 1 dwarf violet\n2. 1 tall violet: 1 tall white: 1 dwarf violet: 1 dwarf white\n3. 1 tall violet: 1 tall white\nAnswer: ",
    "answer": 3
  },
  {
    "question": "Compared to DNA viral replication, RNA viral replication is more susceptible to mutation because\nChoose the best answer from the following options:\n0. RNA replication takes place in the cytoplasm, whereas DNA replication takes place in the nucleus.\n1. RNA viruses replicate much faster than DNA viruses.\n2. RNA viruses use uracil instead of thymine.\n3. RNA replication lacks the proofreading functions characteristic of DNA replication.\nAnswer: ",
    "answer": 3
  },
  {
    "question": "Females with Turner's syndrome have a high incidence of hemophilia, a recessive, X-linked trait. Based on this information, it can be inferred that females with this condition\nChoose the best answer from the following options:\n0. have an extra X chromosome\n1. have an extra Y chromosome\n2. lack an X chromosome\n3. have red blood cells that clump\nAnswer: ",
    "answer": 2
  },
  {
    "question": "Many marine birds drink seawater yet maintain their internal osmolarity at a constant level that is hypoosmotic to seawater. Which of the following physiological strategies best explains how the birds maintain their tissue osmolarity?\nChoose the best answer from the following options:\n0. Marine birds absorb water from the environment through specialized salt-exchange glands and produce large volumes of dilute urine in the kidneys.\n1. Marine birds absorb salts from the environment through specialized salt-exchange glands and produce large volumes of concentrated urine in the kidneys.\n2. Marine birds excrete salts through specialized salt-exchange glands and excrete small volumes of urine.\n3. Marine birds excrete salts and nitrogenous wastes through specialized nasal glands.\nAnswer: ",
    "answer": 2
  },
  {
    "question": "A researcher grows a population of ferns in her laboratory. She notices, after a few generations, a new variant that has a distinct phenotype. When she tries to breed the original phenotype with the new one, no offspring are produced. When she breeds the new variants, however, offspring that look like the new variant result. What kind of speciation does this example illustrate?\nChoose the best answer from the following options:\n0. Allopatric\n1. Sympatric\n2. Isolated\n3. Polyploidy\nAnswer: ",
    "answer": 1
  },
  {
    "question": "Which of the following represents an idea that Darwin learned from the writings of Thomas Malthus?\nChoose the best answer from the following options:\n0. All species are fixed in the form in which they are created.\n1. Populations tend to increase at a faster rate than their food supply normally allows.\n2. Earth changed over the years through a series of catastrophic upheavals.\n3. The environment is responsible for natural selection.\nAnswer: ",
    "answer": 1
  },
  {
    "question": "Which of the following is a frameshift mutation?\nChoose the best answer from the following options:\n0. CAT HAS HIS → CAT HAS HIT\n1. CAT HAS HIS → CAT HSH ISA\n2. CAT HAS HIS → CAT HIS HAT\n3. CAT HAS HIS → CAT WAS HIT\nAnswer: ",
    "answer": 1
  },
  {
    "question": "The following pairs were placed in solution together. Which two could be separated by performing low-speed centrifugation?\nChoose the best answer from the following options:\n0. DNA and mRNA\n1. Nuclei and secretory vesicles\n2. Golgi apparatus and endoplasmic reticulum\n3. Lysosomes and endosomes\nAnswer: ",
    "answer": 1
  },
  {
    "question": "Mouse sperm contain receptor proteins that bind to a glycoprotein (ZP3) in the zona pellucida of mouse eggs. Binding of ZP3 receptors to ZP3 initiates the sperm’s acrosomal reaction. All of the following experimental observations would be expected EXCEPT:\nChoose the best answer from the following options:\n0. Injecting eggs with antibodies that bind to ZP3 blocks in vitro fertilization.\n1. Incubating sperm with purified ZP3 prior to mixing sperm and eggs blocks in vitro fertilization.\n2. Incubating eggs with antibodies that bind to ZP3 blocks in vitro fertilization.\n3. Coating synthetic beads with a different glycoprotein, ZP2, fails to lead to sperm aggregation on the beads.\nAnswer: ",
    "answer": 0
  },
  {
    "question": "A rooster with gray feathers and a hen with the same phenotype produce 17 gray, 7 black, and 8 white chicks. What is the simplest explanation for the inheritance of these colors in chickens?\nChoose the best answer from the following options:\n0. The trait for gray is epistatic over the trait for black.\n1. The trait for gray is epistatic over the trait for white.\n2. The traits for black and white color demonstrate incomplete dominance.\n3. The traits for black and white color demonstrate codominance.\nAnswer: ",
    "answer": 2
  },
  {
    "question": "A healthy person sitting at rest consciously begins to breathe too fast. Which of the following describes the change in the person’s blood caused by this hyperventilation?\nChoose the best answer from the following options:\n0. A decrease in partial pressure of carbon dioxide and an increase in concentration of hydrogen ions\n1. A decrease in partial pressure of carbon dioxide and a decrease in concentration of hydrogen ions\n2. An increase in partial pressure of carbon dioxide and an increase in concentration of hydrogen ions\n3. An increase in partial pressure of carbon dioxide and a decrease in concentration of hydrogen ions\nAnswer: ",
    "answer": 1
  },
  {
    "question": "Which of the following must be true in order for evolution to have occurred?\nChoose the best answer from the following options:\n0. The frequencies of some alleles in a population's gene pool has changed over successive generations.\n1. The frequencies of some alleles in a population's gene pool has changed during the organisms' lifetimes.\n2. The frequencies of each allele in a population's gene pool has remained constant over successive generations.\n3. The frequencies of each allele in an organism's genotype has remained constant within the organism's lifetime.\nAnswer: ",
    "answer": 0
  },
  {
    "question": "Among primates, a high degree of sexual dimorphism in a species usually indicates intense competition between\nChoose the best answer from the following options:\n0. males in order to obtain individual food resources\n1. males in order to obtain mates\n2. females in order to obtain individual food resources\n3. females in order to obtain mates\nAnswer: ",
    "answer": 1
  },
  {
    "question": "Of the following anatomical structures, which is homologous to the wing of a bird?\nChoose the best answer from the following options:\n0. Dorsal fin of a shark\n1. Hindlimb of a kangaroo\n2. Wing of a butterfly\n3. Flipper of a cetacean\nAnswer: ",
    "answer": 3
  },
  {
    "question": "To prevent desiccation and injury, the embryos of terrestrial vertebrates are encased within a fluid secreted by the\nChoose the best answer from the following options:\n0. amnion\n1. chorion\n2. allantois\n3. yolk sac\nAnswer: ",
    "answer": 0
  },
  {
    "question": "Which of the following must exist in a population before natural selection can act upon that population?\nChoose the best answer from the following options:\n0. Genetic variation among individuals\n1. Variation among individuals caused by environmental factors\n2. Sexual reproduction\n3. B and C only\nAnswer: ",
    "answer": 0
  },
  {
    "question": "In the presence of alcohol dehydrogenase, the rate of reduction of acetaldehyde to ethanol increases as the concentration of acetaldehyde is increased. Eventually, the rate of the reaction reaches a maximum, after which point further increases in the concentration of acetaldehyde have no effect. Which of the following is true at the maximal rate of reaction?\nChoose the best answer from the following options:\n0. Nearly all of the enzyme molecules are interacting with acetaldehyde molecules.\n1. The activation energy of the reaction decreases.\n2. The change in free energy of the reaction decreases.\n3. The enzyme is no longer specific for acetaldehyde.\nAnswer: ",
    "answer": 0
  },
  {
    "question": "Which of the following statements most accurately explains what EcoR1 is?\nChoose the best answer from the following options:\n0. It is a bacterium that lives in the human large intestine.\n1. It is the best-studied bacteriophage, a virus that attacks E. coli.\n2. It is a restriction enzyme extracted from E. coli.\n3. It is a type of DNA used extensively in research.\nAnswer: ",
    "answer": 2
  },
  {
    "question": "The base composition of DNA varies from one species to another. Which of the following ratios would you expect to remain constant in the DNA?\nChoose the best answer from the following options:\n0. Cytosine : Adenine\n1. Pyrimidine : Purine\n2. Adenine : Guanine\n3. Guanine : Deoxyribose\nAnswer: ",
    "answer": 1
  },
  {
    "question": "Which of the following is typically NOT found in normal somatic cells of a human male?\nChoose the best answer from the following options:\n0. The entire genetic information possessed by the original zygote\n1. An inactivated X chromosome\n2. Forty-four autosomes\n3. A diploid nucleus\nAnswer: ",
    "answer": 1
  },
  {
    "question": "Which of the following depicts the correct sequence of membranes of the chloroplast, beginning with the innermost membrane and ending with the outermost membrane?\nChoose the best answer from the following options:\n0. Thylakoid membrane, inner membrane, outer membrane\n1. Inner membrane, outer membrane, thylakoid membrane\n2. Outer membrane, inner membrane, thylakoid membrane\n3. Strama, outer membrane, inner membrane\nAnswer: ",
    "answer": 0
  },
  {
    "question": "Adaptations of plants to minimize water loss in environments with high temperatures include which of the following?\nChoose the best answer from the following options:\n0. Numerous stomata\n1. Thin cuticles\n2. Spines instead of leaves\n3. Large surface-to-volume ratios\nAnswer: ",
    "answer": 2
  },
  {
    "question": "A chemical agent is found to denature all enzymes in the synaptic cleft. What effect will this agent have on acetylcholine?\nChoose the best answer from the following options:\n0. Acetylcholine will not be released from the presynaptic membrane.\n1. Acetylcholine will not bind to receptor proteins on the postsynaptic membrane.\n2. Acetylcholine will not diffuse across the cleft to the postsynaptic membrane.\n3. Acetylcholine will not be degraded in the synaptic cleft.\nAnswer: ",
    "answer": 3
  },
  {
    "question": "Unlike large populations, small populations are vulnerable to various processes that draw populations down an extinction vortex toward smaller and smaller populations until no individuals survive. Which of the following statements correctly identifies the factors that endanger a population?\nChoose the best answer from the following options:\n0. Inbreeding and loss of genetic variation threaten a population.\n1. Migration of new individuals into the population threatens a population.\n2. Mutation reduces the health of a population.\n3. Breeding with individuals from a different population may cause the extinction of the first population due to a decrease in diversity.\nAnswer: ",
    "answer": 0
  },
  {
    "question": "A student conducts an experiment to test the efficiency of a certain enzyme. Which of the following protocols would probably not result in a change in the enzyme’s efficiency?\nChoose the best answer from the following options:\n0. Bringing the temperature of the experimental setup from 20°C to 50°C\n1. Adding an acidic solution to the setup\n2. Adding substrate but not enzyme\n3. Placing the substrate and enzyme in a container with double the capacity\nAnswer: ",
    "answer": 3
  },
  {
    "question": "In reference to a segment of DNA, which of the following molecules contains the fewest number of nucleotides?\nChoose the best answer from the following options:\n0. a single strand of the original DNA segment\n1. a single strand of the original DNA segment after a point mutation\n2. the primary RNA transcript (before splicing) from the original DNA\n3. a single strand of complementary DNA (cDNA) made from the original DNA\nAnswer: ",
    "answer": 3
  },
  {
    "question": "Which of the following statements is NOT correct about apoptosis?\nChoose the best answer from the following options:\n0. Apoptosis, a special type of cell division, requires multiple cell signaling.\n1. The fact that apoptosis is widespread across several kingdoms is evidence that it evolved early in the evolution of eukaryotes.\n2. Apoptosis plays a crucial role in the development of fingers in embryonic development.\n3. Apoptosis prevents an aging and dying cell from damaging neighboring cells.\nAnswer: ",
    "answer": 0
  },
  {
    "question": "In plants, the tendency of climbing vines to twine their tendrils around a trellis is called\nChoose the best answer from the following options:\n0. thigmotropism\n1. hydrotropism\n2. phototropism\n3. geotropism\nAnswer: ",
    "answer": 0
  },
  {
    "question": "Which of the following statements about excretory organs is true?\nChoose the best answer from the following options:\n0. The kidneys of saltwater fishes produce urine hyperosmotic to their tissues.\n1. The kidneys of desert mammals produce urine that is hypoosmotic to the urine of freshwater fishes.\n2. Malpighian tubules allow insects to excrete waste through the exoskeleton.\n3. Juxtamedullary nephrons in the mammalian kidney allow the organism to produce hyperosmotic urine.\nAnswer: ",
    "answer": 3
  },
  {
    "question": "You observe a species that gives birth to only one offspring at a time and has a relatively long life-span for its body size. Which of the following is probably also true of this organism?\nChoose the best answer from the following options:\n0. It lives in a newly colonized habitat.\n1. It is an aquatic organism.\n2. It requires relatively high parental care of offspring.\n3. The age at which the offspring themselves can give birth is relatively young.\nAnswer: ",
    "answer": 2
  },
  {
    "question": "Which of the following statements about post-transcriptional modification are incorrect?\nChoose the best answer from the following options:\n0. A poly-A tail is added to the 3′ end of the mRNA.\n1. A guanine cap is added to the 5′ end of the mRNA.\n2. Introns are removed from the mRNA.\n3. Posttranscriptional modification occurs in the cytoplasm.\nAnswer: ",
    "answer": 3
  },
  {
    "question": "Which of the following is the symplastic pathway for the movement of sucrose from the site of photosynthesis in mesophyll cells into the phloem?\nChoose the best answer from the following options:\n0. Fibers, phloem parenchyma, companion cell, sieve tube\n1. Phloem parenchyma, fibers, bundle sheath, tracheids\n2. Companion cells, phloem parenchyma, fibers, sieve tube\n3. Bundle sheath, phloem parenchyma, companion cell, sieve tube\nAnswer: ",
    "answer": 3
  },
  {
    "question": "When driving from east to west in the U.S. from a forest ecosystem to grasslands, trees gradually give way to grasses. Which of the following is the critical factor responsible for this shift?\nChoose the best answer from the following options:\n0. Amount of sunlight\n1. Availability of oxygen\n2. Availability of water\n3. Length of growing season\nAnswer: ",
    "answer": 2
  },
  {
    "question": "In the process of generating ATP, hydrogen ions (H+, or protons) are transported across the inner mitochondrial membrane and the thylakoid membrane by a proton pump (an ATPase). You would expect to find similar proton pumps in the plasma membranes of\nChoose the best answer from the following options:\n0. bacteria\n1. mammalian muscle cells\n2. mammalian nerve cells\n3. plants and fungi\nAnswer: ",
    "answer": 0
  },
  {
    "question": "Monoclonal antisera are distinguished from polyclonal antisera in which of the following ways?\nChoose the best answer from the following options:\n0. Each type of antibody in a monoclonal antiserum reacts against a single region of a single antigen; each type of antibody in a polyclonal antiserum reacts against multiple regions of different antigens.\n1. A monoclonal antibody reacts against multiple regions of a single antigen; a polyclonal antibody reacts against a single region of related antigens.\n2. A monoclonal antiserum contains antibodies secreted from the descendants of a single B lymphocyte; a polyclonal antiserum contains antibodies secreted from the descendants of different B lymphocytes.\n3. A monoclonal antiserum contains antibodies secreted from the descendants of a single B lymphocyte; a polyclonal antiserum contains antibodies secreted from the descendants of both B and T lymphocytes.\nAnswer: ",
    "answer": 2
  },
  {
    "question": "Memory loss would most likely be due to a malfunction of which part of the brain?\nChoose the best answer from the following options:\n0. Medulla\n1. Cerebellum\n2. Cerebrum\n3. Pons\nAnswer: ",
    "answer": 2
  },
  {
    "question": "Apoptosis, which is programmed cell death, is a necessary process in living organisms. Which of the following is NOT correct about apoptosis?\nChoose the best answer from the following options:\n0. It occurs randomly.\n1. A particular cell dies when it is no longer needed by the organism.\n2. A cell carries out apoptosis when too many mutations have accumulated.\n3. Plant cells carry out apoptosis as a defense measure in cells that have been infected by parasites.\nAnswer: ",
    "answer": 0
  },
  {
    "question": "The energy given up by electrons as they move through the electron transport chain is used to\nChoose the best answer from the following options:\n0. break down glucose\n1. make glucose\n2. produce ATP\n3. make NADH\nAnswer: ",
    "answer": 2
  },
  {
    "question": "Regarding meiosis and mitosis, one difference between the two forms of cellular reproduction is that in meiosis\nChoose the best answer from the following options:\n0. there is one round of cell division, whereas in mitosis there are two rounds of cell division\n1. separation of sister chromatids occurs during the second division, whereas in mitosis separation of sister chromatids occurs during the first division\n2. chromosomes are replicated during interphase, whereas in mitosis chromosomes are replicated during prophase\n3. spindle fibers form during prophase, whereas in mitosis the spindle fibers form during metaphase\nAnswer: ",
    "answer": 1
  },
  {
    "question": "A researcher is experimenting with nerve transmission using neurons from a giant squid. At the beginning of the experiment, the axon is at rest and has a threshold measured at –70 mV at 37oC. The axon receives one stimulus that triggers one action potential in the axon. Subsequent stimuli are much stronger. Which of the following statements explains what happens when several strong stimuli are experienced by the axon?\nChoose the best answer from the following options:\n0. The axon becomes hyperpolarized to –90 mV.\n1. The axon becomes hyperpolarized to –50 mV.\n2. The strength of the action potential becomes greater.\n3. The frequency of the action potential increases.\nAnswer: ",
    "answer": 3
  },
  {
    "question": "Members of which of the following groups are most likely to be surrounded by a protein coat?\nChoose the best answer from the following options:\n0. Viruses\n1. Bacteria\n2. Eukaryotes\n3. Archaea\nAnswer: ",
    "answer": 0
  },
  {
    "question": "Crossing-over occurs during which of the following phases in meiosis?\nChoose the best answer from the following options:\n0. Prophase I\n1. Metaphase I\n2. Anaphase I\n3. Prophase II\nAnswer: ",
    "answer": 0
  },
  {
    "question": "All of the following are modes of asexual reproduction EXCEPT\nChoose the best answer from the following options:\n0. sporulation\n1. fission\n2. budding\n3. meiosis\nAnswer: ",
    "answer": 3
  },
  {
    "question": "The structure of ATP synthase in the plasma membranes of bacteria is nearly identical to that in the mitochondria and chloroplasts of eukaryotic cells. This similarity best supports which of the following hypotheses?\nChoose the best answer from the following options:\n0. Eukaryotic and prokaryotic cells share a common ancestor.\n1. Mitochondria are derived from ancient aerobic bacteria, and chloroplasts are derived from ancient photosynthetic bacteria.\n2. The similarity of ATP synthase in bacteria, mitochondria, and chloroplasts is an example of convergent evolution.\n3. Mitochondria and chloroplasts escaped from eukaryotic cells and formed aerobic and photosynthetic prokaryotes.\nAnswer: ",
    "answer": 1
  },
  {
    "question": "When oxygen becomes unavailable, this process regenerates NAD+, allowing respiration to continue.\nChoose the best answer from the following options:\n0. Glycolysis\n1. Chemiosmosis\n2. Fermentation\n3. Calvin cycle\nAnswer: ",
    "answer": 2
  },
  {
    "question": "Which of the following statements about cellular respiration is correct?\nChoose the best answer from the following options:\n0. Most CO2 produced during cellular respiration is released from glycolysis.\n1. Protons are pumped through ATP synthase by active transport.\n2. The final electron acceptor of the electron transport chain is NAD+.\n3. ATP is formed because an endergonic reaction is coupled with an exergonic reaction.\nAnswer: ",
    "answer": 3
  },
  {
    "question": "All of the following are examples of connective tissue EXCEPT\nChoose the best answer from the following options:\n0. ligaments\n1. muscle\n2. blood\n3. cartilage\nAnswer: ",
    "answer": 1
  },
  {
    "question": "Warning coloration adopted by animals that possess a chemical defense mechanism.\nChoose the best answer from the following options:\n0. Aposomatic coloration\n1. Batesian mimicry\n2. Deceptive markings\n3. Cryptic coloration\nAnswer: ",
    "answer": 0
  },
  {
    "question": "A researcher grows a population of ferns in her laboratory. She notices, after a few generations, a new variant that has a distinct phenotype. When she tries to breed the original phenotype with the new one, no offspring are produced. When she breeds the new variants, however, offspring that look like the new variant result. Which of the following could possibly characterize the new variant?\nChoose the best answer from the following options:\n0. Adaptive radiation\n1. Divergent selection\n2. Equilibrium\n3. Polyploidy\nAnswer: ",
    "answer": 3
  },
  {
    "question": "Hardy-Weinberg equilibrium generally assumes all of the following EXCEPT\nChoose the best answer from the following options:\n0. a large population\n1. genetic drift\n2. random mating\n3. absence of selection\nAnswer: ",
    "answer": 1
  },
  {
    "question": "In chloroplasts, a certain protein is found in the lumen of the thylakoid (thylakoid space). It is transcribed in the nucleus and synthesized on cytoplasmic ribosomes. How many membrane bilayers must this protein cross to reach its final location?\nChoose the best answer from the following options:\n0. One\n1. Two\n2. Three\n3. Four\nAnswer: ",
    "answer": 2
  },
  {
    "question": "The soils of which of the following biomes has the highest rate of leaching and cycling of nutrients?\nChoose the best answer from the following options:\n0. Tropical rain forest\n1. Tundra\n2. Taiga\n3. Desert\nAnswer: ",
    "answer": 0
  },
  {
    "question": "Which of the following properties is responsible for holding together the water molecules in a vertical column of water in xylem vessels of a plant?\nChoose the best answer from the following options:\n0. the strong adhesion property of water\n1. the strong cohesion of property of water\n2. the high heat capacity of water\n3. the strong cohesion property of cellulose in the xylem cell wall\nAnswer: ",
    "answer": 1
  },
  {
    "question": "Once a plasmid has incorporated specific genes, such as the gene coding for the antibiotic ampicillin, into its genome, the plasmid may be cloned by\nChoose the best answer from the following options:\n0. inserting it into a virus to generate multiple copies\n1. treating it with a restriction enzyme in order to cut the molecule into small pieces\n2. inserting it into a suitable bacterium in order to produce multiple copies\n3. running it on a gel electrophoresis in order to determine the size of the gene of interest\nAnswer: ",
    "answer": 2
  },
  {
    "question": "Charles Darwin was the first person to propose\nChoose the best answer from the following options:\n0. that evolution occurs.\n1. a mechanism for how evolution occurs.\n2. that the Earth is older than a few thousand years.\n3. a mechanism for evolution that was supported by evidence.\nAnswer: ",
    "answer": 3
  },
  {
    "question": "No two people are genetically identical, except for identical twins. The chief cause of genetic variation among human individuals is\nChoose the best answer from the following options:\n0. new mutations that occurred in the preceding generation.\n1. the reshuffling of alleles in sexual reproduction.\n2. genetic drift due to the small size of the population.\n3. geographic variation within the population.\nAnswer: ",
    "answer": 1
  },
  {
    "question": "Which statement about the beak size of finches on the island of Daphne Major during prolonged drought is true?\nChoose the best answer from the following options:\n0. Each bird evolved a deeper, stronger beak as the drought persisted.\n1. Each bird developed a deeper, stronger beak as the drought persisted.\n2. Each bird's survival was strongly influenced by the depth and strength of its beak as the drought persisted.\n3. Each bird that survived the drought produced only offspring with deeper, stronger beaks than seen in the previous generation.\nAnswer: ",
    "answer": 2
  },
  {
    "question": "Which is a true statement concerning genetic variation?\nChoose the best answer from the following options:\n0. It is created by the direct action of natural selection.\n1. It arises in response to changes in the environment.\n2. It must be present in a population before natural selection can act upon the population.\n3. It tends to be reduced by the processes involved when diploid organisms produce gametes.\nAnswer: ",
    "answer": 2
  },
  {
    "question": "Gene flow between populations results in\nChoose the best answer from the following options:\n0. an increase in genetic homogeneity in the metapopulation\n1. an increase in the rate of deleterious mutations in the metapopulation\n2. an increased likelihood of speciation\n3. disruption of Hardy-Weinberg equilibrium in the metapopulation\nAnswer: ",
    "answer": 0
  },
  {
    "question": "Which of the following contributes the MOST to genetic variability in a population?\nChoose the best answer from the following options:\n0. Sporulation\n1. Binary fission\n2. Vegetative propagation\n3. Mutation\nAnswer: ",
    "answer": 3
  },
  {
    "question": "Although mutations occur at a regular and predictable rate, which of the following statements is the LEAST likely reason the frequency of mutation appears to be low?\nChoose the best answer from the following options:\n0. Some mutations produce alleles that are recessive and may not be expressed.\n1. Some undesirable phenotypic traits may be prevented from reproducing.\n2. Some mutations cause such drastic phenotypic changes that they are removed from the gene pool.\n3. The predictable rate of mutation results in ongoing variability in a gene pool.\nAnswer: ",
    "answer": 3
  },
  {
    "question": "Which of the following is an example of a cline?\nChoose the best answer from the following options:\n0. The hybrid tomato plant is stronger and produces better fruit than the pure genotype.\n1. There are two distinct varieties in one population of snail that inhabits an island in the Pacific Ocean.\n2. Males of some species have long antlers to fight other males for females.\n3. In one species of rabbit, the ones that evolved in the cold, snowy north are white, while the ones that evolved in the south are brown.\nAnswer: ",
    "answer": 3
  },
  {
    "question": "The frequency of a particular allele in a population of 1,000 birds in Hardy-Weinberg equilibrium is 0.3. If the population remains in equilibrium, what would be the expected frequency of that allele after 500 years?\nChoose the best answer from the following options:\n0. It will increase if the allele is favorable or will decrease if it is unfavorable for individuals in that population.\n1. Not enough information is provided to determine if the frequency of the allele will remain the same or change.\n2. The frequency of the allele will remain at 0.3 because the population is at Hardy-Weinberg equilibrium.\n3. The frequency of the allele will remain the same; this is an example of the bottleneck effect.\nAnswer: ",
    "answer": 2
  },
  {
    "question": "All of the following characteristics are typical of r-selected species EXCEPT\nChoose the best answer from the following options:\n0. high reproductive rate\n1. small body size\n2. occupancy of unstable environments\n3. high competitive ability\nAnswer: ",
    "answer": 3
  },
  {
    "question": "Which of the following adaptive features would least likely be found in an animal living in a hot arid environment?\nChoose the best answer from the following options:\n0. Long loops of Henle to maximize water reabsorption\n1. Storage of water in fatty tissues\n2. Large ears to aid in heat dispersion\n3. Short loops of Henle to maximize water secretion\nAnswer: ",
    "answer": 3
  },
  {
    "question": "Which of the following is most correct concerning cell differentiation in vertebrates?\nChoose the best answer from the following options:\n0. Cells in different tissues contain different sets of genes, leading to structural and functional differences.\n1. Differences in the timing and expression levels of different genes leads to structural and functional differences.\n2. Differences in the reading frame of mRNA leads to structural and functional differences.\n3. Differences between tissues result from spontaneous morphogenesis.\nAnswer: ",
    "answer": 1
  },
  {
    "question": "A certain autosomal recessive trait is expressed in 1% of a population. Assuming that the population is in Hardy-Weinberg equilibrium, what percent of the population are carriers but do not express the trait?\nChoose the best answer from the following options:\n0. 10%\n1. 18%\n2. 27%\n3. 50%\nAnswer: ",
    "answer": 1
  },
  {
    "question": "Which of the following characteristics is predicted for an early-successional plant community?\nChoose the best answer from the following options:\n0. High niche divergence among co-occurring species\n1. High ratios of primary production to standing-crop biomass\n2. High frequency of K-selected species\n3. High detrital biomass\nAnswer: ",
    "answer": 1
  },
  {
    "question": "In a hypothetical population's gene pool, an autosomal gene, which had previously been fixed, undergoes a mutation that introduces a new allele, one inherited according to incomplete dominance. Natural selection then causes stabilizing selection at this locus. Consequently, what should happen over the course of many generations?\nChoose the best answer from the following options:\n0. The proportions of both types of homozygote should decrease.\n1. The proportion of the population that is heterozygous at this locus should remain constant.\n2. The population's average heterozygosity should increase.\n3. Both A and C\nAnswer: ",
    "answer": 3
  },
  {
    "question": "The amino acid ornithine is regenerated during each turn of the urea cycle in a similar manner to which of the following participants in the citric acid cycle?\nChoose the best answer from the following options:\n0. Succinate\n1. Fumarate\n2. Oxaloacetate\n3. Citrate\nAnswer: ",
    "answer": 2
  },
  {
    "question": "A competitive inhibitor of an enzyme exerts its effect by\nChoose the best answer from the following options:\n0. irreversibly forming covalent links with the enzyme, effectively preventing the enzyme's dissociation from it\n1. irreversibly modifying some of the amino acid residues that help to comprise the enzyme's active site\n2. competing with the substrate molecule for the same enzyme but a different binding site than the substrate binding site\n3. reversibly decreasing the number of enzyme molecules that are available to bind substrates\nAnswer: ",
    "answer": 3
  },
  {
    "question": "Which of the following statements about the DNA in one of your liver cells is correct?\nChoose the best answer from the following options:\n0. Your liver cells contain the same DNA as your white blood cells.\n1. Most of the DNA in your liver cells will be transcribed but not translated.\n2. Most of the DNA in your liver cells will be transcribed in the nucleus and translated in the cytoplasm.\n3. DNA in your liver cells contains genes unique to storing glycogen, while other cells do not contain those genes.\nAnswer: ",
    "answer": 0
  },
  {
    "question": "DNA sequences in many human genes are very similar to the sequences of corresponding genes in chimpanzees. The most likely explanation for this result is that\nChoose the best answer from the following options:\n0. humans and chimpanzees share a relatively recent common ancestor.\n1. humans evolved from chimpanzees.\n2. chimpanzees evolved from humans.\n3. convergent evolution led to the DNA similarities.\nAnswer: ",
    "answer": 0
  },
  {
    "question": "A small population of birds is blown to an isolated island by a hurricane and establishes a colony. The gene pool of the newly established population of birds is likely to reflect the effects of which of the following?\nChoose the best answer from the following options:\n0. Directed mutation\n1. Genetic drift\n2. Adaptive radiation\n3. Disruptive selection\nAnswer: ",
    "answer": 1
  },
  {
    "question": "During the period when life is believed to have begun, the atmosphere on primitive Earth contained abundant amounts of all the following gases EXCEPT\nChoose the best answer from the following options:\n0. oxygen\n1. hydrogen\n2. ammonia\n3. methane\nAnswer: ",
    "answer": 0
  },
  {
    "question": "Mimicry is a strategy that has evolved through natural selection to increase the fitness of organisms to their environment. Which of the following represents a form of Batesian mimicry?\nChoose the best answer from the following options:\n0. A type of millipede that is toxic to a toad is permanently avoided by the toad following the toad's initial attempt to consume it.\n1. A moth exhibits false eyes at its tail end in order to disorient predators.\n2. A moth exhibits nearly identical coloration to that of a stinging bee.\n3. A ground-nesting gull chick displays a coloration pattern that is nearly indistinguishable from its surroundings.\nAnswer: ",
    "answer": 2
  },
  {
    "question": "Fossil evidence indicates that horses have gradually increased in size over geologic time. Which of the following terms best describes this?\nChoose the best answer from the following options:\n0. artificial selection\n1. directional selection\n2. stabilizing selection\n3. disruptive selection\nAnswer: ",
    "answer": 1
  },
  {
    "question": "All of the following support the endosymbiotic theory that ancestors of mitochondria and chloroplasts were once independent, free-living prokaryotes EXCEPT:\nChoose the best answer from the following options:\n0. Mitochondria and chloroplasts divide independently of the eukaryotic host cell by a process similar to binary fission.\n1. Mitochondria and chloroplasts have ribosomes that more closely resemble those of bacteria than of eukaryotic cells.\n2. Mitochondria and chloroplasts function independently from the eukaryotic host cell.\n3. Mitochondria, chloroplasts, and bacteria have a single, circular chromosome without histones or proteins.\nAnswer: ",
    "answer": 2
  },
  {
    "question": "Ferns undergo alternation of generations in which a\nChoose the best answer from the following options:\n0. dominant sporophyte alternates with an independent gametophyte\n1. dominant gametophyte alternates with a dependent sporophyte\n2. sporophyte and a gametophyte have equal life spans\n3. gametophyte produces gametes by meiosis\nAnswer: ",
    "answer": 0
  },
  {
    "question": "Within a few weeks of treatment with the drug 3TC, a patient's HIV population consists entirely of 3TC-resistant viruses. How can this result best be explained?\nChoose the best answer from the following options:\n0. HIV can change its surface proteins and resist vaccines.\n1. The patient must have become reinfected with 3TC-resistant viruses.\n2. HIV began making drug-resistant versions of reverse transcriptase in response to the drug.\n3. A few drug-resistant viruses were present at the start of treatment, and natural selection increased their frequency.\nAnswer: ",
    "answer": 3
  },
  {
    "question": "In eukaryotic photosynthetic cells, which of the following occurs when electrons flow cyclically through the electron transport chain associated with photosystem I?\nChoose the best answer from the following options:\n0. Synthesis of ATP\n1. Reduction of NADP+ to NADPH\n2. Release of O2\n3. Reduction of CO2 to sugar\nAnswer: ",
    "answer": 0
  },
  {
    "question": "Which of the following best explains why people can digest starch but cannot digest cellulose even though both molecules are composed of glucose monomers?\nChoose the best answer from the following options:\n0. The bonds linking the monomers of starch differ in shape from the bonds linking the monomers of cellulose.\n1. Molecules of starch are much smaller than molecules of cellulose.\n2. Starch is an intracellular molecule, while cellulose is an extracellular molecule.\n3. Starch is hydrated by water, but cellulose is not.\nAnswer: ",
    "answer": 0
  },
  {
    "question": "An animal cell that is permeable to water but not salts has an internal NaCl concentration of 10%. If placed in freshwater the cell will\nChoose the best answer from the following options:\n0. plasmolyze\n1. swell and eventually lyse\n2. endocytose water into a large central vacuole\n3. shrivel\nAnswer: ",
    "answer": 1
  },
  {
    "question": "When imbalances occur in the sex ratio of sexual species that have two sexes (i.e., other than a 50:50 ratio), the members of the minority sex often receive a greater proportion of care and resources from parents than do the offspring of the majority sex. This is most clearly an example of\nChoose the best answer from the following options:\n0. sexual selection.\n1. disruptive selection.\n2. balancing selection.\n3. frequency-dependent selection.\nAnswer: ",
    "answer": 3
  },
  {
    "question": "All of the following statements about plant embryogenesis are correct EXCEPT:\nChoose the best answer from the following options:\n0. The suspensor is derived from the basal cell.\n1. Cotyledons are derived from the apical cell.\n2. Shoot apical meristem formation occurs after seed formation.\n3. Precursors of all three plant tissue systems are formed during embryogenesis.\nAnswer: ",
    "answer": 2
  },
  {
    "question": "The first point of entry of water at the roots of a monocot plant is through the cytoplasm of cells of the\nChoose the best answer from the following options:\n0. root cap\n1. Casparian strip\n2. pericycle\n3. endoderm\nAnswer: ",
    "answer": 3
  },
  {
    "question": "The fluidity of the plasma membrane can vary in response to temperature changes. For bacteria and yeast cells, which of the following would be a viable strategy to maintain homeostasis of the plasma membrane in a temperature-varying environment?\nChoose the best answer from the following options:\n0. Increase the concentration of solutes in the cytosol.\n1. Change the ratio of phospholipids with double covalent bonds in their tails to those without double covalent bonds in their tails.\n2. Replace phospholipids with glucose molecules.\n3. Exchange phospholipids from one side of the plasma membrane to the other.\nAnswer: ",
    "answer": 1
  },
  {
    "question": "Which of the following is the correct anatomical order of structures in the mammalian female reproductive tract?\nChoose the best answer from the following options:\n0. Oviduct, uterus, rete, vagina\n1. Oviduct, epididymis, uterus, vagina\n2. Ovary, oviduct, uterus, vagina\n3. Ovary, uterus, vagina, rete\nAnswer: ",
    "answer": 2
  },
  {
    "question": "Which of the following most accurately describes a retrotransposon?\nChoose the best answer from the following options:\n0. A DNA sequence that can move from one site in the genome to another without replicating\n1. A DNA sequence that can be deleted from the genome without consequence\n2. A DNA sequence that replicates via an RNA intermediate\n3. A DNA sequence that replicates via a protein intermediate\nAnswer: ",
    "answer": 2
  },
  {
    "question": "Which of the following techniques could be used to demonstrate protein binding to specific DNA sequences?\nChoose the best answer from the following options:\n0. Western blot hybridization\n1. Northern blot hybridization\n2. Southern blot hybridization\n3. Electrophoretic mobility shift assay\nAnswer: ",
    "answer": 3
  },
  {
    "question": "Cancer cells grown in culture are similar to normal cells grown in culture in that they\nChoose the best answer from the following options:\n0. divide an indefinite number of times\n1. do not display contact inhibition\n2. require a surface for attachment in order to grow\n3. proliferate to the same cell density\nAnswer: ",
    "answer": 2
  },
  {
    "question": "Which of the changes below following the start codon in an mRNA would most likely have the greatest deleterious effect?\nChoose the best answer from the following options:\n0. a deletion of a single nucleotide\n1. a deletion of a nucleotide triplet\n2. a single nucleotide substitution of the nucleotide occupying the first codon position\n3. a single nucleotide substitution of the nucleotide occupying the third codon position\nAnswer: ",
    "answer": 0
  },
  {
    "question": "Two xylem plant cell types that provide support and conduct water and minerals are the\nChoose the best answer from the following options:\n0. collenchyma and sclerenchyma\n1. sieve tube members and companion cells\n2. tracheids and vessel elements\n3. vessel elements and companion cells\nAnswer: ",
    "answer": 2
  },
  {
    "question": "Which of the following statements about fungi is NOT true?\nChoose the best answer from the following options:\n0. They all are eukaryotic.\n1. They all have rigid cell walls.\n2. Most are filamentous.\n3. Some are photosynthetic.\nAnswer: ",
    "answer": 3
  },
  {
    "question": "Which of the following cells is most closely associated with phagocytosis?\nChoose the best answer from the following options:\n0. Neutrophils\n1. Plasma cells\n2. B cells\n3. Memory cells\nAnswer: ",
    "answer": 0
  },
  {
    "question": "The development of an egg without fertilization is known as\nChoose the best answer from the following options:\n0. meiosis\n1. parthenogenesis\n2. embryogenesis\n3. vegetative propagation\nAnswer: ",
    "answer": 1
  },
  {
    "question": "Mammals are homeostatic for all of the following EXCEPT\nChoose the best answer from the following options:\n0. body temperature\n1. blood glucose concentration\n2. blood pH\n3. metabolic rate\nAnswer: ",
    "answer": 3
  },
  {
    "question": "Which of the following characteristics distinguishes angiosperms from gymnosperms?\nChoose the best answer from the following options:\n0. Perennial growth\n1. True roots\n2. Apical growth\n3. Seeds enclosed in ovaries\nAnswer: ",
    "answer": 3
  },
  {
    "question": "Stomata allow gases, such as H2O and CO2, to exchange between the inside of a plant leaf and the surrounding environment. Which of the following occurs under normal daytime environmental conditions?\nChoose the best answer from the following options:\n0. H2O diffuses out of the leaf faster than CO2 enters.\n1. H2O diffuses out of the leaf slower than CO2 enters.\n2. CO2 diffuses out of the leaf faster than H2O enters.\n3. H2O exchanges with CO2 at equal rates.\nAnswer: ",
    "answer": 0
  },
  {
    "question": "Mutation of homeotic cluster genes often results in which of the following developmental defects in Drosophila?\nChoose the best answer from the following options:\n0. Absence of a group of contiguous segments\n1. Transformation of one segment into another\n2. Polarity defects in every segment along the anterior-posterior axis\n3. Tumor formation in imaginal discs\nAnswer: ",
    "answer": 1
  },
  {
    "question": "Which of the following about meiosis is NOT true?\nChoose the best answer from the following options:\n0. Meiosis produces two haploid gametes.\n1. Homologous chromosomes join during synapsis.\n2. Sister chromatids separate during meiosis I.\n3. Crossing-over increases genetic variation in gametes.\nAnswer: ",
    "answer": 2
  },
  {
    "question": "Both C4 and CAM plants employ physiological and biochemical strategies to reduce photorespiration. Which of the following is an accurate comparison of the two strategies?\nChoose the best answer from the following options:\n0. C4 plants fix CO2 as the 4-carbon acid oxaloacetate, while CAM plants fix CO2 as the 5-carbon acid ribulose 1, 5-bisphosphate.\n1. C4 plants fix CO2 in the mesophyll but carry out the Calvin cycle in the bundle sheath, while CAM plants fix CO2 and carry out the Calvin cycle in the mesophyll.\n2. C4 plants fix CO2 in the bundle sheath but carry out the Calvin cycle in the mesophyll, while CAM plants fix CO2 and carry out the Calvin cycle in the bundle sheath.\n3. C4 plants store CO2 as phosphoglycolate, while CAM plants store CO2 as oxaloacetate.\nAnswer: ",
    "answer": 1
  },
  {
    "question": "A trend toward the decrease in the size of plants on the slopes of mountains as altitudes increase is an example of\nChoose the best answer from the following options:\n0. a cline.\n1. a bottleneck.\n2. relative fitness.\n3. genetic drift.\nAnswer: ",
    "answer": 0
  },
  {
    "question": "When water evaporates from the surface of a pond, what happens to the remaining liquid water?\nChoose the best answer from the following options:\n0. The surface water cools.\n1. The surface water warms.\n2. The surface water temperature remains unchanged.\n3. The pH of the remaining water decreases.\nAnswer: ",
    "answer": 0
  },
  {
    "question": "Organisms in which of the following phyla have a true coelom?\nChoose the best answer from the following options:\n0. Platyhelminthes\n1. Porifera\n2. Annelida\n3. Nematoda\nAnswer: ",
    "answer": 1
  },
  {
    "question": "The Darwinian fitness of an individual is measured most directly by\nChoose the best answer from the following options:\n0. the number of its offspring that survive to reproduce.\n1. the number of \"good genes\" it possesses.\n2. the number of mates it attracts.\n3. its physical strength.\nAnswer: ",
    "answer": 0
  },
  {
    "question": "A reaction that includes energy as one of its reactants is called a(n)\nChoose the best answer from the following options:\n0. exergonic reaction.\n1. hydrolysis reaction.\n2. endergonic reaction.\n3. redox reaction.\nAnswer: ",
    "answer": 2
  },
  {
    "question": "According to the heterotroph hypothesis, which event had to occur before oxygen filled the atmosphere?\nChoose the best answer from the following options:\n0. Heterotrophs had to remove carbon dioxide from the air.\n1. Autotrophs, which make their own food, had to evolve.\n2. Heterotrophs had to evolve.\n3. Autotrophs had to convert atmospheric nitrogen to nitrate.\nAnswer: ",
    "answer": 1
  },
  {
    "question": "Which of the following is correct about organisms that are the first to colonize a habitat undergoing ecological succession?\nChoose the best answer from the following options:\n0. They are the fiercest competitors in the area.\n1. They maintain the habitat as it is for their own kind.\n2. They change the habitat in a way that makes it more habitable for other organisms.\n3. They are small invertebrates.\nAnswer: ",
    "answer": 2
  },
  {
    "question": "Two unrelated species evolve in a way that makes them more similar.\nChoose the best answer from the following options:\n0. Divergent evolution\n1. Convergent evolution\n2. Parallel evolution\n3. Coevolution\nAnswer: ",
    "answer": 1
  },
  {
    "question": "Which of the following best summarizes the process of allopatric speciation?\nChoose the best answer from the following options:\n0. differential changes in allele frequencies → reproductive isolation → reproductive barriers → new species\n1. catastrophic event → reproductive isolation → reproductive barriers → new species\n2. reproductive isolation → differential changes in allele frequencies → reproductive barriers → new species\n3. geographic isolation → reproductive isolation → differential changes in allele frequencies → reproductive barriers → new species\nAnswer: ",
    "answer": 3
  },
  {
    "question": "In a population of giraffes, an environmental change occurs that favors individuals that are tallest. As a result, more of the taller individuals are able to obtain nutrients and survive to pass along their genetic information. This is an example of\nChoose the best answer from the following options:\n0. directional selection.\n1. stabilizing selection.\n2. sexual selection.\n3. disruptive selection.\nAnswer: ",
    "answer": 0
  }
]