[
  {
    "question": "Let A and B be two sets of words (strings) from Σ*, for some alphabet of symbols Σ. Suppose that B is a subset of A. Which of the following statements must always be true of A and B ?\nI. If A is finite, then B is finite.\nII. If A is regular, then B is regular.\nIII. If A is context-free, then B is context-free.\nChoose the best answer from the following options:\n0. I only\n1. II only\n2. III only\n3. I and II only\nAnswer: ",
    "answer": 0
  },
  {
    "question": "At time 0, five jobs are available for execution on a single processor, with service times of 25, 15, 5, 3, and 2 time units. Which of the following is the minimum value of the average completion time of these jobs?\nChoose the best answer from the following options:\n0. 50\n1. 208/5\n2. 92/5\n3. 10\nAnswer: ",
    "answer": 2
  },
  {
    "question": "Array A contains 256 elements of 4 bytes each. Its first element is stored at physical address 4,096.\nArray B contains 512 elements of 4 bytes each. Its first element is stored at physical address 8,192.\nAssume that only arrays A and B can be cached in an initially empty, physically addressed, physically tagged, direct-mapped, 2K-byte cache with an 8-byte block size. The following loop is then executed.\nfor (i = 0; i < 256; i++)\n        A[i] = A[i] + B[2*i];\nDuring the execution of the loop, how many bytes will be written to memory if the cache has a write-back policy?\nChoose the best answer from the following options:\n0. 0\n1. 256\n2. 1024\n3. 2000\nAnswer: ",
    "answer": 0
  },
  {
    "question": "Which of the following language features requires that stack-based storage allocation be used rather than static allocation?\nChoose the best answer from the following options:\n0. Recursive procedures\n1. Arbitrary goto's\n2. Two-dimensional arrays\n3. Integer-valued functions\nAnswer: ",
    "answer": 0
  },
  {
    "question": "Let T be a depth-first search tree of a connected undirected graph G. For each vertex v of T, let pre(v) be the number of nodes visited up to and including v during a preorder traversal of T, and post(v) be the number of nodes visited up to and including v during a postorder traversal of T. The lowest common ancestor of vertices u and v in T is a vertex w of T such that w is an ancestor of both u and v, and no child of w is an ancestor of both u and v. Let (u, v) be an edge in G that is not in T, such that pre(u) < pre(v). Which of the following statements about u and v must be true?\nI. post(u) < post(v)\nII. u is an ancestor of v in T.\nIII. If w is the lowest common ancestor of u and v in T, then w = u.\nChoose the best answer from the following options:\n0. I only\n1. II only\n2. III only\n3. II and III\nAnswer: ",
    "answer": 3
  },
  {
    "question": "Which of the following is the name of the data structure in a compiler that is responsible for managing information about variables and their attributes?\nChoose the best answer from the following options:\n0. Abstract Syntax Tree (AST)\n1. Attribute Grammar\n2. Symbol Table\n3. Semantic Stack\nAnswer: ",
    "answer": 2
  },
  {
    "question": "Let G = (V, E) be a finite directed acyclic graph with |E| > 0. Which of the following must be true?\nI. G has a vertex with no incoming edge.\nII. G has a vertex with no outgoing edge.\nIII. G has an isolated vertex, that is, one with neither an incoming edge nor an outgoing edge.\nChoose the best answer from the following options:\n0. I only\n1. II only\n2. III only\n3. I and II only\nAnswer: ",
    "answer": 3
  },
  {
    "question": "Which of the following statements about datagrams sent by a node in a network using IPv4 protocol is (are) true?\nI. Datagrams at the source must be the size of the smallest maximum transmission unit (MTU) of all the links on a path to the destination.\nII. Datagrams may be fragmented during routing.\nIII. Datagrams are reassembled only at the destination.\nChoose the best answer from the following options:\n0. I only\n1. II only\n2. III only\n3. II and III\nAnswer: ",
    "answer": 3
  },
  {
    "question": "Bob writes down a number between 1 and 1,000. Mary must identify that number by asking \"yes/no\" questions of Bob. Mary knows that Bob always tells the truth. If Mary uses an optimal strategy, then she will determine the answer at the end of exactly how many questions in the worst case?\nChoose the best answer from the following options:\n0. 1,000\n1. 999\n2. 500\n3. 10\nAnswer: ",
    "answer": 3
  },
  {
    "question": "If p(x) is the minimal-degree interpolating polynomial for the real-valued function f(x) at the n + 1 distinct real numbers x0, .... xn what is the maximum possible degree of p(x)?\nChoose the best answer from the following options:\n0. n\n1. n + 1\n2. n + 2\n3. 2n\nAnswer: ",
    "answer": 0
  },
  {
    "question": "Which of the following pairs of 8-bit, two's-complement numbers will result in overflow when the members of the pairs are added?\nChoose the best answer from the following options:\n0. 11111111, 00000001\n1. 00000001, 10000000\n2. 11111111, 10000001\n3. 10000001, 10101010\nAnswer: ",
    "answer": 3
  },
  {
    "question": "An integer c is a common divisor of two integers x and y if and only if c is a divisor of x and c is a divisor of y. Which of the following sets of integers could possibly be the set of all common divisors of two integers?\nChoose the best answer from the following options:\n0. {-6,-2, -1, 1, 2, 6}\n1. {-6, -2, -1, 0, 1, 2, 6}\n2. {-6, -3, -2, -1, 1, 2, 3, 6}\n3. {-6, -3, -2, -1, 0, 1, 2, 3, 6}\nAnswer: ",
    "answer": 2
  },
  {
    "question": "The access matrix approach to protection has the difficulty that\nChoose the best answer from the following options:\n0. the matrix, if stored directly, is large and can be clumsy to manage\n1. it is not capable of expressing complex protection requirements\n2. deciding whether a process has access to a resource is undecidable\n3. there is no way to express who has rights to change the access matrix itself\nAnswer: ",
    "answer": 0
  },
  {
    "question": "The language {ww | w in (0 + 1)*} is\nChoose the best answer from the following options:\n0. not accepted by any Turing machine\n1. accepted by some Turing machine, but by no pushdown automaton\n2. accepted by some pushdown automaton, but not context-free\n3. context-free, but not regular\nAnswer: ",
    "answer": 1
  },
  {
    "question": "Resolution theorem proving for showing that a formula of propositional logic is not satisfiable has which of the following properties?\nI. It is a sound proof system in the sense that there does not exist a proof of the unsatisfiability of a satisfiable formula of propositional logic.\nII. It is a complete proof system in the sense that there is a proof of unsatisfiability for every unsa tisfiable formula of propositional logic.\nIII. It is a succinct proof system in the sense that whenever an unsatisfiable formula F of propositional logic has a resolution proof, F also has a proof whose length is polynomial in the length of F.\nChoose the best answer from the following options:\n0. I only\n1. III only\n2. I and II only\n3. I and III only\nAnswer: ",
    "answer": 2
  },
  {
    "question": "To compute the matrix product M_1M_2, where M_1 has p rows and q columns and where M_2 has q rows and r columns, takes time proportional to pqr, and the result is a matrix of p rows and r columns. Consider the product of three matrices N_1N_2N_3 that have, respectively, w rows and x columns, x rows and y columns, and y rows and z columns. Under what condition will it take less time to compute the product as (N_1N_2)N_3 (i.e., multiply the first two matrices first) than to compute it as N_1(N_2 N_3)?\nChoose the best answer from the following options:\n0. There is no such condition; i.e., they will always take the same time.\n1. 1/x + 1/z < 1/w + 1/y\n2. x > y\n3. 1/w + 1/x < 1/y + 1/z\nAnswer: ",
    "answer": 1
  },
  {
    "question": "Suppose that a certain software product has a mean time between failures of 10,000 hours and has a mean time to repair of 20 hours. If the product is used by 100 customers, what is its availability?\nChoose the best answer from the following options:\n0. 80%\n1. 90%\n2. 98%\n3. 99.80%\nAnswer: ",
    "answer": 3
  },
  {
    "question": "A particular parallel program computation requires 100 seconds when executed on a single processor. If 40 percent of this computation is \"inherently sequential\" (i.e., will not benefit from additional processors), then the theoretically best possible elapsed times for this program running with 2 and 4 processors, respectively, are\nChoose the best answer from the following options:\n0. 20 and 10 seconds\n1. 30 and 15 seconds\n2. 50 and 25 seconds\n3. 70 and 55 seconds\nAnswer: ",
    "answer": 3
  },
  {
    "question": "Many cryptographic protocols base their security on assumptions about the computational difficulty of integer factorization. Integer factorization serves this purpose because we believe that\nChoose the best answer from the following options:\n0. integer multiplication is a function whose inverse, factorization, remains difficult for a large class of inputs\n1. P = NP\n2. even if P = NP, integer factorization is still likely not to be polynomial-time computable\n3. testing primality is computationally intractable\nAnswer: ",
    "answer": 0
  },
  {
    "question": "Which of the following is not a sentence that is generated by the grammar A -> BC, B -> x|Bx, C -> B|D, D -> y|Ey, E -> z?\nChoose the best answer from the following options:\n0. xyz\n1. xy\n2. xxzy\n3. xxxxy\nAnswer: ",
    "answer": 0
  },
  {
    "question": "Two expressions E and F are said to be unifiable if there are substitutions for the variables of E and F that make the expressions lexically identical. In the following three expressions, only w, x, y, and z are variables.\nI. f(w,w)\nII. f(x,1)\nIII. f(y,g(z))\nWhich pairs of these expressions is (are) pairs of unifiable expressions?\nChoose the best answer from the following options:\n0. (I, II) only\n1. (I, III) only\n2. (II, III) only\n3. (I, II) and (I, III) only\nAnswer: ",
    "answer": 3
  },
  {
    "question": "Array A contains 256 elements of 4 bytes each. Its first element is stored at physical address 4,096.\nArray B contains 512 elements of 4 bytes each. Its first element is stored at physical address 8,192.\nAssume that only arrays A and B can be cached in an initially empty, physically addressed, physically tagged, direct-mapped, 2K-byte cache with an 8-byte block size. The following loop is then executed.\nfor (i = 0; i < 256; i++)\n        A[i] = A[i] + B[2*i];\nDuring the execution of the loop, how many bytes will be written to memory if the cache has a write-through policy?\nChoose the best answer from the following options:\n0. 0\n1. 256\n2. 1024\n3. 2048\nAnswer: ",
    "answer": 2
  },
  {
    "question": "Which of the following statements about a remote procedure call is true?\nChoose the best answer from the following options:\n0. It is used to call procedures with addresses that are farther than 2^16 bytes away.\n1. It cannot return a value.\n2. It cannot pass parameters by reference.\n3. It cannot call procedures implemented in a different language.\nAnswer: ",
    "answer": 2
  },
  {
    "question": "Which of the following sorting algorithms has average-case and worst-case running times of O(n log n)?\nChoose the best answer from the following options:\n0. Bubble sort\n1. Insertion sort\n2. Merge sort\n3. Quicksort\nAnswer: ",
    "answer": 2
  },
  {
    "question": "Of the following, which best approximates the ratio of the number of nonterminal nodes to the total number of nodes in a complete K-ary tree of depth N?\nChoose the best answer from the following options:\n0. 1/K\n1. K-1/K\n2. log_10 (1/N)\n3. N-1/m\nAnswer: ",
    "answer": 0
  },
  {
    "question": "In systems with support for automatic memory management, a garbage collector typically has the responsibility for reclaiming allocated memory objects whose contents cannot affect any future legal computation. Such objects are identified by determining that they cannot be reached from a root set. Which of the following is NOT part of the root set in a typical garbage collector?\nChoose the best answer from the following options:\n0. Actual parameters of the active procedures\n1. Dynamically allocated objects on the heap\n2. Global variables of the program\n3. Local variables on the call stack\nAnswer: ",
    "answer": 1
  },
  {
    "question": "In the Internet Protocol (IP) suite of protocols, which of the following best describes the purpose of the Address Resolution Protocol?\nChoose the best answer from the following options:\n0. To translate Web addresses to host names\n1. To determine the IP address of a given host name\n2. To determine the hardware address of a given host name\n3. To determine the hardware address of a given IP address\nAnswer: ",
    "answer": 3
  },
  {
    "question": "Which of the following is true of interrupts?\nChoose the best answer from the following options:\n0. They are generated when memory cycles are \"stolen\".\n1. They are used in place of data channels.\n2. They can indicate completion of an I/O operation.\n3. They cannot be generated by arithmetic operations.\nAnswer: ",
    "answer": 2
  },
  {
    "question": "You want to cluster 7 points into 3 clusters using the k-Means Clustering algorithm. Suppose after the first iteration, clusters C1, C2 and C3 contain the following two-dimensional points: C1 contains the 2 points: {(0,6), (6,0)} C2 contains the 3 points: {(2,2), (4,4), (6,6)} C3 contains the 2 points: {(5,5), (7,7)} What are the cluster centers computed for these 3 clusters?\nChoose the best answer from the following options:\n0. C1: (3,3), C2: (4,4), C3: (6,6)\n1. C1: (3,3), C2: (6,6), C3: (12,12)\n2. C1: (6,6), C2: (12,12), C3: (12,12)\n3. C1: (0,0), C2: (48,48), C3: (35,35)\nAnswer: ",
    "answer": 0
  },
  {
    "question": "Let T (n) be defined by T(1) = 7 and T(n + 1) = 3n + T(n) for all integers n ≥ 1. Which of the following represents the order of growth of T(n) as a function of n?\nChoose the best answer from the following options:\n0. Θ(n)\n1. Θ(n log n)\n2. Θ(n^2)\n3. Θ(n^2 log n)\nAnswer: ",
    "answer": 2
  },
  {
    "question": "Which of the following decimal numbers has an exact representation in binary notation?\nChoose the best answer from the following options:\n0. 0.1\n1. 0.2\n2. 0.3\n3. 0.5\nAnswer: ",
    "answer": 3
  },
  {
    "question": "\"Magic memory\"' has two operations: Read and Clear. Both are indivisible and mutually exclusive. Clear sets the magic memory to zero. Read returns a value that represents the number of Read operations since the last Clear operation. Which of the following is (are) true of \"Magic memory\"?\nI. It can provide the functionality of an atomic Test-and-Set.\nII. It can be used to coordinate processes running on a shared-memory multiprocessor.\nIII. It is only useful on a multiprocessor.\nChoose the best answer from the following options:\n0. I only\n1. II only\n2. III only\n3. I and II\nAnswer: ",
    "answer": 3
  },
  {
    "question": "A particular disk unit uses a bit string to record the occupancy or vacancy of its tracks, with O denoting vacant and 1 denoting occupied. A 32-bit segment of this string has the hexadecimal value D4FE2003. The percentage of occupied tracks for the corresponding part of the disk, to the nearest percent, is\nChoose the best answer from the following options:\n0. 12%\n1. 25%\n2. 38%\n3. 44%\nAnswer: ",
    "answer": 3
  },
  {
    "question": "Of the following problems concerning a given undirected graph G, which is currently known to be solvable in polynomial time?\nChoose the best answer from the following options:\n0. Finding a longest simple cycle in G\n1. Finding a shortest cycle in G\n2. Finding ALL spanning trees of G\n3. Finding a largest clique in G\nAnswer: ",
    "answer": 1
  },
  {
    "question": "Which of the following conditions can be expressed by a Boolean formula in the Boolean variables p_1, p_2, p_3, p_4 and the connectives ∧,∨ (without ¬)?\nI. At least three of p_1, p_2, p_3, p_4 are true.\nII. Exactly three of p_1, p_2, p_3, p_4 are true.\nIII. An even number of p_1, p_2, p_3, p_4 are true.\nChoose the best answer from the following options:\n0. I only\n1. II only\n2. III only\n3. I and III\nAnswer: ",
    "answer": 0
  },
  {
    "question": "Which of the following is NOT a property of bitmap graphics?\nChoose the best answer from the following options:\n0. Fast hardware exists to move blocks of pixels efficiently.\n1. Realistic lighting and shading can be done.\n2. All line segments can be displayed as straight.\n3. Polygons can be filled with solid colors and textures.\nAnswer: ",
    "answer": 2
  },
  {
    "question": "A major advantage of direct mapping of a cache is its simplicity. The main disadvantage of this organization is that\nChoose the best answer from the following options:\n0. it does not allow simultaneous access to the intended data and its tag\n1. it is more expensive than other types of cache organizations\n2. the cache hit ratio is degraded if two or more blocks used alternately map onto the same block frame in the cache\n3. its access time is greater than that of other cache organizations\nAnswer: ",
    "answer": 2
  },
  {
    "question": "Let M be a single-tape, deterministic Turing machine with tape alphabet {blank,0,1}, and let C denote the (possibly infinite) computation of M starting with a blank tape. The input to each problem below is M, together with a positive integer n. Which of the following problems is (are) decidable?\nI. The computation C lasts for at least n steps.\nII. The computation C lasts for at least n steps, and M prints a 1 at some point after the nth step.\nIII. M scans at least n distinct tape squares during the computation C.\nChoose the best answer from the following options:\n0. None\n1. III only\n2. I and II only\n3. I and III only\nAnswer: ",
    "answer": 3
  },
  {
    "question": "Consider a computer system in which processes can request and release one or more resources. Once a process has been granted a resource, the process has exclusive use of that resource until it is released. If a process requests a resource that is already in use, the process enters a queue for that resource, waiting until the resource is available. Which of the following will NOT deal effectively with the problem of deadlock?\nChoose the best answer from the following options:\n0. Giving priorities to processes and ordering the wait queues by priority\n1. Having a process request all its required resources when it first begins, and restarting if it cannot obtain them all\n2. Numbering the resources and requiring that processes request resources in order of increasing number\n3. Having processes time out and restart after a random interval of waiting\nAnswer: ",
    "answer": 0
  },
  {
    "question": "In multiprogrammed systems it is advantageous if some programs such as editors and compilers can be shared by several users. Which of the following must be true of multiprogrammed systems in order that a single copy of a program can be shared by several users?\nI. The program is a macro.\nII. The program is recursive.\nIII. The program is reentrant.\nChoose the best answer from the following options:\n0. I only\n1. II only\n2. III only\n3. II and III only\nAnswer: ",
    "answer": 2
  },
  {
    "question": "An Euler circuit of an undirected graph is a circuit in which each edge of the graph appears exactly once. Which of the following undirected graphs must have an Euler circuit?\nI. A complete graph with 12 vertices\nII. A complete graph with 13 vertices\nIII. A tree with 13 vertices\nChoose the best answer from the following options:\n0. I only\n1. II only\n2. III only\n3. I and II\nAnswer: ",
    "answer": 1
  },
  {
    "question": "Assume that any assignment statement can be executed in unit time. If as many identical processors as needed are used, what is the minimum number of time units needed to execute the assignments\nA := B + C\nB := A - B\nC := A * E\nD := A/F\nE := B - C\nF := A + B\nwith the same result as if the assignments were executed in the order shown?\nChoose the best answer from the following options:\n0. 1\n1. 2\n2. 3\n3. 4\nAnswer: ",
    "answer": 2
  },
  {
    "question": "Which of the following is (are) true about virtual memory systems that use pages?\nI. The virtual address space can be larger than the amount of physical memory.\nII. Programs must be resident in main memory throughout their execution.\nIII. Pages correspond to semantic characteristics of the program.\nChoose the best answer from the following options:\n0. I only\n1. II only\n2. I and II\n3. I and III\nAnswer: ",
    "answer": 0
  },
  {
    "question": "Let P be a procedure that for some inputs calls itself (i.e., is recursive). If P is guaranteed to terminate, which of the following statements must be true?\nI. P has a local variable.\nII. P has an execution path where it does not call itself.\nIII. P either refers to a global variable or has at least one parameter.\nChoose the best answer from the following options:\n0. I only\n1. II only\n2. I and II only\n3. II and III only\nAnswer: ",
    "answer": 3
  },
  {
    "question": "Mergesort works by splitting a list of n numbers in half, sorting each half recursively, and merging the two halves. Which of the following data structures will allow mergesort to work in O(n log n) time?\nI. A singly linked list\nII. A doubly linked list\nIII. An array\nChoose the best answer from the following options:\n0. None\n1. III only\n2. I and II only\n3. I, II, and III\nAnswer: ",
    "answer": 3
  },
  {
    "question": "Any set of Boolean operators that is sufficient to represent all Boolean expressions is said to be complete. Which of the following is NOT complete?\nChoose the best answer from the following options:\n0. {AND, NOT}\n1. {NOT, OR}\n2. {AND, OR}\n3. {NAND}\nAnswer: ",
    "answer": 2
  },
  {
    "question": "Of the following sorting algorithms, which has a running time that is LEAST dependent on the initial ordering of the input?\nChoose the best answer from the following options:\n0. Insertion sort\n1. Quicksort\n2. Merge sort\n3. Selection sort\nAnswer: ",
    "answer": 2
  },
  {
    "question": "The hit ratio of a cache memory is the percentage of accesses (reads and writes) for which data are found in the cache. Write-through is a policy whereby every write operation updates main memory. Write-back is a policy whereby a write operation to a line found in the cache does not affect main memory until the line is evicted from the cache. Write-allocation is a policy whereby a cache line is allocated and loaded on a write-miss. If it is assumed that write-allocation is always used, which of the following is true?\nChoose the best answer from the following options:\n0. Write-back usually results in a better hit ratio than write-through.\n1. Write-through usually results in a better hit ratio than write-back.\n2. The percentage of write operations resulting in a main memory operation will never be larger for write-back than for write-through.\n3. The percentage of write operations resulting in a main memory operation will never be larger for writethrough than for write-back.\nAnswer: ",
    "answer": 2
  },
  {
    "question": "Which of the following is usually NOT represented in a subroutine's activation record frame for a stack-based programming language?\nChoose the best answer from the following options:\n0. Values of local variables\n1. A heap area\n2. The return address\n3. Stack pointer for the calling activation record\nAnswer: ",
    "answer": 1
  },
  {
    "question": "Which of the following statements describe(s) properties of a purely segmented memory system?\nI. It divides memory into units of equal size.\nII. It permits implementation of virtual memory.\nIII. It suffers from internal fragmentation.\nChoose the best answer from the following options:\n0. I only\n1. II only\n2. III only\n3. I and III\nAnswer: ",
    "answer": 1
  }
]