[
  {
    "question": "In Python 3, what is the output of print list[1:3] if list = [ 'abcd', 786 , 2.23, 'john', 70.2 ]?\nChoose the best answer from the following options:\n0. [ 'abcd', 786 , 2.23, 'john', 70.2 ]\n1. abcd\n2. [786, 2.23]\n3. None of the above.\nAnswer: ",
    "answer": 2
  },
  {
    "question": "Which of the following is correct about Python?\nChoose the best answer from the following options:\n0. It supports automatic garbage collection.\n1. It can be easily integrated with C, C++, COM, ActiveX, CORBA, and Java.\n2. Both of the above.\n3. None of the above.\nAnswer: ",
    "answer": 2
  },
  {
    "question": "A digital photo file contains data representing the level of red, green, and blue for each pixel in the photo. The file also contains metadata that describe the date and geographic location where the photo was taken. For which of the following goals would analyzing the metadata be more appropriate than analyzing the data?\nChoose the best answer from the following options:\n0. Determining the likelihood that the photo is a picture of the sky\n1. Determining the likelihood that the photo was taken at a particular public event\n2. Determining the number of people that appear in the photo\n3. Determining the usability of the photo for projection onto a particular color background\nAnswer: ",
    "answer": 1
  },
  {
    "question": "A programmer wrote the code segment below to display the average of all the elements in a list called numbers. There is always at least one number in the list.\n Line 1: count ← 0\n Line 2: sum ← 0\n Line 3: FOR EACH value IN numbers\n Line 4: {\n Line 5: count ← count + 1\n Line 6: sum ← sum + value\n Line 7: average ← sum / count\n Line 8: }\n Line 9: DISPLAY (average)\n\n The programmer wants to reduce the number of operations that are performed when the program is run. Which change will result in a correct program with a reduced number of operations performed?\nChoose the best answer from the following options:\n0. Interchanging line 1 and line 2\n1. Interchanging line 5 and line 6\n2. Interchanging line 6 and line 7\n3. Interchanging line 7 and line 8\nAnswer: ",
    "answer": 3
  },
  {
    "question": "A search engine has a trend-tracking feature that provides information on how popular a search term is. The data can be filtered by geographic region, date, and category. Categories include arts and entertainment, computers and electronics, games, news, people and society, shopping, sports, and travel. Which of the following questions is LEAST likely to be answerable using the trends feature?\nChoose the best answer from the following options:\n0. In what month does a particular sport receive the most searches?\n1. In which political candidates are people interested?\n2. What is the cost of a certain electronics product?\n3. Which region of the country has the greatest number of people searching for opera performances?\nAnswer: ",
    "answer": 2
  },
  {
    "question": "Consider the following code segment.\n int num1 = value1, num2 = value2, num3 = value3;\n while (num1 > num2 || num1 > num3)\n {\n /* body of loop */\n }\n You may assume that value1, value2, and value3 are int values. Which of the following is sufficient to guarantee that /* body of loop */will never be executed?\nChoose the best answer from the following options:\n0. num1 < num2\n1. num1 < num3\n2. num1 > num2 && num1 > num3\n3. num1 < num2 && num1 < num3\nAnswer: ",
    "answer": 3
  },
  {
    "question": "Which of the following best explains how data is typically assembled in packets for transmission over the Internet?\nChoose the best answer from the following options:\n0. Each packet contains data to be transmitted, along with metadata containing information used for routing the data.\n1. Each packet contains an encrypted version of the data to be transmitted, along with metadata containing the key needed to decrypt the data.\n2. Each packet contains only the metadata used to establish a direct connection so that the data can be transmitted.\n3. Each packet contains multiple data files bundled together, along with metadata describing how to categorize each data file.\nAnswer: ",
    "answer": 0
  },
  {
    "question": "In the program below, y is a positive integer (e.g. l, 2, 3, ...).\n result ← 0\n REPEAT 3 TIMES {\n REPEAT y TIMES {\n result ← result + 1\n }\n }\nChoose the best answer from the following options:\n0. y+3\n1. 3y\n2. y^3\n3. 3^y\nAnswer: ",
    "answer": 1
  },
  {
    "question": "A sorted list of numbers contains 500 elements. Which of the following is closest to the maximum number of list elements that will be examined when performing a binary search for a value in the list?\nChoose the best answer from the following options:\n0. 10\n1. 50\n2. 250\n3. 500\nAnswer: ",
    "answer": 0
  },
  {
    "question": "Which of the following is a true statement about program documentation?\nChoose the best answer from the following options:\n0. Program documentation should not be changed after it is first written.\n1. Program documentation is only needed for programs in development; it is not needed after a program is completed.\n2. Program documentation is useful when programmers collaborate but not when a programmer works individually on a project.\n3. Program documentation is useful during initial program development and also when modifications are made to existing programs.\nAnswer: ",
    "answer": 3
  },
  {
    "question": "Which types of functions grow the slowest?\nChoose the best answer from the following options:\n0. O(log e^N)\n1. O(log N)\n2. O(log log N)\n3. O(N)\nAnswer: ",
    "answer": 2
  },
  {
    "question": "The algorithm below is used to simulate the results of flipping a coin 4 times. Consider the goal of determining Whether the simulation resulted in an equal number of heads and tails.\n\n   Step l : Initialize the variables heads_counter and f1ip_counter to 0.\n   Step 2 : A variable coin_f1ip is randomly assigned a value of either 0 or l.\n   If coin_f1ip has the value 0, the coin flip result is heads, so\n  heads_counter is incremented by 1.\n   Step 3 : Increment the value of f1ip_counter by l.\n   Step 4 : Repeat steps 2 and 3 until f1ip_counter equals 4.\n\n Following execution of the algorithm, which of the following expressions indicates that the simulation resulted in an equal number of heads and tails?\nChoose the best answer from the following options:\n0. coin_f1ip = 1\n1. flip_counter = 1\n2. flip_counter = 2\n3. heads_counter = 2\nAnswer: ",
    "answer": 3
  },
  {
    "question": "Suppose the characters 0,1, . . . ,8,9,A,B,C,D, E,F are used to represent a hexadecimal (base-16) number. Here A = 10, B = 11, . . . ,F = 15. What is the largest base-10 integer that can be represented with a two-digit hexadecimal number, such as 14 or 3A?\nChoose the best answer from the following options:\n0. 32\n1. 225\n2. 255\n3. 256\nAnswer: ",
    "answer": 2
  },
  {
    "question": "In Python 3, which of the following function checks in a string that all characters are in uppercase?\nChoose the best answer from the following options:\n0. isupper()\n1. join(seq)\n2. len(string)\n3. ljust(width[, fillchar])\nAnswer: ",
    "answer": 0
  },
  {
    "question": "A large data set contains information about all students majoring in computer science in colleges across the United States. The data set contains the following information about each student.\n   ° The student's gender\n   ° The state in which the student attends college\n   ° The student's grade point average on a 4.0 scale\n\n Which of the following questions could be answered by analyzing only information in the data set?\nChoose the best answer from the following options:\n0. Do students majoring in computer science tend to have higher grade point averages than students majoring in other subjects?\n1. How many states have a higher percentage of female computer science majors than male computer science majors attending college in that state?\n2. What percent of students attending college in a certain state are majoring in computer science?\n3. Which college has the highest number of students majoring in computer science?\nAnswer: ",
    "answer": 1
  },
  {
    "question": "If a, b, and c are integers, which of the following conditions is sufficient to guarantee that the expression a < c || a < b && !(a == c) evaluates to true?\nChoose the best answer from the following options:\n0. a < c\n1. a < b\n2. a > b\n3. a == b\nAnswer: ",
    "answer": 0
  },
  {
    "question": "A Web site uses several strategies to prevent unauthorized individuals from accessing user accounts. Which of the following is NOT an example of multifactor authentication?\nChoose the best answer from the following options:\n0. Each employee for a company is issued a USB device that contains a unique token code. To log into a company computer, an employee must insert the USB device into the computer and provide a correct password.\n1. After logging into an account from a new device, a user must enter a code that is sent via e-mail to the e-mail address on file with the account.\n2. In order to log into an account, a user must provide both a password and a fingerprint that is captured using the user’s device.\n3. When a user enters an incorrect password more than two times in a row, the user is locked out of the account for 24 hours.\nAnswer: ",
    "answer": 3
  },
  {
    "question": "A programmer is writing a program that is intended to be able to process large amounts of data. Which of the following considerations is LEAST likely to affect the ability of the program to process larger data sets?\nChoose the best answer from the following options:\n0. How long the program takes to run\n1. How many programming statements the program contains\n2. How much memory the program requires as it runs\n3. How much storage space the program requires as it runs\nAnswer: ",
    "answer": 1
  },
  {
    "question": "Consider the code segment below.\n Line 1: IF (a = 0)\n Line 2: {\n Line 3: b ← a + 10\n Line 4: }\n Line 5: ELSE\n Line 6: {\n Line 7: b ← a + 2O\n Line 8: }\n Which of the following changes will NOT affect the results when the code segment is executed?\nChoose the best answer from the following options:\n0. Changing line 3 to b ← 10\n1. Changing line 3 to a ← b + 10\n2. Changing line 7 to b ← 20\n3. Changing line 7 to a ← b + 10\nAnswer: ",
    "answer": 0
  },
  {
    "question": "Huffman coding assigns unique variable-length codes to input values based on the frequency of occurrence of each value. Frequently occurring values are assigned codes that contain fewer bits than values that occur less frequently, which are assigned codes that contain more bits. Which of the following best describes an appropriate use of Huffman coding?\nChoose the best answer from the following options:\n0. Decryption\n1. Efficient sorting\n2. Lossless compression\n3. Lossy compression\nAnswer: ",
    "answer": 2
  },
  {
    "question": "Consider the following code segment, which uses the variables r, s, and t.\n  r ← 1\n   s ← 2\n   t ← 3\n   r ← s\n   s ← t\n   DISPLAY (r)\n   DISPLAY (s)\n\n What is displayed as a result of running the code segment?\nChoose the best answer from the following options:\n0. 1 1\n1. 1 2\n2. 2 3\n3. 3 2\nAnswer: ",
    "answer": 2
  },
  {
    "question": "The boolean expression a[i] == max || !(max != a[i]) can be simplified to\nChoose the best answer from the following options:\n0. a[i] == max\n1. a[i] != max\n2. a[i] < max || a[i] > max\n3. FALSE\nAnswer: ",
    "answer": 0
  },
  {
    "question": "Each student that enrolls at a school is assigned a unique ID number, which is stored as a binary number. The ID numbers increase sequentially by 1 with each newly enrolled student. If the ID number assigned to the last student who enrolled was the binary number 1001 0011, what binary number will be assigned to the next student who enrolls?\nChoose the best answer from the following options:\n0. 1001 0100\n1. 1001 0111\n2. 1101 0100\n3. 1101 0111\nAnswer: ",
    "answer": 0
  },
  {
    "question": "Which of the following is a characteristic of the fault-tolerant nature of routing on the Internet?\nChoose the best answer from the following options:\n0. The ability to use a hierarchical naming system to avoid naming conflicts\n1. The ability to provide data transmission even when some connections have failed\n2. The ability to resolve errors in domain name system (DNS) lookups\n3. The ability to use multiple protocols such as hypertext transfer protocol (HTTP), Internet protocol (LP), and simple mail transfer protocol (SMTP) to transfer data\nAnswer: ",
    "answer": 1
  },
  {
    "question": "Let l = [1,2,2,3,4]. In Python3, what is a possible output of set(l)?\nChoose the best answer from the following options:\n0. {1}\n1. {1,2,2,3,4}\n2. {1,2,3,4}\n3. {4,3,2,2,1}\nAnswer: ",
    "answer": 2
  },
  {
    "question": "A large list of numbers is to be sorted into ascending order. Assuming that a “data movement” is a swap or reassignment of an element, which of the following is a true statement?\nChoose the best answer from the following options:\n0. If the array is initially sorted in descending order, then insertion sort will be more efficient than selection sort.\n1. The number of comparisons for selection sort is independent of the initial arrangement of elements.\n2. The number of comparisons for insertion sort is independent of the initial arrangement of elements.\n3. The number of data movements in selection sort depends on the initial arrangement of elements.\nAnswer: ",
    "answer": 1
  },
  {
    "question": "Of the following potential benefits, which is LEAST likely to be provided by the upgraded system?\nChoose the best answer from the following options:\n0. Human representatives will not be needed to respond to some inquiries.\n1. The company will be able to provide a human representative for any incoming call.\n2. Customers are likely to spend less time listening to information not relevant to their issue.\n3. Customers will be unable to mistakenly select the incorrect department for their particular issue.\nAnswer: ",
    "answer": 1
  },
  {
    "question": "Consider the following assumptions about electronic storage for the text in all the books of a university's libraries. - The libraries at the university collectively contain 3 million books. - A book contains an average of 400 pages. - A page contains an average of 50 lines. - A line on a page contains an average of 10 words. - A word contains an average of 5 letters/characters. - A letter/character is represented by 1 byte. Based on the given assumptions, which of the following is the unit in which the electronic storage required for the text in all the books of the university's libraries would best be measured?\nChoose the best answer from the following options:\n0. Megabyte ( 2^20 or approximately 10^6 bytes)\n1. Gigabyte ( 2^30 or approximately 10^9 bytes)\n2. Terabyte ( 2^40 or approximately 10^12 bytes)\n3. Petabyte ( 2^50 or approximately 10^15 bytes)\nAnswer: ",
    "answer": 2
  },
  {
    "question": "Which of the following best explains what happens when a new device is connected to the Internet?\nChoose the best answer from the following options:\n0. A device driver is assigned to the device.\n1. An Internet Protocol (IP) address is assigned to the device.\n2. A packet number is assigned to the device.\n3. A Web site is assigned to the device.\nAnswer: ",
    "answer": 1
  },
  {
    "question": "Are Python variable names case-sensitive?\nChoose the best answer from the following options:\n0. Yes\n1. No\n2. It's machine-dependent\n3. None of the above\nAnswer: ",
    "answer": 0
  },
  {
    "question": "The following procedure is intended to return the number of times the value val appears in the list myList. The procedure does not work as intended.\n Line 1: PROCEDURE countNumOccurences(myList, val)\n Line 2: {\n Line 3: FOR EACH item IN myList\n Line 4: {\n Line 5: count 0\n Line 6: IF(item = val)\n Line 7: {\n Line 8: count count + 1\n Line 9: }\n Line 10: }\n Line 11: RETURN(count)\n Line 12:}\n Which of the following changes can be made so that the procedure will work as intended?\nChoose the best answer from the following options:\n0. Changing line 6 to IF(item = count)\n1. Changing line 6 to IF(myList[item] = val)\n2. Moving the statement in line 5 so that it appears between lines 2 and 3\n3. Moving the statement in line 11 so that it appears between lines 9 and 10\nAnswer: ",
    "answer": 2
  },
  {
    "question": "In Python 3, which of the following function sets the integer starting value used in generating random numbers?\nChoose the best answer from the following options:\n0. choice(seq)\n1. randrange ([start,] stop [,step])\n2. random()\n3. seed([x])\nAnswer: ",
    "answer": 3
  },
  {
    "question": "In Python 3, what is ['a', 'Chemistry', 0, 1][-3]?\nChoose the best answer from the following options:\n0. a\n1. Chemistry\n2. 0\n3. 1\nAnswer: ",
    "answer": 1
  },
  {
    "question": "Which of the following spreadsheet functions would be most useful for detecting improbably high or low values that have become part of a data set as a result of data entry errors?\nChoose the best answer from the following options:\n0. A function that averages numeric values in a column or row\n1. A function that counts the values in a column or row\n2. A function that rounds a numeric value\n3. A function that sorts values in a column or row\nAnswer: ",
    "answer": 3
  },
  {
    "question": "In Python 3, what is the output of print tuple[0] if tuple = ( 'abcd', 786 , 2.23, 'john', 70.2 )?\nChoose the best answer from the following options:\n0. ( 'abcd', 786 , 2.23, 'john', 70.2 )\n1. abcd\n2. Error\n3. None of the above.\nAnswer: ",
    "answer": 1
  },
  {
    "question": "In the procedure Mystery below, the parameter number is a positive integer.\n\n PROCEDURE Mystery (number)\n {\n  REPEAT UNTIL (number <= 0)\n  {\n   number ← number - 2\n  }\n  IF (number = 0)\n  {\n   RETURN (true)\n  }\n  ELSE\n  {\n   RETURN (false)\n  }\n }\n\n Which of the following best describes the result of running the procedure Mystery?\nChoose the best answer from the following options:\n0. The procedure returns true when the initial value of number is 2, and it otherwise returns false.\n1. The procedure returns true when the initial value of number is greater than 2, and it otherwise returns false.\n2. The procedure returns true when the initial value of number is even, and it otherwise returns false.\n3. The procedure returns true when the initial value of number is odd, and it otherwise returns false.\nAnswer: ",
    "answer": 2
  },
  {
    "question": "An online store uses 6-bit binary sequences to identify each unique item for sale. The store plans to increase the number of items it sells and is considering using 7-bit binary sequences. Which of the following best describes the result of using 7-bit sequences instead of 6- bit sequences?\nChoose the best answer from the following options:\n0. 2 more items can be uniquely identified.\n1. 10 more items can be uniquely identified.\n2. 2 times as many items can be uniquely identified.\n3. 10 times as many items can be uniquely identified.\nAnswer: ",
    "answer": 2
  },
  {
    "question": "What is the value of this python expression: 4 + 3 % 2?\nChoose the best answer from the following options:\n0. 1\n1. 6\n2. 4\n3. 5\nAnswer: ",
    "answer": 3
  },
  {
    "question": "The code fragment below is intended to display \"odd\" if the positive number num is odd.\n IF (<MISSING CONDITION>)\n DISPLAY “odd”\n\n Which of the following can be used to replace <MISSING CONDITION> so that the code fragment will work as intended?\nChoose the best answer from the following options:\n0. (num MOD 1) = 0\n1. (num MOD 1) = 1\n2. (num MOD 2 ) = 0\n3. (num MOD 2) = 1\nAnswer: ",
    "answer": 3
  },
  {
    "question": "Which of the following school policies is most likely to have a positive impact on the digital divide?\nChoose the best answer from the following options:\n0. A school allows students to bring a graphing calculator from home to complete in-class mathematics assignments.\n1. A school allows students to bring a tablet computer to class every day to participate in graded quizzes.\n2. A school provides a laptop or tablet computer to all students enrolled at the school.\n3. A school recommends that all students purchase a computer with as much processing speed as possible so that projects run faster.\nAnswer: ",
    "answer": 2
  },
  {
    "question": "A computer simulation is created to simulate the growth of a certain plant species in different conditions. Which of the following actions could be used to validate the model used in the simulation?\nChoose the best answer from the following options:\n0. Express the simulation software using both recursive and iterative algorithms. Compare the results of the recursive algorithm to those of the iterative algorithm.\n1. Perform real-world experiments on the plant species' growth in different environments. Compare the experimental results to the results provided by the simulation.\n2. Remove any unnecessary details from the model. Compare the running times of the original simulation and the simplified simulation.\n3. Run the simulation software on multiple devices. Compare the results obtained from each of the devices.\nAnswer: ",
    "answer": 1
  },
  {
    "question": "An algorithm will be used to identify the maximum value in a list of one or more integers. Consider the two versions of the algorithm below.\n\n Algorithm I :  Set the value of a variable max to -1. Iterate through the list of integer\n   values. If a data value is greater than the value of the variable max, set\n  max to the data value.\n Algorithm II : Set the value of a variable max to the first data value. Iterate through the\n   remaining values in the list of integers. If a data value is greater than the\n   value of the variable max, set max to the data value.\n\n Which of the following statements best describes the behavior of the two algorithms?\nChoose the best answer from the following options:\n0. Both algorithms work correctly on all input values.\n1. Algorithm I always works correctly, but Algorithm II only works correctly when the maximum value is not the first value in the list.\n2. Algorithm II always works correctly, but Algorithm I only works correctly when the maximum value is greater than or equal to -l.\n3. Neither algorithm will correctly identify the maximum value when the input contains both positive and negative input values.\nAnswer: ",
    "answer": 3
  },
  {
    "question": "Let x = 1. What is x << 3 in Python 3?\nChoose the best answer from the following options:\n0. 1\n1. 3\n2. 8\n3. 16\nAnswer: ",
    "answer": 2
  },
  {
    "question": "A user enters a Web address in a browser, and a request for a file is sent to a Web server. Which of the following best describes how the file is sent to the user?\nChoose the best answer from the following options:\n0. The file is broken into packets for transmission. The packets must be reassembled upon receipt.\n1. The file is broken into packets for transmission. The user's browser must request each packet in order until all packets are received.\n2. The server attempts to connect directly to the user's computer. If the connection is successful, the entire file is sent. If the connection is unsuccessful, an error message is sent to the user.\n3. The server repeatedly attempts to connect directly to the user's computer until a connection is made. Once the connection is made, the entire file is sent.\nAnswer: ",
    "answer": 0
  },
  {
    "question": "A computer program uses 3 bits to represent integers. When the program adds the decimal (base 10) numbers 5 and 3, the result is 0. Which of the following is the best explanation for the result?\nChoose the best answer from the following options:\n0. An overflow error occurred.\n1. A round-off error occurred.\n2. The result was affected by lossy data compression.\n3. The result was approximated by a floating-point representation.\nAnswer: ",
    "answer": 0
  },
  {
    "question": "What is the output of the statement \"a\" + \"ab\" in Python 3?\nChoose the best answer from the following options:\n0. Error\n1. aab\n2. ab\n3. a ab\nAnswer: ",
    "answer": 1
  },
  {
    "question": "A sorted list of 120 integers is to be searched to determine whether the value 100 is in the list. Assuming that the most efficient searching algorithm is used, what is the maximum number of elements that must be examined?\nChoose the best answer from the following options:\n0. 7\n1. 8\n2. 20\n3. 100\nAnswer: ",
    "answer": 0
  },
  {
    "question": "In Python 3, which of the following function convert a string to an int in python?\nChoose the best answer from the following options:\n0. int(x [,base])\n1. long(x [,base] )\n2. float(x)\n3. str(x)\nAnswer: ",
    "answer": 0
  },
  {
    "question": "Which of the following best describes the primary way in which a distributed denial-ofservice (D D o S) attack differs from a denial-ofservice (D o S) attack?\nChoose the best answer from the following options:\n0. The goal of the attack\n1. The number of computers being attacked\n2. The number of computers launching the attack\n3. The time period in which the attack occurs\nAnswer: ",
    "answer": 2
  },
  {
    "question": "Two lists, list1 and list2, contain the names of books found in two different collections. A librarian wants to create newList, which will contain the names of all books found in either list, in alphabetical order, with duplicate entries removed.\n\n For example, if 1istl contains\n [\"Macbeth\", \"Frankenstein\", \"Jane Eyre\"]\n and 1ist2 contains\n [\"Frankenstein\", \"Dracula, \"Macbeth\", \"Hamlet\"],\n then newList will contain\n [\"Dracula\", \"Frankenstein\", \"Hamlet\", \"Jane Eyre\", \"Macbeth\"].\n\n The following procedures are available to create newList.\n Procedure\n Explanation\n Sort (list)\n Sorts list in alphabetical order and returns the resulting list.\n Combine (listl, list2)\n Creates a new list consisting of the entries from\n list1 followed by the entries from list2. The resulting list is returned.\n RemoveDuplicates (list)\n Iterates through list. If any two or more entries have the same value, the duplicate entries are removed so that any entry appears at most once. The resulting list is returned.\n\n Which of the following code segments will correctly create newList?\nChoose the best answer from the following options:\n0. newList ← Combine (listl, list2)\n newList ← Sort (newList)\n newList ← RemoveDup1icates (newList)\n1. listl ← Sort (listl)\n list2 ← Sort (list2)\n newList ← Combine (listl, list2)\n newList ← RemoveDuplicates (newList)\n2. listl ← RemoveDuplicates (listl)\n list2 ← RemoveDuplicates (list2)\n newList ← Combine (listl, 1ist2)\n newList ← Sort (newList)\n3. listl ← RemoveDuplicates (listl)\n listl ← Sort (listl)\n list2 ← RemoveDuplicates (list2)\n 1ist2 ← Sort (list2)\n newList ← Combine (listl, list2)\nAnswer: ",
    "answer": 0
  }
]